date,temp_mean,temp_max,temp_min,precipitation,wind_speed_mean,wind_speed_max,humidity_mean,solar_radiation,wind_sin,wind_cos,day_of_year,month,year,lag_1,lag_7,lag_30,lag_365,rolling_7,rolling_30,sin_day,cos_day,pm2.5 concentration,season
2022-01-01,7.9,14.2,2.9,0.0,1.2,5.1,81.0,6.5,-0.7071067811865475,-0.7071067811865477,1,1,2022,62.0,62.0,62.0,42.8,62.0,62.0,0.0172133561558346,0.9998518392091162,62.0,0
2022-01-02,6.3,11.5,3.5,0.0,0.8,2.7,84.0,4.5,-0.7071067811865475,-0.7071067811865477,2,1,2022,62.0,62.0,62.0,38.4,62.0,62.0,0.0344216116227457,0.9994074007397048,62.0,0
2022-01-03,6.3,9.0,3.5,0.0,0.9,3.5,84.0,3.1,0.3826834323650898,0.9238795325112868,3,1,2022,62.0,62.0,62.0,36.0,62.0,62.0,0.0516196672232537,0.998666816288476,62.0,0
2022-01-04,6.4,7.6,5.1,0.0,0.9,2.5,98.0,0.6,0.3826834323650898,0.9238795325112868,4,1,2022,62.0,62.0,62.0,32.4,62.0,62.0,0.0688024268023198,0.9976303053065856,62.0,0
2022-01-05,7.5,10.4,5.8,0.4,1.0,5.4,85.0,4.6,-0.3826834323650896,-0.9238795325112868,5,1,2022,62.0,62.0,62.0,29.6,62.0,62.0,0.0859647987374464,0.9962981749346078,62.0,0
2022-01-06,5.3,9.4,1.5,0.0,1.0,4.4,50.0,6.6,-0.3826834323650896,-0.9238795325112868,6,1,2022,62.0,62.0,62.0,30.4,62.0,62.0,0.1031016974474348,0.9946708199115212,62.0,0
2022-01-07,3.4,7.6,0.8,0.0,0.9,3.1,64.0,6.9,0.0,1.0,7,1,2022,62.0,62.0,62.0,30.6,62.0,62.0,0.1202080448993527,0.9927487224577402,62.0,0
2022-01-08,1.8,6.5,-2.1,0.0,1.1,4.6,79.0,7.0,0.9238795325112868,0.3826834323650898,8,1,2022,62.0,62.0,62.0,27.4,62.0,62.0,0.1372787721132647,0.9905324521322229,62.0,0
2022-01-09,3.0,8.2,-1.6,0.0,1.0,4.5,75.0,7.1,-0.3826834323650896,-0.9238795325112868,9,1,2022,62.0,62.0,62.0,28.2,62.0,62.0,0.1543088206642811,0.9880226656636976,62.0,0
2022-01-10,3.1,8.4,-1.6,0.0,1.4,5.8,73.0,7.0,-0.3826834323650896,-0.9238795325112868,10,1,2022,62.0,62.0,62.0,18.2,62.0,62.0,0.1712931441814776,0.9852201067560606,62.0,0
2022-01-11,4.6,9.7,0.6,0.0,1.1,6.1,49.0,7.6,-0.3826834323650896,-0.9238795325112868,11,1,2022,62.0,62.0,62.0,26.0,62.0,62.0,0.1882267098432442,0.9821256058680006,62.0,0
2022-01-12,3.5,7.9,-0.2,0.0,0.9,4.2,57.0,7.6,0.0,1.0,12,1,2022,62.0,62.0,62.0,36.4,62.0,62.0,0.2051044998686192,0.9787400799669153,62.0,0
2022-01-13,4.0,9.2,0.0,0.0,1.0,3.7,58.0,7.4,-0.3826834323650896,-0.9238795325112868,13,1,2022,62.0,62.0,62.0,39.8,62.0,62.0,0.2219215130041655,0.9750645322571948,43.0,0
2022-01-14,5.8,11.7,0.3,0.0,1.2,4.3,52.0,7.7,-0.7071067811865475,-0.7071067811865477,14,1,2022,43.0,62.0,60.53846153846154,39.0,59.285714285714285,60.53846153846154,0.2386727660059501,0.9711000518829505,44.0,0
2022-01-15,6.9,12.9,2.1,0.0,1.0,4.1,55.0,7.6,-0.7071067811865475,-0.7071067811865477,15,1,2022,44.0,62.0,59.35714285714285,45.2,56.71428571428572,59.35714285714285,0.255353295116187,0.9668478136052776,45.0,0
2022-01-16,6.3,11.2,2.8,0.0,1.0,4.2,60.0,7.7,-0.7071067811865475,-0.7071067811865477,16,1,2022,45.0,62.0,58.4,40.8,54.285714285714285,58.4,0.2719581575341055,0.9623090774541486,41.0,0
2022-01-17,7.3,13.9,1.9,0.0,1.2,4.5,52.0,8.1,-0.7071067811865475,-0.7071067811865477,17,1,2022,41.0,62.0,57.3125,30.2,51.285714285714285,57.3125,0.288482432880609,0.9574851883550392,42.0,0
2022-01-18,6.4,11.0,1.6,0.0,1.2,4.7,56.0,7.7,0.3826834323650898,0.9238795325112868,18,1,2022,42.0,62.0,56.41176470588236,29.2,48.42857142857143,56.41176470588236,0.304921224656289,0.9523775757303974,34.0,0
2022-01-19,4.2,7.2,1.9,0.0,0.9,3.7,72.0,6.2,-0.7071067811865475,-0.7071067811865477,19,1,2022,34.0,62.0,55.16666666666666,20.4,44.42857142857143,55.16666666666666,0.3212696616923644,0.9469877530760752,57.0,0
2022-01-20,5.2,11.2,0.9,0.0,1.1,4.1,63.0,8.4,-0.3826834323650896,-0.9238795325112868,20,1,2022,57.0,43.0,55.26315789473684,22.8,43.71428571428572,55.26315789473684,0.3375228995941133,0.9413173175128472,58.0,0
2022-01-21,4.3,10.6,-0.4,0.0,1.3,4.5,63.0,8.4,-0.7071067811865475,-0.7071067811865477,21,1,2022,58.0,44.0,55.4,28.4,45.85714285714285,55.4,0.3536761221763716,0.9353679493131484,42.0,0
2022-01-22,2.6,7.9,-2.7,0.0,1.6,5.7,74.0,8.1,-0.3826834323650896,-0.9238795325112868,22,1,2022,42.0,45.0,54.76190476190476,32.6,45.57142857142857,54.76190476190476,0.3697245428906731,0.9291414114031744,44.0,0
2022-01-23,3.9,8.7,0.5,0.0,1.2,4.7,72.0,7.9,0.7071067811865476,0.7071067811865476,23,1,2022,44.0,41.0,54.27272727272727,33.6,45.42857142857143,54.27272727272727,0.385663406243607,0.9226395488404876,56.0,0
2022-01-24,2.8,8.1,-0.7,0.0,1.1,3.8,79.0,7.9,0.9238795325112868,0.3826834323650898,24,1,2022,56.0,42.0,54.34782608695652,32.8,47.57142857142857,54.34782608695652,0.401487989205973,0.9158642882672872,72.0,0
2022-01-25,0.5,1.9,-0.8,0.0,1.2,3.7,97.0,1.2,-0.7071067811865475,-0.7071067811865477,25,1,2022,72.0,34.0,55.083333333333336,33.2,51.85714285714285,55.083333333333336,0.4171936026123168,0.9088176373395028,48.0,0
2022-01-26,0.7,6.0,-1.7,0.0,1.3,4.1,94.0,7.8,-0.3826834323650896,-0.9238795325112868,26,1,2022,48.0,57.0,54.8,31.4,53.85714285714285,54.8,0.4327755925504312,0.901501684131884,38.0,0
2022-01-27,1.1,7.1,-2.5,0.0,1.1,3.9,91.0,9.4,0.9238795325112868,0.3826834323650898,27,1,2022,38.0,58.0,54.15384615384615,34.4,51.142857142857146,54.15384615384615,0.4482293417404106,0.893918596519257,43.0,0
2022-01-28,5.8,14.2,-0.8,0.0,1.3,5.8,64.0,9.8,-0.3826834323650896,-0.9238795325112868,28,1,2022,43.0,42.0,53.74074074074074,27.0,49.0,53.74074074074074,0.4635502709028509,0.886070621534138,38.0,0
2022-01-29,6.3,11.4,1.4,0.0,1.0,3.9,53.0,9.3,0.7071067811865476,0.7071067811865476,29,1,2022,38.0,44.0,53.17857142857143,31.2,48.42857142857143,53.17857142857143,0.4787338401157884,0.8779600847008882,34.0,0
2022-01-30,8.2,15.0,1.9,0.0,1.5,5.2,55.0,10.1,-0.7071067811865475,-0.7071067811865477,30,1,2022,34.0,56.0,52.51724137931034,31.8,47.0,52.51724137931034,0.4937755501599771,0.869589389346611,33.0,0
2022-01-31,7.0,16.4,1.6,0.0,2.4,15.5,60.0,7.2,-0.9238795325112866,0.38268343236509,31,1,2022,33.0,72.0,62.0,33.8,43.71428571428572,51.86666666666667,0.5086709438521044,0.8609610158889943,27.0,0
2022-02-01,8.1,12.4,3.3,0.0,1.4,6.1,31.0,10.3,-0.3826834323650896,-0.9238795325112868,32,2,2022,27.0,48.0,62.0,26.4,37.285714285714285,50.7,0.5234156073655503,0.8520775211013093,11.0,0
2022-02-02,10.0,17.5,4.0,0.0,1.4,7.0,40.0,10.5,-0.3826834323650896,-0.9238795325112868,33,2,2022,11.0,38.0,62.0,26.4,32.0,49.0,0.5380051715382996,0.8429415373547828,18.0,0
2022-02-03,8.9,12.5,6.0,0.0,1.2,5.2,59.0,8.9,0.3826834323650898,0.9238795325112868,34,2,2022,18.0,43.0,62.0,24.0,29.142857142857142,47.53333333333333,0.5524353131676196,0.8335557718385699,31.0,0
2022-02-04,7.9,12.6,4.9,0.0,0.9,3.7,70.0,9.0,-0.3826834323650896,-0.9238795325112868,35,2,2022,31.0,38.0,62.0,26.6,27.428571428571427,46.5,0.5667017562911176,0.8239230057575542,44.0,0
2022-02-05,8.0,14.8,3.4,0.0,1.1,4.7,73.0,10.1,0.0,1.0,36,2,2022,44.0,34.0,62.0,26.0,28.285714285714285,45.9,0.5808002734538009,0.8140460935082178,56.0,0
2022-02-06,4.4,7.2,2.8,0.0,1.4,5.3,98.0,4.5,-0.3826834323650896,-0.9238795325112868,37,2,2022,56.0,33.0,62.0,31.6,31.428571428571427,45.7,0.5947266869607634,0.8039279618328213,55.0,0
2022-02-07,11.5,17.4,2.5,0.0,2.5,14.5,34.0,11.3,-0.7071067811865475,-0.7071067811865477,38,2,2022,55.0,27.0,62.0,25.2,34.57142857142857,45.46666666666667,0.6084768701151261,0.7935716089521474,12.0,0
2022-02-08,8.5,15.4,3.2,0.0,1.2,5.0,34.0,11.6,-0.7071067811865475,-0.7071067811865477,39,2,2022,12.0,11.0,62.0,26.4,32.42857142857143,43.8,0.6220467484408675,0.7829801036770629,20.0,0
2022-02-09,8.6,14.5,3.7,0.0,0.8,4.1,52.0,11.0,0.7071067811865476,0.7071067811865476,40,2,2022,20.0,18.0,62.0,20.2,33.714285714285715,42.4,0.6354323008901774,0.7721565844991642,30.0,0
2022-02-10,8.2,12.7,4.7,0.0,0.8,3.1,63.0,7.2,0.7071067811865476,0.7071067811865476,41,2,2022,30.0,31.0,62.0,20.6,35.42857142857143,41.333333333333336,0.6486295610349814,0.7611042586607747,32.0,0
2022-02-11,8.4,12.8,4.7,0.0,1.2,4.2,71.0,8.2,-0.3826834323650896,-0.9238795325112868,42,2,2022,32.0,44.0,62.0,26.0,35.57142857142857,40.333333333333336,0.6616346182422783,0.7498264012045686,36.0,0
2022-02-12,6.2,8.7,4.2,4.2,1.3,5.4,70.0,4.7,0.7071067811865476,0.7071067811865476,43,2,2022,36.0,56.0,43.0,25.8,34.42857142857143,39.46666666666667,0.6744436188329455,0.7383263540031065,23.0,0
2022-02-13,5.4,10.1,1.4,0.0,1.1,3.5,59.0,11.9,0.9238795325112868,0.3826834323650898,44,2,2022,23.0,55.0,44.0,23.2,29.714285714285715,38.8,0.6870527672236669,0.7266075247685656,22.0,0
2022-02-14,4.6,6.9,2.4,0.2,1.3,4.1,63.0,3.6,0.9238795325112868,0.3826834323650898,45,2,2022,22.0,12.0,45.0,23.8,25.0,38.06666666666667,0.699458327051647,0.7146733860429609,22.0,0
2022-02-15,5.4,11.4,1.9,0.0,1.5,5.4,78.0,9.5,-0.3826834323650896,-0.9238795325112868,46,2,2022,22.0,20.0,41.0,29.8,26.428571428571427,37.3,0.7116566222817746,0.7025274741691571,35.0,0
2022-02-16,4.5,9.9,-0.1,0.0,1.2,3.7,82.0,10.7,0.3826834323650898,0.9238795325112868,47,2,2022,35.0,30.0,42.0,29.6,28.571428571428573,37.1,0.7236440382959124,0.6901733882429719,38.0,0
2022-02-17,9.3,18.4,2.9,0.0,1.0,5.2,64.0,12.8,-0.3826834323650896,-0.9238795325112868,48,2,2022,38.0,32.0,34.0,28.8,29.714285714285715,36.96666666666667,0.7354170229639855,0.6776147890466889,42.0,0
2022-02-18,6.1,8.7,2.3,0.0,1.5,6.7,94.0,2.3,0.7071067811865476,0.7071067811865476,49,2,2022,42.0,36.0,57.0,30.0,31.142857142857142,37.23333333333333,0.7469720876965552,0.6648553979642865,54.0,0
2022-02-19,9.6,12.9,6.8,0.0,1.4,4.4,84.0,7.8,-0.3826834323650896,-0.9238795325112868,50,2,2022,54.0,23.0,58.0,30.8,33.714285714285715,37.13333333333333,0.7583058084785624,0.6518989958787126,54.0,0
2022-02-20,10.1,17.0,3.9,0.0,0.9,3.5,68.0,12.8,0.9238795325112868,0.3826834323650898,51,2,2022,54.0,22.0,42.0,31.2,38.142857142857146,37.0,0.7694148268839378,0.6387494220515272,54.0,0
2022-02-21,10.4,15.9,5.9,0.0,2.8,14.2,50.0,13.3,-1.0,-1.8369701987210292e-16,52,2,2022,54.0,22.0,44.0,33.8,42.71428571428572,37.4,0.7802958510707755,0.6254105729852463,54.0,0
2022-02-22,11.6,17.2,5.6,0.0,1.6,7.7,31.0,14.4,0.9238795325112868,0.3826834323650898,53,2,2022,54.0,35.0,56.0,28.4,47.285714285714285,37.73333333333333,0.7909456567567772,0.6118864012687243,5.0,0
2022-02-23,11.8,18.8,5.5,0.0,1.1,4.4,36.0,14.4,-0.3826834323650896,-0.9238795325112868,54,2,2022,5.0,38.0,72.0,22.2,43.0,36.03333333333333,0.8013610881746766,0.5981809144059165,14.0,0
2022-02-24,9.5,13.2,6.5,0.0,1.2,4.1,51.0,10.4,0.9238795325112868,0.3826834323650898,55,2,2022,14.0,42.0,48.0,23.2,39.57142857142857,34.1,0.8115390590073611,0.5842981736283684,14.0,0
2022-02-25,9.5,15.2,4.5,0.0,1.6,9.0,45.0,13.7,0.9238795325112868,0.3826834323650898,56,2,2022,14.0,54.0,38.0,23.6,35.57142857142857,32.96666666666667,0.8214765533024142,0.5702422926917871,14.0,0
2022-02-26,8.9,15.3,3.4,0.0,1.4,6.0,22.0,15.8,-0.3826834323650896,-0.9238795325112868,57,2,2022,14.0,54.0,43.0,18.8,29.857142857142858,32.166666666666664,0.8311706263658079,0.5560174366570446,14.0,0
2022-02-27,7.1,11.5,3.4,0.0,1.3,4.8,33.0,15.3,0.7071067811865476,0.7071067811865476,58,2,2022,14.0,54.0,38.0,13.4,24.142857142857142,31.2,0.8406184056344782,0.5416278206559814,14.0,0
2022-02-28,7.5,13.9,1.3,0.0,1.2,6.5,32.0,15.8,-0.7071067811865475,-0.7071067811865477,59,2,2022,14.0,54.0,34.0,16.8,18.428571428571427,30.4,0.8498170915275278,0.5270777086423722,14.0,0
2022-03-01,5.8,9.2,3.8,0.0,1.6,8.0,42.0,9.8,0.3826834323650898,0.9238795325112868,60,3,2022,14.0,5.0,33.0,20.8,12.714285714285714,29.73333333333333,0.8587639582758029,0.5123714121284237,14.0,1
2022-03-02,6.8,11.6,1.9,0.0,0.9,4.7,44.0,14.4,-0.3826834323650896,-0.9238795325112868,61,3,2022,14.0,14.0,27.0,17.8,14.0,29.1,0.8674563547295969,0.4975132889071806,14.0,1
2022-03-03,9.2,14.2,5.2,0.0,1.1,4.5,45.0,15.2,0.9238795325112868,0.3826834323650898,62,3,2022,14.0,14.0,11.0,18.6,14.0,28.666666666666668,0.8758917051442429,0.4825077417612184,14.0,1
2022-03-04,8.1,12.2,3.5,0.0,1.6,6.5,59.0,11.8,0.9238795325112868,0.3826834323650898,63,3,2022,14.0,14.0,18.0,18.8,14.0,28.766666666666666,0.8840675099433636,0.4673592171580022,14.0,1
2022-03-05,6.9,9.4,4.2,0.0,1.9,7.6,53.0,10.1,0.3826834323650898,0.9238795325112868,64,3,2022,14.0,14.0,31.0,23.2,14.0,28.633333333333333,0.8919813464595485,0.4520722039323043,14.0,1
2022-03-06,5.8,9.3,3.1,0.0,1.5,4.5,45.0,13.9,0.9238795325112868,0.3826834323650898,65,3,2022,14.0,14.0,44.0,23.8,14.0,28.066666666666663,0.8996308696522433,0.436651231956064,14.0,1
2022-03-07,5.7,10.5,0.8,0.0,1.1,4.8,46.0,15.9,0.9238795325112868,0.3826834323650898,66,3,2022,14.0,14.0,56.0,22.0,14.0,27.066666666666663,0.907013812802636,0.4211008707960896,14.0,1
2022-03-08,4.6,7.1,1.9,0.0,1.6,5.8,55.0,6.8,0.3826834323650898,0.9238795325112868,67,3,2022,14.0,14.0,55.0,21.8,14.0,25.666666666666668,0.9141279881853336,0.4054257283599973,14.0,1
2022-03-09,6.5,12.4,0.9,0.0,1.0,4.3,50.0,16.3,-0.3826834323650896,-0.9238795325112868,68,3,2022,14.0,14.0,12.0,24.2,14.0,24.3,0.9209712877166346,0.3896304495307879,14.0,1
2022-03-10,8.5,14.7,2.7,0.0,1.0,3.9,46.0,15.5,0.7071067811865476,0.7071067811865476,69,3,2022,14.0,14.0,20.0,26.2,14.0,24.366666666666667,0.9275416835791966,0.373719714790469,48.0,1
2022-03-11,7.4,9.8,4.3,0.0,1.8,7.2,57.0,7.4,0.3826834323650898,0.9238795325112868,70,3,2022,48.0,14.0,30.0,14.6,18.857142857142858,25.3,0.9338372288229252,0.3576982388331254,33.0,1
2022-03-12,6.1,7.8,5.0,0.0,1.7,6.2,56.0,2.7,0.3826834323650898,0.9238795325112868,71,3,2022,33.0,14.0,32.0,17.8,21.571428571428573,25.4,0.9398560579418954,0.3415707691678556,33.0,1
2022-03-13,6.8,8.7,4.5,0.0,1.3,5.3,57.0,7.0,0.0,1.0,72,3,2022,33.0,14.0,36.0,19.4,24.285714285714285,25.433333333333334,0.9455963874271426,0.3253420847119801,33.0,1
2022-03-14,7.9,10.6,4.5,1.6,1.3,5.0,59.0,10.1,-0.3826834323650896,-0.9238795325112868,73,3,2022,33.0,14.0,23.0,12.6,27.0,25.33333333333333,0.9510565162951536,0.3090169943749474,33.0,1
2022-03-15,9.2,11.8,7.1,0.6,0.9,3.2,79.0,5.8,0.9238795325112868,0.3826834323650898,74,3,2022,33.0,14.0,22.0,9.8,29.714285714285715,25.666666666666668,0.9562348265919056,0.2926003356333483,33.0,1
2022-03-16,10.6,15.1,7.0,0.0,1.1,5.0,74.0,9.8,-0.3826834323650896,-0.9238795325112868,75,3,2022,33.0,14.0,22.0,14.4,32.42857142857143,26.03333333333333,0.9611297838723007,0.2760969730974688,33.0,1
2022-03-17,10.3,11.5,8.8,0.6,1.2,3.9,85.0,2.5,-0.3826834323650895,0.9238795325112868,76,3,2022,33.0,48.0,35.0,17.4,35.142857142857146,26.4,0.9657399376548548,0.2595117970697999,33.0,1
2022-03-18,11.7,13.5,9.6,0.0,1.3,5.1,63.0,6.2,0.7071067811865476,0.7071067811865476,77,3,2022,33.0,33.0,38.0,17.2,33.0,26.33333333333333,0.9700639218515072,0.2428497220959356,33.0,1
2022-03-19,10.8,15.4,7.2,0.0,1.6,6.3,47.0,17.6,0.9238795325112868,0.3826834323650898,78,3,2022,33.0,33.0,42.0,18.8,33.0,26.166666666666668,0.9741004551724204,0.2261156855082882,33.0,1
2022-03-20,9.6,13.3,5.6,0.0,1.4,5.8,34.0,18.4,0.7071067811865476,0.7071067811865476,79,3,2022,33.0,33.0,54.0,21.6,33.0,25.866666666666667,0.9778483415056568,0.2093146459630484,33.0,1
2022-03-21,9.7,13.9,6.7,0.0,1.2,4.5,39.0,16.1,0.9238795325112868,0.3826834323650898,80,3,2022,33.0,33.0,54.0,24.4,33.0,25.166666666666668,0.9813064702716092,0.1924515819708299,33.0,1
2022-03-22,9.9,15.0,3.9,0.0,1.2,5.5,38.0,19.3,0.7071067811865476,0.7071067811865476,81,3,2022,33.0,33.0,54.0,22.4,33.0,24.466666666666665,0.9844738167520922,0.1755314904214282,33.0,1
2022-03-23,12.1,18.2,4.8,0.0,1.0,4.7,28.0,20.2,0.9238795325112868,0.3826834323650898,82,3,2022,33.0,33.0,54.0,21.8,33.0,23.766666666666666,0.9873494423939864,0.1585593851031347,33.0,1
2022-03-24,14.2,21.9,6.9,0.0,0.8,4.4,25.0,20.4,-0.3826834323650896,-0.9238795325112868,83,3,2022,33.0,33.0,5.0,17.0,33.0,23.066666666666663,0.989932495087353,0.141540295217043,33.0,1
2022-03-25,14.5,21.0,8.0,0.0,1.0,5.1,25.0,19.7,0.7071067811865476,0.7071067811865476,84,3,2022,33.0,33.0,14.0,9.75,33.0,24.0,0.9922222094179324,0.1244792638867891,23.0,1
2022-03-26,14.3,20.5,8.0,0.0,1.1,5.5,25.0,19.8,0.3826834323650898,0.9238795325112868,85,3,2022,23.0,33.0,14.0,10.5,31.571428571428573,24.3,0.994217906893952,0.107381346664163,23.0,1
2022-03-27,14.8,19.3,9.7,0.0,0.8,4.5,28.0,14.1,0.7071067811865476,0.7071067811865476,86,3,2022,23.0,33.0,14.0,14.5,30.142857142857142,24.6,0.995918996147179,0.0902516100310411,37.0,1
2022-03-28,15.4,21.5,8.8,0.0,1.1,5.4,27.0,19.9,-0.7071067811865475,-0.7071067811865477,87,3,2022,37.0,33.0,14.0,14.0,30.714285714285715,25.366666666666667,0.9973249731081556,0.0730951298980777,35.0,1
2022-03-29,13.8,18.8,9.1,0.0,1.6,6.1,40.0,18.1,0.3826834323650898,0.9238795325112868,88,3,2022,35.0,33.0,14.0,16.75,31.0,26.066666666666663,0.9984354211555644,0.0559169901006034,35.0,1
2022-03-30,10.0,11.3,9.0,5.0,1.6,5.5,83.0,3.6,0.7071067811865476,0.7071067811865476,89,3,2022,35.0,33.0,14.0,13.75,31.285714285714285,26.766666666666666,0.9992500112396836,0.0387222808921744,24.0,1
2022-03-31,12.0,16.0,8.9,0.4,1.5,6.5,73.0,18.1,-0.3826834323650896,-0.9238795325112868,90,3,2022,24.0,33.0,14.0,12.75,30.0,27.1,0.9997685019798908,0.0215160974362222,20.0,1
2022-04-01,9.5,16.0,5.9,0.6,2.2,9.3,66.0,13.3,-0.3826834323650896,-0.9238795325112868,91,4,2022,20.0,23.0,14.0,5.75,28.142857142857142,27.3,0.99999073973619,0.0043035382962442,6.0,1
2022-04-02,6.3,9.1,3.8,2.2,1.9,6.8,68.0,7.3,-0.3826834323650896,-0.9238795325112868,92,4,2022,6.0,23.0,14.0,5.75,25.714285714285715,27.03333333333333,0.999916658654738,-0.0129102960750088,5.0,1
2022-04-03,8.2,11.9,5.1,0.0,1.4,5.7,52.0,16.0,0.9238795325112868,0.3826834323650898,93,4,2022,5.0,37.0,14.0,7.75,23.142857142857142,26.73333333333333,0.9995462806873572,-0.0301203048469081,9.0,1
2022-04-04,8.7,12.4,6.0,0.0,1.1,4.3,62.0,10.9,0.0,1.0,94,4,2022,9.0,35.0,14.0,11.5,19.142857142857142,26.566666666666663,0.9988797155850336,-0.0473213883224318,21.0,1
2022-04-05,11.9,18.9,5.3,0.0,1.2,6.2,49.0,23.0,-0.7071067811865475,-0.7071067811865477,95,4,2022,21.0,35.0,14.0,15.0,17.142857142857142,26.8,0.9979171608653922,-0.0645084494493162,25.0,1
2022-04-06,12.2,16.0,6.8,0.0,1.4,3.8,58.0,15.6,0.7071067811865476,0.7071067811865476,96,4,2022,25.0,24.0,14.0,14.0,15.714285714285714,27.166666666666668,0.9966589017541702,-0.0816763953304224,23.0,1
2022-04-07,15.4,22.3,8.2,0.0,2.7,14.4,46.0,21.4,-0.9238795325112866,0.38268343236509,97,4,2022,23.0,20.0,14.0,11.0,15.571428571428571,27.466666666666665,0.9951053111006976,-0.0988201387328714,11.0,1
2022-04-08,17.6,24.8,10.4,0.0,3.1,14.5,42.0,22.7,-0.9238795325112868,-0.3826834323650895,98,4,2022,11.0,6.0,14.0,8.5,14.285714285714286,27.366666666666667,0.9932568492674144,-0.1159345995955004,8.0,1
2022-04-09,15.3,19.2,9.9,0.0,3.7,13.8,16.0,25.4,-0.9238795325112866,0.38268343236509,99,4,2022,8.0,5.0,48.0,12.0,14.571428571428571,27.166666666666668,0.9911140639934548,-0.1330147065341959,5.0,1
2022-04-10,11.3,16.9,4.0,0.0,1.6,6.5,35.0,25.0,0.9238795325112868,0.3826834323650898,100,4,2022,5.0,9.0,33.0,11.25,14.571428571428571,25.73333333333333,0.9886775902323404,-0.1500553983446526,6.0,1
2022-04-11,12.5,17.8,6.3,0.0,1.7,5.8,41.0,23.1,0.7071067811865476,0.7071067811865476,101,4,2022,6.0,21.0,33.0,11.5,14.142857142857142,24.83333333333333,0.9859481499638304,-0.1670516255021192,16.0,1
2022-04-12,14.5,19.0,8.9,0.0,1.0,4.6,43.0,18.7,0.9238795325112868,0.3826834323650898,102,4,2022,16.0,25.0,33.0,13.25,13.428571428571429,24.266666666666666,0.9829265519799822,-0.18399835165768,19.0,1
2022-04-13,16.2,21.1,11.1,0.0,1.3,5.1,38.0,22.0,0.9238795325112868,0.3826834323650898,103,4,2022,19.0,23.0,33.0,12.75,12.571428571428571,23.8,0.97961369164549,-0.200890555130635,24.0,1
2022-04-14,17.8,23.9,11.4,0.0,1.1,5.5,36.0,23.7,0.7071067811865476,0.7071067811865476,104,4,2022,24.0,11.0,33.0,12.25,12.714285714285714,23.5,0.9760105506323684,-0.2177232303965317,22.0,1
2022-04-15,19.8,27.0,12.5,0.0,0.9,3.9,35.0,23.1,0.7071067811865476,0.7071067811865476,105,4,2022,22.0,8.0,33.0,10.5,14.285714285714286,23.133333333333333,0.9721181966290612,-0.2344913895704098,22.0,1
2022-04-16,19.3,25.2,14.4,0.0,2.0,10.0,40.0,23.0,0.7071067811865476,0.7071067811865476,106,4,2022,22.0,5.0,33.0,10.5,16.285714285714285,22.766666666666666,0.9679377830240642,-0.2511900638848193,18.0,1
2022-04-17,14.9,20.2,11.1,0.0,2.3,8.9,42.0,23.3,0.7071067811865476,0.7071067811865476,107,4,2022,18.0,6.0,33.0,7.0,18.142857142857142,22.266666666666666,0.9634705485641488,-0.2678143051621742,9.0,1
2022-04-18,14.7,20.0,10.4,0.0,1.5,5.3,34.0,25.5,0.7071067811865476,0.7071067811865476,108,4,2022,9.0,16.0,33.0,7.0,18.571428571428573,21.466666666666665,0.9587178169872964,-0.2843591872810034,11.0,1
2022-04-19,15.0,21.2,9.1,0.0,1.6,5.9,46.0,23.8,0.3826834323650898,0.9238795325112868,109,4,2022,11.0,19.0,33.0,8.25,17.857142857142858,20.73333333333333,0.9536809966304456,-0.3008198076356673,15.0,1
2022-04-20,11.1,13.3,9.2,0.4,1.7,6.6,77.0,2.7,0.0,1.0,110,4,2022,15.0,24.0,33.0,9.5,17.285714285714285,20.133333333333333,0.9483615800121716,-0.3171912885891061,20.0,1
2022-04-21,11.5,12.7,10.1,0.6,1.4,4.6,68.0,4.0,0.0,1.0,111,4,2022,20.0,22.0,33.0,8.75,16.714285714285715,19.7,0.9427611433904208,-0.3334687789181868,19.0,1
2022-04-22,14.0,18.7,9.4,0.4,1.8,5.1,67.0,15.1,-0.3826834323650896,-0.9238795325112868,112,4,2022,19.0,22.0,33.0,9.0,16.285714285714285,19.23333333333333,0.9368813462954316,-0.3496474552512284,13.0,1
2022-04-23,12.3,14.3,9.7,8.0,2.2,7.1,84.0,4.8,0.3826834323650898,0.9238795325112868,113,4,2022,13.0,18.0,33.0,9.0,15.0,18.566666666666663,0.9307239310379796,-0.3657225234972689,11.0,1
2022-04-24,12.5,16.3,8.9,0.0,1.6,5.5,70.0,15.5,0.7071067811865476,0.7071067811865476,114,4,2022,11.0,9.0,23.0,5.5,14.0,17.833333333333332,0.9242907221930932,-0.3816892202666588,6.0,1
2022-04-25,14.9,19.4,10.6,0.0,1.2,4.6,64.0,16.9,0.0,1.0,115,4,2022,6.0,11.0,23.0,6.75,13.571428571428571,17.266666666666666,0.9175836260593936,-0.3975428142825559,9.0,1
2022-04-26,15.7,20.5,11.7,0.0,1.5,5.5,66.0,16.8,0.9238795325112868,0.3826834323650898,116,4,2022,9.0,15.0,37.0,7.0,13.285714285714286,16.8,0.9106046300942162,-0.4132786077829042,10.0,1
2022-04-27,17.2,21.9,12.6,0.0,1.4,5.0,56.0,21.8,0.9238795325112868,0.3826834323650898,117,4,2022,10.0,20.0,35.0,8.5,12.571428571428571,15.9,0.9033558023246844,-0.4288919379124835,11.0,1
2022-04-28,18.3,23.5,14.2,0.0,1.7,5.2,43.0,25.9,0.7071067811865476,0.7071067811865476,118,4,2022,11.0,19.0,35.0,9.0,11.285714285714286,15.1,0.895839290734909,-0.4443781781046132,9.0,1
2022-04-29,17.9,22.3,13.9,0.0,1.4,5.7,44.0,24.1,0.9238795325112868,0.3826834323650898,119,4,2022,9.0,13.0,24.0,8.5,9.857142857142858,14.233333333333333,0.8880573226294932,-0.4597327394521039,13.0,1
2022-04-30,16.9,20.5,13.5,0.0,1.8,7.6,43.0,21.5,0.9238795325112868,0.3826834323650898,120,4,2022,13.0,11.0,20.0,12.0,9.857142857142858,13.866666666666667,0.8800122039735357,-0.4749510720670499,16.0,1
2022-05-01,17.2,22.8,12.2,0.0,1.4,6.9,45.0,24.1,0.9238795325112868,0.3826834323650898,121,5,2022,16.0,6.0,6.0,10.5,10.571428571428571,13.733333333333333,0.8717063187093218,-0.4900286664290592,16.0,1
2022-05-02,17.5,22.5,12.7,0.0,1.4,6.3,50.0,21.2,0.7071067811865476,0.7071067811865476,122,5,2022,16.0,9.0,5.0,9.5,12.0,14.066666666666666,0.8631421280499114,-0.5049610547215204,16.0,1
2022-05-03,16.2,19.6,14.3,7.8,1.4,9.5,61.0,14.2,1.0,6.123233995736766e-17,123,5,2022,16.0,10.0,9.0,8.75,13.0,14.433333333333334,0.854322169749827,-0.5197438121555155,9.0,1
2022-05-04,16.0,20.6,13.6,6.4,1.6,5.9,70.0,16.7,0.9238795325112868,0.3826834323650898,124,5,2022,9.0,11.0,21.0,8.75,12.857142857142858,14.433333333333334,0.8452490573530633,-0.5343725582809786,10.0,1
2022-05-05,13.4,15.4,11.7,12.0,1.7,6.5,83.0,5.0,0.3826834323650898,0.9238795325112868,125,5,2022,10.0,9.0,25.0,8.0,12.714285714285714,14.066666666666666,0.8359254794186372,-0.548842958284719,7.0,1
2022-05-06,13.2,15.0,11.5,8.4,1.5,4.8,84.0,8.0,0.0,1.0,126,5,2022,7.0,13.0,23.0,7.75,12.428571428571429,13.466666666666669,0.8263541987239096,-0.5631507242749186,5.0,1
2022-05-07,15.3,19.4,12.5,4.6,1.2,6.6,77.0,15.2,-0.3826834323650896,-0.9238795325112868,127,5,2022,5.0,16.0,11.0,6.0,11.285714285714286,12.866666666666667,0.8165380514459161,-0.5772916165517272,5.0,1
2022-05-08,16.0,20.5,13.2,8.6,1.2,5.1,79.0,16.6,0.9238795325112868,0.3826834323650898,128,5,2022,5.0,16.0,8.0,7.25,9.714285714285714,12.666666666666666,0.8064799463209448,-0.5912614448635781,6.0,1
2022-05-09,18.8,23.4,14.6,0.0,0.8,5.4,62.0,19.8,-0.7071067811865475,-0.7071067811865477,129,5,2022,6.0,16.0,5.0,8.5,8.285714285714286,12.6,0.7961828637826158,-0.6050560696488488,9.0,1
2022-05-10,20.5,26.0,14.1,0.0,1.1,6.0,54.0,27.1,-0.3826834323650896,-0.9238795325112868,130,5,2022,9.0,9.0,6.0,9.0,7.285714285714286,12.733333333333333,0.7856498550787147,-0.6186714032625031,12.0,1
2022-05-11,22.2,27.7,16.2,0.0,1.2,5.0,51.0,26.2,0.9238795325112868,0.3826834323650898,131,5,2022,12.0,10.0,16.0,9.75,7.714285714285714,12.933333333333334,0.7748840413670407,-0.6321034111873487,14.0,1
2022-05-12,22.1,28.0,16.9,0.0,1.5,6.0,58.0,26.9,-0.7071067811865475,-0.7071067811865477,132,5,2022,14.0,7.0,19.0,9.5,8.285714285714286,12.866666666666667,0.7638886127905428,-0.6453481132295501,14.0,1
2022-05-13,22.0,26.9,17.3,0.0,1.5,6.2,62.0,18.1,-0.3826834323650896,-0.9238795325112868,133,5,2022,14.0,5.0,24.0,8.75,9.285714285714286,12.7,0.7526668275320085,-0.6584015846980488,13.0,1
2022-05-14,23.0,27.7,17.1,7.8,1.3,6.3,58.0,19.5,0.9238795325112868,-0.3826834323650897,134,5,2022,13.0,5.0,22.0,8.25,10.428571428571429,12.333333333333334,0.7412220108485958,-0.6712599575675313,12.0,1
2022-05-15,23.0,27.5,19.1,0.0,1.4,7.1,56.0,18.4,-0.3826834323650896,-0.9238795325112868,135,5,2022,12.0,6.0,22.0,9.75,11.428571428571429,12.0,0.7295575540864875,-0.6839194216246106,13.0,1
2022-05-16,23.6,29.0,18.0,0.0,1.2,5.7,55.0,23.8,0.9238795325112868,0.3826834323650898,136,5,2022,13.0,9.0,18.0,8.5,12.428571428571429,11.7,0.717676913675962,-0.6963762255968722,12.0,1
2022-05-17,24.5,30.2,18.3,0.0,1.2,5.0,52.0,27.2,0.9238795325112868,0.3826834323650898,137,5,2022,12.0,12.0,9.0,8.25,12.857142857142858,11.5,0.705583610107178,-0.7086266782644596,13.0,1
2022-05-18,24.4,29.5,19.5,0.4,2.0,6.9,53.0,25.0,0.9238795325112868,0.3826834323650898,138,5,2022,13.0,14.0,11.0,8.75,13.0,11.633333333333333,0.6932812268869777,-0.7206671495538609,14.0,1
2022-05-19,23.8,27.8,20.4,0.0,1.8,6.6,44.0,26.0,0.7071067811865476,0.7071067811865476,139,5,2022,14.0,14.0,15.0,8.75,13.0,11.733333333333333,0.6807734094770161,-0.7324940716135789,10.0,1
2022-05-20,24.2,29.1,18.9,0.0,1.6,5.8,52.0,23.6,-0.3826834323650896,-0.9238795325112868,140,5,2022,10.0,13.0,20.0,7.25,12.428571428571429,11.566666666666666,0.6680638642135335,-0.7441039398713607,14.0,1
2022-05-21,25.3,31.8,19.0,0.0,2.0,6.4,57.0,27.8,-0.3826834323650896,-0.9238795325112868,141,5,2022,14.0,12.0,19.0,7.5,12.571428571428571,11.366666666666667,0.6551563572090853,-0.7554933140726803,14.0,1
2022-05-22,24.4,29.4,20.3,0.0,1.6,6.6,63.0,20.2,0.9238795325112868,0.3826834323650898,142,5,2022,14.0,13.0,13.0,9.75,12.857142857142858,11.2,0.6420547132365637,-0.766658819300159,15.0,1
2022-05-23,23.5,27.6,20.0,0.0,1.4,5.7,65.0,15.5,1.0,6.123233995736766e-17,143,5,2022,15.0,12.0,11.0,9.75,13.142857142857142,11.266666666666667,0.6287628145958344,-0.7775971469736269,12.0,1
2022-05-24,21.0,26.3,17.7,1.0,1.9,12.3,63.0,18.1,0.9238795325112868,0.3826834323650898,144,5,2022,12.0,13.0,6.0,9.5,13.142857142857142,11.3,0.6152845999633276,-0.7883050558305255,12.0,1
2022-05-25,20.1,23.0,17.5,0.2,1.5,5.6,72.0,13.6,0.9238795325112868,0.3826834323650898,145,5,2022,12.0,14.0,9.0,9.5,13.0,11.5,0.6016240632249226,-0.7987793728863649,11.0,1
2022-05-26,22.8,27.3,17.7,0.0,1.3,6.8,61.0,23.5,0.9238795325112868,0.3826834323650898,146,5,2022,11.0,10.0,10.0,10.25,12.571428571428571,11.566666666666666,0.5877852522924732,-0.8090169943749473,13.0,1
2022-05-27,25.2,30.9,19.1,0.0,1.1,5.0,54.0,26.2,1.0,6.123233995736766e-17,147,5,2022,13.0,14.0,11.0,11.75,13.0,11.666666666666666,0.5737722679043246,-0.8190148866680801,14.0,1
2022-05-28,24.6,30.5,16.6,0.0,2.6,14.3,48.0,28.5,0.7071067811865476,0.7071067811865476,148,5,2022,14.0,14.0,9.0,11.5,13.0,11.766666666666667,0.5595892624101765,-0.8287700871745038,14.0,1
2022-05-29,16.3,18.3,13.5,0.0,2.5,9.5,64.0,9.0,0.3826834323650898,0.9238795325112868,149,5,2022,14.0,15.0,13.0,9.25,13.0,11.933333333333334,0.545240438540651,-0.8382797052177744,8.0,1
2022-05-30,16.9,19.2,14.4,0.0,1.8,5.4,62.0,11.0,0.9238795325112868,0.3826834323650898,150,5,2022,8.0,12.0,16.0,11.5,12.0,11.766666666666667,0.5307300481619334,-0.8475409228928311,8.0,1
2022-05-31,19.6,22.7,16.0,0.0,1.2,4.4,58.0,15.1,0.0,1.0,151,5,2022,8.0,12.0,16.0,13.0,11.428571428571429,11.5,0.5160623910158528,-0.8565509959010036,12.0,1
2022-06-01,22.0,25.8,17.3,0.0,1.2,6.4,57.0,17.7,0.9238795325112868,0.3826834323650898,152,6,2022,12.0,11.0,16.0,14.0,11.428571428571429,11.366666666666667,0.5012418134457758,-0.865307254363206,13.0,2
2022-06-02,24.7,29.3,19.6,0.0,1.3,5.7,54.0,22.4,0.7071067811865476,0.7071067811865476,153,6,2022,13.0,13.0,9.0,10.5,11.714285714285714,11.266666666666667,0.4862727071086899,-0.8738071036110808,12.0,2
2022-06-03,21.6,23.3,20.4,2.0,1.7,6.5,75.0,8.2,0.7071067811865476,0.7071067811865476,154,6,2022,12.0,14.0,10.0,11.5,11.571428571428571,11.366666666666667,0.4711595076738638,-0.8820480249558537,16.0,2
2022-06-04,24.5,29.1,20.0,0.0,1.2,4.6,62.0,20.0,-0.3826834323650896,-0.9238795325112868,155,6,2022,16.0,14.0,7.0,10.25,11.857142857142858,11.566666666666666,0.4559066935084588,-0.8900275764346767,13.0,2
2022-06-05,25.0,30.3,21.3,0.0,1.8,9.1,61.0,23.9,0.7071067811865476,0.7071067811865476,156,6,2022,13.0,8.0,5.0,11.25,11.714285714285714,11.766666666666667,0.440518784350495,-0.8977433935342337,13.0,2
2022-06-06,25.1,30.2,19.5,0.0,1.6,6.2,55.0,23.1,0.9238795325112868,0.3826834323650898,157,6,2022,13.0,8.0,5.0,11.25,12.428571428571429,12.033333333333331,0.4250003399695541,-0.9051931898913974,10.0,2
2022-06-07,24.1,27.8,20.5,0.0,2.2,7.8,56.0,29.4,0.7071067811865476,0.7071067811865476,158,6,2022,10.0,12.0,6.0,9.25,12.714285714285714,12.2,0.4093559588156213,-0.9123747579707272,9.0,2
2022-06-08,22.5,26.2,19.2,0.0,1.7,6.5,56.0,16.8,0.7071067811865476,0.7071067811865476,159,6,2022,9.0,13.0,9.0,11.25,12.285714285714286,12.3,0.3935902766564667,-0.9192859697186104,8.0,2
2022-06-09,23.5,29.4,17.3,0.0,1.9,11.0,38.0,25.5,0.9238795325112868,0.3826834323650898,160,6,2022,8.0,12.0,12.0,14.25,11.571428571428571,12.266666666666667,0.3777079652039649,-0.9259247771938498,5.0,2
2022-06-10,24.2,30.2,16.6,0.0,1.6,6.0,23.0,31.8,0.9238795325112868,0.3826834323650898,161,6,2022,5.0,16.0,14.0,12.75,10.571428571428571,12.033333333333331,0.3617137307297676,-0.9322892131745132,5.0,2
2022-06-11,25.7,32.0,18.2,0.0,1.5,5.5,31.0,30.6,0.9238795325112868,0.3826834323650898,162,6,2022,5.0,13.0,14.0,13.25,9.0,11.733333333333333,0.3456123126707335,-0.938377391740864,7.0,2
2022-06-12,27.0,33.4,20.0,0.0,1.4,5.2,37.0,29.5,0.7071067811865476,0.7071067811865476,163,6,2022,7.0,13.0,13.0,14.0,8.142857142857142,11.5,0.3294084822245304,-0.9441875088341992,10.0,2
2022-06-13,27.8,33.2,22.1,0.0,1.9,6.5,40.0,29.6,0.9238795325112868,0.3826834323650898,164,6,2022,10.0,10.0,12.0,13.0,7.714285714285714,11.4,0.3131070409358269,-0.9497178427914316,11.0,2
2022-06-14,26.6,30.6,23.0,0.0,2.3,8.1,46.0,27.3,0.7071067811865476,0.7071067811865476,165,6,2022,11.0,9.0,13.0,15.5,7.857142857142857,11.366666666666667,0.2967128192734907,-0.9549667548552552,14.0,2
2022-06-15,26.7,30.4,23.2,0.0,1.8,6.2,51.0,20.5,0.3826834323650898,0.9238795325112868,166,6,2022,14.0,8.0,12.0,16.5,8.571428571428571,11.4,0.2802306751992158,-0.9599326896597448,16.0,2
2022-06-16,29.2,34.9,23.8,0.0,1.5,5.7,51.0,27.8,0.7071067811865476,0.7071067811865476,167,6,2022,16.0,5.0,13.0,18.5,9.714285714285714,11.533333333333331,0.263665492728007,-0.9646141756912436,20.0,2
2022-06-17,29.3,34.3,24.4,0.0,1.7,6.2,45.0,27.6,0.9238795325112868,0.3826834323650898,168,6,2022,20.0,5.0,14.0,18.5,11.857142857142858,11.766666666666667,0.2470221804809355,-0.9690098257244062,19.0,2
2022-06-18,28.0,32.0,23.8,0.0,2.2,7.3,46.0,26.7,0.9238795325112868,0.3826834323650898,169,6,2022,19.0,7.0,10.0,18.0,13.857142857142858,11.933333333333334,0.2303056702306122,-0.973118337233262,16.0,2
2022-06-19,28.1,32.4,24.1,0.0,2.0,6.7,44.0,26.2,0.7071067811865476,0.7071067811865476,170,6,2022,16.0,10.0,14.0,17.75,15.142857142857142,12.133333333333333,0.2135209154397961,-0.9769384927771816,16.0,2
2022-06-20,28.5,33.7,23.9,0.0,1.7,6.5,40.0,28.5,0.9238795325112868,0.3826834323650898,171,6,2022,16.0,11.0,14.0,17.5,16.0,12.2,0.1966728897935764,-0.980469160361632,15.0,2
2022-06-21,27.4,32.3,23.1,0.0,1.4,5.4,57.0,18.2,1.0,6.123233995736766e-17,172,6,2022,15.0,14.0,15.0,17.75,16.571428571428573,12.233333333333333,0.1797665857255624,-0.9837092937736096,15.0,2
2022-06-22,23.4,24.9,20.4,1.4,1.8,11.4,72.0,12.4,0.3826834323650898,0.9238795325112868,173,6,2022,15.0,16.0,12.0,16.5,16.714285714285715,12.233333333333333,0.1628070129385171,-0.986657932891657,13.0,2
2022-06-23,23.7,27.6,21.0,1.0,1.5,5.2,71.0,13.0,0.3826834323650898,0.9238795325112868,174,6,2022,13.0,20.0,12.0,16.0,16.285714285714285,12.266666666666667,0.1457991969198751,-0.9893142039703664,16.0,2
2022-06-24,23.3,28.2,20.2,0.2,2.2,10.4,64.0,21.6,0.3826834323650898,0.9238795325112868,175,6,2022,16.0,19.0,11.0,14.5,15.714285714285714,12.4,0.1287481774525813,-0.99167731989929,9.0,2
2022-06-25,24.1,29.3,19.2,0.0,1.5,6.5,59.0,26.0,0.9238795325112868,0.3826834323650898,176,6,2022,9.0,16.0,13.0,15.0,14.285714285714286,12.333333333333334,0.1116590071216951,-0.993746580436178,9.0,2
2022-06-26,24.7,29.5,20.2,0.0,1.9,7.1,62.0,23.3,0.9238795325112868,0.3826834323650898,177,6,2022,9.0,16.0,14.0,15.75,13.285714285714286,12.2,0.0945367498171991,-0.9955213724144752,9.0,2
2022-06-27,27.2,31.4,22.0,0.0,1.7,6.9,52.0,25.8,0.7071067811865476,0.7071067811865476,178,6,2022,9.0,15.0,14.0,18.0,12.285714285714286,12.033333333333331,0.077386479233463,-0.9970011699250152,15.0,2
2022-06-28,22.7,26.1,19.2,9.2,1.9,11.9,69.0,5.7,0.9238795325112868,0.3826834323650898,179,6,2022,15.0,15.0,8.0,17.25,12.285714285714286,12.066666666666666,0.060213277365793,-0.9981855344718586,14.0,2
2022-06-29,25.5,31.8,19.2,0.0,1.7,6.1,54.0,29.8,-0.3826834323650896,-0.9238795325112868,180,6,2022,14.0,13.0,8.0,15.25,12.142857142857142,12.266666666666667,0.0430222330045305,-0.99907411510223,9.0,2
2022-06-30,25.7,30.5,20.5,0.0,1.9,15.9,59.0,22.4,0.9238795325112868,0.3826834323650898,181,6,2022,9.0,16.0,12.0,16.0,11.571428571428571,12.3,0.025818440227133,-0.9996666485105112,11.0,2
2022-07-01,25.7,30.5,20.3,0.0,1.7,6.3,54.0,29.5,0.0,1.0,182,7,2022,11.0,9.0,13.0,15.75,10.857142857142858,12.266666666666667,0.0086069968886886,-0.9999629591162656,10.0,2
2022-07-02,27.7,32.2,22.4,0.0,1.5,7.2,50.0,26.5,0.7071067811865476,0.7071067811865476,183,7,2022,10.0,9.0,12.0,9.0,11.0,12.166666666666666,-0.008606996888688,-0.9999629591162656,14.0,2
2022-07-03,29.3,34.8,23.5,0.0,1.4,8.5,47.0,26.4,0.9238795325112868,0.3826834323650898,184,7,2022,14.0,9.0,16.0,9.25,11.714285714285714,12.233333333333333,-0.0258184402271323,-0.9996666485105112,15.0,2
2022-07-04,27.0,30.9,23.8,2.6,1.8,8.2,53.0,22.3,0.9238795325112868,0.3826834323650898,185,7,2022,15.0,15.0,13.0,8.5,12.571428571428571,12.2,-0.0430222330045303,-0.99907411510223,11.0,2
2022-07-05,28.3,34.3,21.8,0.0,1.7,7.4,46.0,29.8,0.7071067811865476,0.7071067811865476,186,7,2022,11.0,14.0,13.0,8.5,12.0,12.133333333333333,-0.0602132773657927,-0.9981855344718586,10.0,2
2022-07-06,27.5,31.1,24.1,0.0,2.3,9.1,47.0,26.9,0.7071067811865476,0.7071067811865476,187,7,2022,10.0,9.0,10.0,7.75,11.428571428571429,12.033333333333331,-0.0773864792334632,-0.9970011699250152,9.0,2
2022-07-07,27.8,31.9,23.6,0.0,2.0,6.5,48.0,25.0,0.7071067811865476,0.7071067811865476,188,7,2022,9.0,11.0,9.0,7.5,11.428571428571429,12.0,-0.0945367498171993,-0.9955213724144752,7.0,2
2022-07-08,27.0,32.2,20.7,0.0,1.7,7.6,39.0,29.9,0.9238795325112868,0.3826834323650898,189,7,2022,7.0,10.0,8.0,8.0,10.857142857142858,11.933333333333334,-0.1116590071216944,-0.993746580436178,7.0,2
2022-07-09,25.9,30.6,21.6,0.0,2.1,7.6,42.0,27.9,0.7071067811865476,0.7071067811865476,190,7,2022,7.0,14.0,5.0,8.5,10.428571428571429,11.9,-0.1287481774525806,-0.99167731989929,7.0,2
2022-07-10,26.9,32.4,20.5,0.0,1.5,6.6,42.0,29.1,0.9238795325112868,0.3826834323650898,191,7,2022,7.0,15.0,5.0,9.0,9.428571428571429,11.966666666666669,-0.1457991969198744,-0.9893142039703664,7.0,2
2022-07-11,26.7,31.3,21.6,0.0,2.3,7.5,45.0,28.2,0.7071067811865476,0.7071067811865476,192,7,2022,7.0,11.0,7.0,10.0,8.285714285714286,12.033333333333331,-0.1628070129385164,-0.9866579328916572,7.0,2
2022-07-12,26.6,30.9,22.1,0.0,2.1,7.1,51.0,26.9,0.3826834323650898,0.9238795325112868,193,7,2022,7.0,10.0,10.0,7.75,7.714285714285714,12.033333333333331,-0.1797665857255621,-0.9837092937736098,7.0,2
2022-07-13,27.0,31.7,22.8,0.0,1.9,7.4,50.0,21.2,0.3826834323650898,0.9238795325112868,194,7,2022,7.0,9.0,11.0,7.0,7.285714285714286,11.933333333333334,-0.1966728897935762,-0.980469160361632,7.0,2
2022-07-14,28.8,34.3,24.2,0.0,1.5,6.5,47.0,24.0,-0.3826834323650896,-0.9238795325112868,195,7,2022,7.0,7.0,14.0,10.25,7.0,11.8,-0.2135209154397959,-0.9769384927771816,17.0,2
2022-07-15,30.0,36.9,23.5,0.0,1.4,5.9,44.0,28.3,1.0,6.123233995736766e-17,196,7,2022,17.0,7.0,16.0,10.5,8.428571428571429,11.9,-0.2303056702306119,-0.973118337233262,14.0,2
2022-07-16,29.1,34.0,22.8,0.0,2.0,6.0,48.0,27.9,0.7071067811865476,0.7071067811865476,197,7,2022,14.0,7.0,20.0,9.75,9.428571428571429,11.833333333333334,-0.2470221804809352,-0.9690098257244064,12.0,2
2022-07-17,28.8,33.5,21.9,15.2,1.8,7.1,49.0,22.3,0.9238795325112868,0.3826834323650898,198,7,2022,12.0,7.0,19.0,11.25,10.142857142857142,11.566666666666666,-0.2636654927280072,-0.9646141756912436,15.0,2
2022-07-18,29.4,33.9,25.6,0.0,2.0,6.7,46.0,27.1,0.7071067811865476,0.7071067811865476,199,7,2022,15.0,7.0,16.0,11.75,11.285714285714286,11.433333333333334,-0.2802306751992161,-0.9599326896597444,17.0,2
2022-07-19,29.8,34.2,25.6,0.0,1.8,6.9,42.0,24.3,0.9238795325112868,0.3826834323650898,200,7,2022,17.0,7.0,16.0,14.0,12.714285714285714,11.466666666666669,-0.2967128192734901,-0.9549667548552552,17.0,2
2022-07-20,30.3,35.2,26.6,0.0,1.7,5.1,39.0,22.5,0.9238795325112868,0.3826834323650898,201,7,2022,17.0,7.0,15.0,12.75,14.142857142857142,11.5,-0.3131070409358267,-0.9497178427914316,17.0,2
2022-07-21,30.6,35.5,25.8,0.0,1.8,6.3,39.0,27.3,0.9238795325112868,0.3826834323650898,202,7,2022,17.0,17.0,15.0,10.5,15.571428571428571,11.566666666666666,-0.3294084822245302,-0.9441875088341994,18.0,2
2022-07-22,30.7,35.9,26.1,0.0,1.9,7.0,41.0,26.0,0.9238795325112868,0.3826834323650898,203,7,2022,18.0,14.0,13.0,9.75,15.714285714285714,11.666666666666666,-0.3456123126707333,-0.9383773917408642,18.0,2
2022-07-23,29.7,34.0,25.2,0.0,1.7,5.8,46.0,21.4,0.7071067811865476,0.7071067811865476,204,7,2022,18.0,12.0,16.0,10.25,16.285714285714285,11.833333333333334,-0.3617137307297674,-0.9322892131745134,18.0,2
2022-07-24,30.0,34.7,25.3,0.0,1.6,6.1,54.0,22.4,0.7071067811865476,0.7071067811865476,205,7,2022,18.0,15.0,9.0,10.75,17.142857142857142,11.9,-0.3777079652039646,-0.92592477719385,18.0,2
2022-07-25,29.8,36.6,24.8,0.2,1.8,10.3,53.0,24.0,0.9238795325112868,0.3826834323650898,206,7,2022,18.0,17.0,9.0,11.0,17.571428571428573,12.2,-0.3935902766564664,-0.9192859697186104,19.0,2
2022-07-26,27.7,33.9,19.9,11.0,1.8,11.9,58.0,21.0,0.7071067811865476,0.7071067811865476,207,7,2022,19.0,17.0,9.0,9.75,17.857142857142858,12.533333333333331,-0.4093559588156211,-0.9123747579707274,19.0,2
2022-07-27,26.3,30.9,20.9,0.4,1.7,5.8,56.0,24.6,0.9238795325112868,0.3826834323650898,208,7,2022,19.0,17.0,15.0,10.0,18.142857142857142,12.866666666666667,-0.4250003399695539,-0.9051931898913976,19.0,2
2022-07-28,26.0,30.4,20.8,8.8,2.3,8.3,56.0,22.0,0.7071067811865476,0.7071067811865476,209,7,2022,19.0,18.0,14.0,10.75,18.428571428571427,13.0,-0.4405187843504952,-0.8977433935342336,19.0,2
2022-07-29,23.8,27.7,20.8,1.0,1.3,7.5,66.0,14.0,0.0,1.0,210,7,2022,19.0,18.0,9.0,11.5,18.571428571428573,13.166666666666666,-0.455906693508459,-0.8900275764346766,19.0,2
2022-07-30,25.9,31.5,19.4,0.0,1.5,5.8,53.0,27.4,-0.3826834323650896,-0.9238795325112868,211,7,2022,19.0,18.0,11.0,10.75,18.714285714285715,13.5,-0.4711595076738639,-0.8820480249558535,19.0,2
2022-07-31,28.4,33.4,23.3,0.0,1.3,5.8,36.0,27.6,-0.7071067811865475,-0.7071067811865477,212,7,2022,19.0,18.0,10.0,11.5,18.857142857142858,13.766666666666667,-0.4862727071086902,-0.8738071036110807,19.0,2
2022-08-01,29.0,35.3,22.9,0.0,1.4,5.8,38.0,27.2,0.7071067811865476,0.7071067811865476,213,8,2022,19.0,19.0,14.0,12.5,19.0,14.066666666666666,-0.5012418134457756,-0.8653072543632061,19.0,2
2022-08-02,27.5,31.9,23.2,0.0,2.0,9.3,44.0,25.8,0.9238795325112868,0.3826834323650898,214,8,2022,19.0,19.0,15.0,12.75,19.0,14.233333333333333,-0.5160623910158526,-0.8565509959010037,19.0,2
2022-08-03,28.7,33.0,23.8,0.0,1.4,5.4,44.0,24.5,0.9238795325112868,0.3826834323650898,215,8,2022,19.0,19.0,11.0,11.0,19.0,14.366666666666667,-0.5307300481619331,-0.8475409228928312,19.0,2
2022-08-04,29.7,34.7,24.7,0.0,1.5,6.9,44.0,23.2,0.9238795325112868,0.3826834323650898,216,8,2022,19.0,19.0,10.0,10.0,19.0,14.633333333333333,-0.5452404385406507,-0.8382797052177745,19.0,2
2022-08-05,29.6,34.9,26.1,0.0,1.7,7.9,44.0,17.4,0.9238795325112868,0.3826834323650898,217,8,2022,19.0,19.0,9.0,10.5,19.0,14.933333333333334,-0.5595892624101763,-0.828770087174504,19.0,2
2022-08-06,29.6,35.7,21.1,1.6,2.0,11.2,40.0,24.2,-0.7071067811865475,-0.7071067811865477,218,8,2022,19.0,19.0,7.0,10.25,19.0,15.266666666666667,-0.5737722679043243,-0.8190148866680802,19.0,2
2022-08-07,24.7,30.1,20.2,0.6,2.3,9.4,62.0,20.6,-0.3826834323650896,-0.9238795325112868,219,8,2022,19.0,19.0,7.0,10.25,19.0,15.666666666666666,-0.5877852522924734,-0.8090169943749472,19.0,2
2022-08-08,26.2,32.0,20.4,0.0,1.5,5.9,47.0,26.6,0.9238795325112868,0.3826834323650898,220,8,2022,19.0,19.0,7.0,10.25,19.0,16.066666666666666,-0.6016240632249227,-0.7987793728863648,19.0,2
2022-08-09,27.1,31.4,22.5,0.0,1.8,5.7,51.0,25.1,0.9238795325112868,0.3826834323650898,221,8,2022,19.0,19.0,7.0,11.0,19.0,16.466666666666665,-0.6152845999633277,-0.7883050558305253,19.0,2
2022-08-10,27.3,31.5,23.7,0.0,1.9,6.0,48.0,23.9,0.9238795325112868,0.3826834323650898,222,8,2022,19.0,19.0,7.0,12.75,19.0,16.866666666666667,-0.6287628145958345,-0.7775971469736268,19.0,2
2022-08-11,26.6,31.2,21.7,0.2,1.8,5.8,48.0,25.2,0.9238795325112868,0.3826834323650898,223,8,2022,19.0,19.0,7.0,13.75,19.0,17.266666666666666,-0.6420547132365636,-0.7666588193001592,19.0,2
2022-08-12,25.6,30.0,21.5,0.0,2.5,10.6,45.0,24.8,0.7071067811865476,0.7071067811865476,224,8,2022,19.0,19.0,7.0,14.75,19.0,17.666666666666668,-0.655156357209085,-0.7554933140726804,19.0,2
2022-08-13,24.7,29.5,20.7,0.0,1.8,8.5,42.0,25.4,1.0,6.123233995736766e-17,225,8,2022,19.0,19.0,17.0,14.5,19.0,18.066666666666663,-0.6680638642135333,-0.7441039398713608,19.0,2
2022-08-14,23.8,27.4,20.2,0.0,1.2,4.2,50.0,11.9,0.9238795325112868,0.3826834323650898,226,8,2022,19.0,19.0,14.0,13.0,19.0,18.133333333333333,-0.6807734094770159,-0.7324940716135792,19.0,2
2022-08-15,24.7,30.3,19.4,0.0,1.6,5.8,53.0,20.7,0.3826834323650898,0.9238795325112868,227,8,2022,19.0,19.0,12.0,11.5,19.0,18.3,-0.6932812268869771,-0.7206671495538615,19.0,2
2022-08-16,24.8,30.2,20.2,0.0,1.9,6.9,58.0,22.6,0.7071067811865476,0.7071067811865476,228,8,2022,19.0,19.0,15.0,11.25,19.0,18.53333333333333,-0.7055836101071774,-0.70862667826446,19.0,2
2022-08-17,22.9,25.7,19.9,1.4,1.6,5.7,72.0,7.8,0.7071067811865476,0.7071067811865476,229,8,2022,19.0,19.0,17.0,10.75,19.0,18.666666666666668,-0.7176769136759615,-0.6963762255968726,19.0,2
2022-08-18,20.8,24.1,18.6,10.0,1.8,7.6,78.0,8.8,0.7071067811865476,0.7071067811865476,230,8,2022,19.0,19.0,17.0,11.75,19.0,18.73333333333333,-0.7295575540864876,-0.6839194216246105,19.0,2
2022-08-19,23.6,29.7,18.4,0.0,1.3,5.7,56.0,21.3,-0.3826834323650896,-0.9238795325112868,231,8,2022,19.0,19.0,17.0,13.0,19.0,18.8,-0.7412220108485957,-0.6712599575675315,19.0,2
2022-08-20,26.3,32.7,19.8,0.0,1.3,5.9,46.0,24.9,0.9238795325112868,0.3826834323650898,232,8,2022,19.0,19.0,18.0,13.5,19.0,18.866666666666667,-0.7526668275320083,-0.6584015846980489,19.0,2
2022-08-21,26.9,31.8,22.6,0.0,1.3,5.5,40.0,23.8,0.9238795325112868,0.3826834323650898,233,8,2022,19.0,19.0,18.0,11.75,19.0,18.9,-0.7638886127905429,-0.64534811322955,19.0,2
2022-08-22,26.3,31.4,21.4,0.0,1.6,6.1,45.0,23.6,0.7071067811865476,0.7071067811865476,234,8,2022,19.0,19.0,18.0,12.5,19.0,18.933333333333334,-0.7748840413670406,-0.6321034111873488,19.0,2
2022-08-23,27.1,32.3,22.1,0.0,1.6,6.5,39.0,24.2,0.9238795325112868,0.3826834323650898,235,8,2022,19.0,19.0,18.0,11.75,19.0,18.966666666666665,-0.7856498550787144,-0.6186714032625032,9.0,2
2022-08-24,25.7,30.5,21.6,0.0,1.8,6.2,45.0,23.4,0.7071067811865476,0.7071067811865476,236,8,2022,9.0,19.0,19.0,12.75,17.571428571428573,18.666666666666668,-0.7961828637826154,-0.6050560696488494,10.0,2
2022-08-25,27.0,32.1,21.8,0.0,1.3,5.5,47.0,22.7,0.9238795325112868,0.3826834323650898,237,8,2022,10.0,19.0,19.0,12.0,16.285714285714285,18.366666666666667,-0.8064799463209447,-0.5912614448635782,12.0,2
2022-08-26,25.6,29.5,22.4,0.0,1.8,7.9,54.0,14.6,0.9238795325112868,0.3826834323650898,238,8,2022,12.0,19.0,19.0,10.25,15.285714285714286,18.133333333333333,-0.8165380514459157,-0.5772916165517278,12.0,2
2022-08-27,24.7,30.4,20.6,13.2,1.7,9.4,58.0,18.5,0.9238795325112868,0.3826834323650898,239,8,2022,12.0,19.0,19.0,8.25,14.285714285714286,17.9,-0.8263541987239094,-0.5631507242749187,11.0,2
2022-08-28,24.9,30.4,19.6,0.4,1.1,4.6,64.0,20.9,0.9238795325112868,0.3826834323650898,240,8,2022,11.0,19.0,19.0,7.5,13.142857142857142,17.633333333333333,-0.8359254794186365,-0.5488429582847199,10.0,2
2022-08-29,25.7,30.9,20.5,12.2,1.3,4.0,65.0,19.1,0.7071067811865476,0.7071067811865476,241,8,2022,10.0,19.0,19.0,9.25,11.857142857142858,17.333333333333332,-0.8452490573530634,-0.5343725582809785,11.0,2
2022-08-30,23.5,27.4,21.0,2.4,1.8,8.0,70.0,13.4,0.7071067811865476,0.7071067811865476,242,8,2022,11.0,9.0,19.0,9.5,10.714285714285714,17.066666666666666,-0.8543221697498269,-0.5197438121555157,11.0,2
2022-08-31,23.7,28.0,19.2,0.0,1.3,5.0,66.0,18.8,0.9238795325112868,0.3826834323650898,243,8,2022,11.0,10.0,19.0,9.75,11.0,16.8,-0.8631421280499115,-0.5049610547215202,11.0,2
2022-09-01,23.5,28.4,19.3,8.8,1.9,12.4,65.0,17.5,0.9238795325112868,0.3826834323650898,244,9,2022,11.0,12.0,19.0,10.0,11.142857142857142,16.533333333333335,-0.8717063187093217,-0.4900286664290594,9.0,3
2022-09-02,21.3,24.8,19.0,1.4,1.3,4.9,69.0,11.5,0.3826834323650898,0.9238795325112868,245,9,2022,9.0,12.0,19.0,9.5,10.714285714285714,16.2,-0.8800122039735356,-0.4749510720670502,7.0,3
2022-09-03,21.6,24.9,19.1,0.0,1.7,5.8,69.0,13.4,0.3826834323650898,0.9238795325112868,246,9,2022,7.0,11.0,19.0,8.0,10.0,15.8,-0.888057322629493,-0.4597327394521046,10.0,3
2022-09-04,23.4,28.8,19.0,0.0,1.0,3.8,60.0,18.3,0.0,1.0,247,9,2022,10.0,10.0,19.0,9.75,9.857142857142858,15.5,-0.8958392907349089,-0.4443781781046134,10.0,3
2022-09-05,24.2,29.0,20.4,0.4,1.5,5.1,62.0,14.6,0.9238795325112868,0.3826834323650898,248,9,2022,10.0,11.0,19.0,8.75,9.857142857142858,15.2,-0.9033558023246842,-0.4288919379124841,13.0,3
2022-09-06,25.3,29.4,21.2,0.0,1.3,6.5,57.0,17.9,0.7071067811865476,0.7071067811865476,249,9,2022,13.0,11.0,19.0,8.0,10.142857142857142,15.0,-0.9106046300942162,-0.4132786077829044,12.0,3
2022-09-07,23.8,27.8,20.9,0.0,1.5,5.8,64.0,13.0,0.7071067811865476,0.7071067811865476,250,9,2022,12.0,11.0,19.0,8.75,10.285714285714286,14.766666666666667,-0.9175836260593934,-0.3975428142825566,10.0,3
2022-09-08,23.0,27.6,18.8,2.2,1.5,4.9,68.0,18.3,0.7071067811865476,0.7071067811865476,251,9,2022,10.0,9.0,19.0,10.25,10.142857142857142,14.466666666666669,-0.9242907221930934,-0.3816892202666586,8.0,3
2022-09-09,23.2,28.4,18.6,0.0,1.6,5.3,62.0,19.9,0.3826834323650898,0.9238795325112868,252,9,2022,8.0,7.0,19.0,11.0,10.0,14.1,-0.9307239310379792,-0.3657225234972692,8.0,3
2022-09-10,22.3,27.6,17.4,0.0,1.5,5.2,52.0,21.2,0.7071067811865476,0.7071067811865476,253,9,2022,8.0,10.0,19.0,8.75,10.142857142857142,13.733333333333333,-0.9368813462954316,-0.3496474552512282,8.0,3
2022-09-11,22.7,28.4,17.7,0.0,1.2,6.1,46.0,20.7,0.7071067811865476,0.7071067811865476,254,9,2022,8.0,10.0,19.0,9.5,9.857142857142858,13.366666666666667,-0.9427611433904206,-0.333468778918187,8.0,3
2022-09-12,22.7,28.5,17.3,0.0,1.4,5.1,51.0,20.3,0.9238795325112868,0.3826834323650898,255,9,2022,8.0,13.0,19.0,10.75,9.571428571428571,13.0,-0.9483615800121716,-0.3171912885891059,8.0,3
2022-09-13,23.2,27.7,18.6,0.0,1.2,4.7,55.0,15.8,0.9238795325112868,0.3826834323650898,256,9,2022,8.0,12.0,19.0,8.75,8.857142857142858,12.633333333333333,-0.9536809966304456,-0.300819807635668,11.0,3
2022-09-14,22.4,25.5,19.9,0.2,1.4,5.7,68.0,10.3,0.7071067811865476,0.7071067811865476,257,9,2022,11.0,10.0,19.0,8.5,8.714285714285714,12.366666666666667,-0.9587178169872964,-0.2843591872810036,12.0,3
2022-09-15,24.5,30.9,18.9,0.0,1.3,6.4,56.0,19.8,0.9238795325112868,0.3826834323650898,258,9,2022,12.0,8.0,19.0,7.0,9.0,12.133333333333333,-0.9634705485641486,-0.2678143051621748,10.0,3
2022-09-16,24.9,31.1,18.7,0.0,1.5,7.9,40.0,19.4,-0.9238795325112866,0.38268343236509,259,9,2022,10.0,8.0,19.0,9.75,9.285714285714286,11.833333333333334,-0.9679377830240642,-0.2511900638848195,8.0,3
2022-09-17,21.4,24.5,16.9,0.0,2.4,12.2,19.0,21.0,-0.9238795325112866,0.38268343236509,260,9,2022,8.0,8.0,19.0,8.0,9.285714285714286,11.466666666666669,-0.9721181966290612,-0.2344913895704105,5.0,3
2022-09-18,18.3,24.1,12.5,0.0,1.3,5.9,31.0,20.5,0.9238795325112868,0.3826834323650898,261,9,2022,5.0,8.0,19.0,9.5,8.857142857142858,11.0,-0.9760105506323682,-0.2177232303965322,5.0,3
2022-09-19,18.8,24.5,12.2,0.0,1.5,5.8,42.0,19.6,0.7071067811865476,0.7071067811865476,262,9,2022,5.0,8.0,19.0,9.0,8.428571428571429,10.533333333333331,-0.97961369164549,-0.2008905551306352,6.0,3
2022-09-20,18.7,23.6,13.8,0.0,1.4,5.0,41.0,19.5,0.9238795325112868,0.3826834323650898,263,9,2022,6.0,11.0,19.0,10.5,8.142857142857142,10.1,-0.9829265519799822,-0.1839983516576798,9.0,3
2022-09-21,15.8,17.3,13.6,0.0,1.7,7.1,62.0,4.8,0.3826834323650898,0.9238795325112868,264,9,2022,9.0,12.0,19.0,10.5,7.857142857142857,9.766666666666667,-0.9859481499638304,-0.1670516255021195,8.0,3
2022-09-22,17.5,22.0,14.1,0.0,1.5,4.6,49.0,17.8,0.9238795325112868,0.3826834323650898,265,9,2022,8.0,10.0,9.0,7.75,7.285714285714286,9.4,-0.9886775902323404,-0.1500553983446526,8.0,3
2022-09-23,17.9,22.3,15.0,0.0,1.4,4.2,45.0,15.0,0.7071067811865476,0.7071067811865476,266,9,2022,8.0,8.0,10.0,8.75,7.0,9.366666666666667,-0.9911140639934546,-0.1330147065341963,10.0,3
2022-09-24,14.0,16.9,12.8,7.6,1.8,5.8,80.0,1.6,0.3826834323650898,0.9238795325112868,267,9,2022,10.0,5.0,12.0,9.0,7.285714285714286,9.366666666666667,-0.9932568492674144,-0.1159345995955006,17.0,3
2022-09-25,16.0,20.2,13.0,0.0,0.9,4.4,72.0,12.3,-0.3826834323650895,0.9238795325112868,268,9,2022,17.0,5.0,12.0,8.5,9.0,9.533333333333331,-0.9951053111006974,-0.0988201387328721,11.0,3
2022-09-26,16.7,21.7,11.7,0.0,1.0,5.0,66.0,17.1,1.0,6.123233995736766e-17,269,9,2022,11.0,6.0,11.0,8.0,9.857142857142858,9.5,-0.99665890175417,-0.0816763953304228,10.0,3
2022-09-27,17.9,24.3,12.1,0.0,1.9,11.1,48.0,17.7,-0.9238795325112866,0.38268343236509,270,9,2022,10.0,9.0,10.0,9.25,10.428571428571429,9.466666666666669,-0.9979171608653922,-0.0645084494493162,7.0,3
2022-09-28,16.0,21.2,12.2,0.0,1.6,5.8,56.0,13.6,0.7071067811865476,0.7071067811865476,271,9,2022,7.0,8.0,11.0,9.0,10.142857142857142,9.366666666666667,-0.9988797155850336,-0.0473213883224323,9.0,3
2022-09-29,16.6,21.4,13.1,0.0,1.5,5.3,65.0,13.7,0.7071067811865476,0.7071067811865476,272,9,2022,9.0,8.0,11.0,11.0,10.285714285714286,9.3,-0.9995462806873572,-0.0301203048469083,14.0,3
2022-09-30,13.7,15.2,12.6,5.2,1.9,6.3,85.0,2.4,0.0,1.0,273,9,2022,14.0,10.0,11.0,10.25,11.142857142857142,9.4,-0.999916658654738,-0.0129102960750088,6.0,3
2022-10-01,16.1,21.3,12.5,0.0,1.1,4.8,72.0,16.1,-0.7071067811865475,-0.7071067811865477,274,10,2022,6.0,17.0,9.0,10.5,10.571428571428571,9.233333333333333,-0.99999073973619,0.0043035382962438,6.0,3
2022-10-02,18.0,23.8,12.2,0.0,1.1,4.9,68.0,16.7,-0.3826834323650896,-0.9238795325112868,275,10,2022,6.0,11.0,7.0,13.0,9.0,9.133333333333333,-0.9997685019798908,0.0215160974362222,9.0,3
2022-10-03,19.6,26.9,13.2,0.0,0.9,3.8,59.0,16.2,-0.3826834323650896,-0.9238795325112868,276,10,2022,9.0,10.0,10.0,14.25,8.714285714285714,9.2,-0.9992500112396836,0.0387222808921739,9.0,3
2022-10-04,18.2,22.1,14.2,0.0,1.0,4.0,68.0,9.9,0.7071067811865476,0.7071067811865476,277,10,2022,9.0,7.0,10.0,14.5,8.571428571428571,9.166666666666666,-0.9984354211555644,0.055916990100603,18.0,3
2022-10-05,19.0,21.6,17.4,0.0,1.0,3.3,73.0,5.2,0.9238795325112868,0.3826834323650898,278,10,2022,18.0,9.0,13.0,16.25,10.142857142857142,9.433333333333334,-0.9973249731081556,0.0730951298980777,29.0,3
2022-10-06,19.6,24.0,15.4,0.0,1.0,3.7,69.0,13.1,0.7071067811865476,0.7071067811865476,279,10,2022,29.0,14.0,12.0,16.25,13.0,9.966666666666669,-0.9959189961471792,0.0902516100310407,27.0,3
2022-10-07,19.7,24.1,16.5,0.0,0.9,4.4,63.0,13.3,0.9238795325112868,0.3826834323650898,280,10,2022,27.0,6.0,10.0,19.25,14.857142857142858,10.466666666666669,-0.994217906893952,0.107381346664163,31.0,3
2022-10-08,18.2,22.8,14.4,1.2,1.0,4.3,68.0,10.1,0.9238795325112868,0.3826834323650898,281,10,2022,31.0,6.0,8.0,18.75,18.428571428571427,11.166666666666666,-0.9922222094179324,0.1244792638867886,29.0,3
2022-10-09,15.5,16.8,14.8,37.2,1.2,6.6,94.0,1.0,0.0,1.0,282,10,2022,29.0,9.0,8.0,16.5,21.714285714285715,11.866666666666667,-0.989932495087353,0.141540295217043,11.0,3
2022-10-10,15.4,18.3,13.8,1.6,1.6,5.7,88.0,4.6,0.0,1.0,283,10,2022,11.0,9.0,8.0,16.75,22.0,11.966666666666669,-0.9873494423939864,0.1585593851031347,11.0,3
2022-10-11,16.7,22.4,11.7,0.0,0.8,3.3,78.0,14.6,-0.3826834323650896,-0.9238795325112868,284,10,2022,11.0,18.0,8.0,17.25,22.285714285714285,12.066666666666666,-0.9844738167520924,0.1755314904214277,15.0,3
2022-10-12,17.2,21.2,14.1,0.0,0.6,3.2,74.0,10.5,0.7071067811865476,0.7071067811865476,285,10,2022,15.0,29.0,8.0,20.5,21.857142857142858,12.3,-0.9813064702716092,0.1924515819708299,21.0,3
2022-10-13,16.9,20.8,13.9,0.0,0.8,3.2,74.0,10.0,0.9238795325112868,0.3826834323650898,286,10,2022,21.0,27.0,11.0,20.75,20.714285714285715,12.733333333333333,-0.9778483415056568,0.2093146459630488,30.0,3
2022-10-14,16.7,20.5,13.6,0.0,0.8,3.3,74.0,8.6,0.9238795325112868,0.3826834323650898,287,10,2022,30.0,31.0,12.0,22.75,21.142857142857142,13.366666666666667,-0.9741004551724206,0.226115685508288,34.0,3
2022-10-15,17.5,20.8,13.9,0.0,1.0,3.4,74.0,10.1,0.9238795325112868,0.3826834323650898,288,10,2022,34.0,29.0,10.0,24.0,21.571428571428573,14.1,-0.970063921851507,0.2428497220959358,43.0,3
2022-10-16,18.6,21.1,16.1,0.0,1.0,3.5,71.0,7.6,0.9238795325112868,0.3826834323650898,289,10,2022,43.0,11.0,8.0,18.75,23.571428571428573,15.2,-0.965739937654855,0.2595117970697994,37.0,3
2022-10-17,18.3,21.9,15.9,0.0,0.8,2.6,75.0,7.7,0.7071067811865476,0.7071067811865476,290,10,2022,37.0,11.0,5.0,17.25,27.285714285714285,16.166666666666668,-0.9611297838723007,0.2760969730974688,39.0,3
2022-10-18,18.5,23.6,14.7,0.0,0.9,4.7,71.0,12.0,-0.3826834323650896,-0.9238795325112868,291,10,2022,39.0,15.0,5.0,17.25,31.285714285714285,17.3,-0.9562348265919058,0.2926003356333479,34.0,3
2022-10-19,18.8,24.5,14.4,0.0,0.7,3.5,71.0,12.0,0.7071067811865476,0.7071067811865476,292,10,2022,34.0,21.0,6.0,20.0,34.0,18.266666666666666,-0.9510565162951536,0.3090169943749472,35.0,3
2022-10-20,17.6,20.1,14.7,0.0,1.1,3.8,76.0,7.1,0.9238795325112868,0.3826834323650898,293,10,2022,35.0,30.0,9.0,18.25,36.0,19.23333333333333,-0.9455963874271428,0.3253420847119795,38.0,3
2022-10-21,16.3,17.1,15.7,0.4,1.5,5.4,93.0,1.2,0.7071067811865476,0.7071067811865476,294,10,2022,38.0,34.0,8.0,21.25,37.142857142857146,20.2,-0.9398560579418952,0.341570769167856,52.0,3
2022-10-22,18.1,21.6,15.7,0.0,1.1,4.0,83.0,8.3,0.3826834323650898,0.9238795325112868,295,10,2022,52.0,43.0,8.0,13.5,39.71428571428572,21.666666666666668,-0.9338372288229252,0.3576982388331254,19.0,3
2022-10-23,17.2,18.6,16.4,0.0,1.5,4.8,85.0,3.8,0.9238795325112868,0.3826834323650898,296,10,2022,19.0,37.0,10.0,12.75,36.285714285714285,22.03333333333333,-0.9275416835791964,0.3737197147904692,17.0,3
2022-10-24,17.4,19.3,16.3,0.0,1.3,5.4,91.0,4.9,0.3826834323650898,0.9238795325112868,297,10,2022,17.0,39.0,17.0,13.75,33.42857142857143,22.266666666666666,-0.9209712877166348,0.3896304495307877,28.0,3
2022-10-25,17.7,21.1,14.4,0.0,0.8,3.6,81.0,9.1,0.3826834323650898,0.9238795325112868,298,10,2022,28.0,34.0,11.0,12.5,31.857142857142858,22.633333333333333,-0.9141279881853336,0.4054257283599973,25.0,3
2022-10-26,18.4,21.8,16.2,0.0,0.8,3.5,80.0,9.2,1.0,6.123233995736766e-17,299,10,2022,25.0,35.0,10.0,16.25,30.571428571428573,23.1,-0.9070138128026362,0.4211008707960891,32.0,3
2022-10-27,17.8,22.5,14.5,0.0,0.7,3.2,78.0,10.0,0.9238795325112868,0.3826834323650898,300,10,2022,32.0,38.0,7.0,11.75,30.142857142857142,23.83333333333333,-0.8996308696522434,0.4366512319560638,30.0,3
2022-10-28,18.1,24.0,14.7,0.0,0.7,3.1,73.0,9.6,-0.3826834323650896,-0.9238795325112868,301,10,2022,30.0,52.0,9.0,12.25,29.0,24.6,-0.8919813464595487,0.4520722039323037,28.0,3
2022-10-29,18.1,24.8,14.0,0.0,0.7,3.7,69.0,10.5,-0.3826834323650896,-0.9238795325112868,302,10,2022,28.0,19.0,14.0,15.75,25.571428571428573,25.23333333333333,-0.8840675099433637,0.467359217158002,25.0,3
2022-10-30,17.8,23.4,13.4,0.0,0.7,2.9,67.0,9.9,-0.3826834323650896,-0.9238795325112868,303,10,2022,25.0,17.0,6.0,16.5,26.428571428571427,25.6,-0.8758917051442433,0.4825077417612176,24.0,3
2022-10-31,17.3,23.1,13.5,0.0,0.8,3.6,65.0,9.9,0.0,1.0,304,10,2022,24.0,28.0,6.0,14.75,27.428571428571427,26.2,-0.8674563547295971,0.4975132889071803,23.0,3
2022-11-01,14.4,17.4,12.7,1.2,0.9,3.0,83.0,3.8,1.0,6.123233995736766e-17,305,11,2022,23.0,25.0,9.0,15.5,26.714285714285715,26.766666666666666,-0.858763958275803,0.5123714121284235,20.0,3
2022-11-02,13.2,16.7,11.0,0.0,0.9,3.6,90.0,7.2,0.0,1.0,306,11,2022,20.0,32.0,9.0,17.0,26.0,27.133333333333333,-0.8498170915275277,0.5270777086423724,21.0,3
2022-11-03,13.5,17.0,11.6,10.8,1.3,5.1,88.0,4.3,-0.3826834323650896,-0.9238795325112868,307,11,2022,21.0,30.0,18.0,13.75,24.428571428571427,27.53333333333333,-0.8406184056344783,0.5416278206559811,24.0,3
2022-11-04,13.1,15.1,10.5,0.0,1.2,6.5,72.0,8.4,-0.3826834323650896,-0.9238795325112868,308,11,2022,24.0,28.0,29.0,11.25,23.571428571428573,27.73333333333333,-0.8311706263658079,0.5560174366570446,5.0,3
2022-11-05,13.0,18.2,8.2,0.0,1.3,5.6,48.0,10.9,-0.3826834323650896,-0.9238795325112868,309,11,2022,5.0,25.0,27.0,12.0,20.285714285714285,26.933333333333334,-0.8214765533024145,0.5702422926917867,6.0,3
2022-11-06,11.2,15.7,7.5,0.0,0.7,3.3,55.0,9.3,-0.3826834323650895,0.9238795325112868,310,11,2022,6.0,24.0,31.0,14.75,17.571428571428573,26.23333333333333,-0.8115390590073611,0.5842981736283683,17.0,3
2022-11-07,11.0,16.3,6.4,0.0,0.7,3.8,61.0,9.9,-0.3826834323650895,0.9238795325112868,311,11,2022,17.0,23.0,29.0,21.75,16.571428571428573,25.766666666666666,-0.801361088174677,0.5981809144059158,24.0,3
2022-11-08,11.6,15.5,9.0,0.0,0.7,3.2,65.0,5.5,-0.3826834323650895,0.9238795325112868,312,11,2022,24.0,20.0,11.0,22.25,16.714285714285715,25.6,-0.7909456567567774,0.6118864012687242,16.0,3
2022-11-09,11.8,16.6,8.3,4.2,0.9,4.5,74.0,7.1,0.0,1.0,313,11,2022,16.0,21.0,11.0,27.75,16.142857142857142,25.766666666666666,-0.780295851070776,0.6254105729852457,36.0,3
2022-11-10,12.7,17.9,9.4,0.0,1.0,3.5,85.0,9.1,-0.3826834323650896,-0.9238795325112868,314,11,2022,36.0,24.0,15.0,28.25,18.285714285714285,26.6,-0.7694148268839381,0.6387494220515268,24.0,3
2022-11-11,12.4,16.0,9.5,0.0,1.1,4.2,87.0,8.0,-0.3826834323650896,-0.9238795325112868,315,11,2022,24.0,5.0,21.0,23.5,18.285714285714285,26.9,-0.7583058084785625,0.6518989958787125,30.0,3
2022-11-12,11.5,14.7,8.0,0.0,1.1,3.5,83.0,4.8,-0.3826834323650896,-0.9238795325112868,316,11,2022,30.0,6.0,30.0,21.25,21.857142857142858,27.2,-0.7469720876965551,0.6648553979642866,33.0,3
2022-11-13,11.9,15.7,8.9,0.0,1.2,5.2,78.0,7.2,0.7071067811865476,0.7071067811865476,317,11,2022,33.0,17.0,34.0,23.0,25.714285714285715,27.3,-0.7354170229639858,0.6776147890466887,21.0,3
2022-11-14,9.9,11.0,8.5,4.0,1.3,3.7,90.0,1.6,0.3826834323650898,0.9238795325112868,318,11,2022,21.0,24.0,43.0,25.0,26.285714285714285,26.866666666666667,-0.7236440382959124,0.690173388242972,24.0,3
2022-11-15,9.3,11.0,8.2,0.4,1.0,3.0,91.0,2.5,0.9238795325112868,0.3826834323650898,319,11,2022,24.0,16.0,37.0,23.25,26.285714285714285,26.23333333333333,-0.711656622281775,0.7025274741691566,30.0,3
2022-11-16,10.1,13.3,7.1,0.0,1.3,4.7,83.0,7.7,-0.3826834323650896,-0.9238795325112868,320,11,2022,30.0,36.0,39.0,24.0,28.285714285714285,26.0,-0.6994583270516471,0.7146733860429608,28.0,3
2022-11-17,9.5,12.2,6.0,0.0,1.1,3.8,88.0,4.1,-0.3826834323650896,-0.9238795325112868,321,11,2022,28.0,24.0,34.0,22.25,27.142857142857142,25.633333333333333,-0.6870527672236675,0.7266075247685652,31.0,3
2022-11-18,12.0,18.3,7.6,0.0,1.3,7.5,63.0,8.5,-0.9238795325112866,0.38268343236509,322,11,2022,31.0,30.0,35.0,22.0,28.142857142857142,25.53333333333333,-0.6744436188329457,0.7383263540031063,21.0,3
2022-11-19,9.3,13.9,5.6,0.0,0.8,3.8,53.0,7.2,0.0,1.0,323,11,2022,21.0,33.0,38.0,22.0,26.857142857142858,25.066666666666663,-0.661634618242279,0.749826401204568,20.0,3
2022-11-20,8.1,13.5,4.3,0.0,1.2,5.0,59.0,8.7,-0.3826834323650896,-0.9238795325112868,324,11,2022,20.0,21.0,52.0,26.25,25.0,24.466666666666665,-0.6486295610349818,0.7611042586607742,25.0,3
2022-11-21,6.4,9.4,3.1,0.0,1.4,5.7,67.0,5.0,0.3826834323650898,0.9238795325112868,325,11,2022,25.0,24.0,19.0,27.5,25.571428571428573,23.566666666666663,-0.6354323008901775,0.7721565844991641,26.0,3
2022-11-22,8.7,13.2,5.7,3.6,2.0,6.8,69.0,6.3,-0.3826834323650896,-0.9238795325112868,326,11,2022,26.0,30.0,17.0,11.0,25.857142857142858,23.8,-0.622046748440868,0.7829801036770624,5.0,3
2022-11-23,8.3,13.8,4.1,0.0,0.8,3.2,56.0,8.0,-0.7071067811865475,-0.7071067811865477,327,11,2022,5.0,28.0,28.0,15.0,22.285714285714285,23.4,-0.6084768701151264,0.7935716089521472,23.0,3
2022-11-24,8.7,15.3,3.6,0.0,1.1,5.8,54.0,8.2,0.7071067811865476,0.7071067811865476,328,11,2022,23.0,31.0,25.0,16.75,21.571428571428573,23.23333333333333,-0.594726686960764,0.8039279618328208,26.0,3
2022-11-25,8.5,12.4,5.8,0.0,1.0,4.2,67.0,6.4,0.0,1.0,329,11,2022,26.0,21.0,32.0,15.0,20.857142857142858,23.266666666666666,-0.5808002734538013,0.8140460935082175,37.0,3
2022-11-26,8.8,16.5,3.9,0.0,1.0,4.5,63.0,7.9,-0.7071067811865475,-0.7071067811865477,330,11,2022,37.0,20.0,30.0,19.25,23.142857142857142,23.433333333333334,-0.5667017562911184,0.8239230057575536,41.0,3
2022-11-27,7.6,12.0,3.9,0.0,0.7,3.2,60.0,7.0,0.9238795325112868,0.3826834323650898,331,11,2022,41.0,25.0,28.0,19.25,26.142857142857142,23.8,-0.5524353131676203,0.8335557718385695,32.0,3
2022-11-28,6.2,7.9,4.3,0.0,0.9,2.6,78.0,2.0,0.9238795325112868,0.3826834323650898,332,11,2022,32.0,26.0,25.0,29.25,27.142857142857142,23.933333333333334,-0.5380051715382992,0.8429415373547832,51.0,3
2022-11-29,5.4,6.3,3.9,2.4,0.9,3.0,88.0,1.7,0.9238795325112868,0.3826834323650898,333,11,2022,51.0,5.0,24.0,32.75,30.714285714285715,24.8,-0.5234156073655503,0.8520775211013093,41.0,3
2022-11-30,4.7,7.2,2.8,0.0,1.1,3.7,91.0,6.1,-0.3826834323650896,-0.9238795325112868,334,11,2022,41.0,23.0,23.0,31.5,35.857142857142854,25.366666666666667,-0.5086709438521042,0.8609610158889945,26.0,3
2022-12-01,5.9,10.7,1.9,0.0,1.2,4.2,79.0,7.3,-0.3826834323650896,-0.9238795325112868,335,12,2022,26.0,26.0,20.0,26.25,36.285714285714285,25.466666666666665,-0.4937755501599773,0.8695893893466109,25.0,0
2022-12-02,5.8,7.9,4.0,0.0,1.4,4.4,84.0,4.0,0.3826834323650898,0.9238795325112868,336,12,2022,25.0,37.0,21.0,24.75,36.142857142857146,25.633333333333333,-0.4787338401157883,0.8779600847008883,30.0,0
2022-12-03,5.9,6.3,5.5,11.8,1.1,4.3,90.0,1.0,-0.3826834323650895,0.9238795325112868,337,12,2022,30.0,41.0,24.0,20.25,35.142857142857146,25.933333333333334,-0.4635502709028512,0.8860706215341378,13.0,0
2022-12-04,7.2,8.9,5.9,8.2,1.4,4.2,91.0,3.4,-0.3826834323650896,-0.9238795325112868,338,12,2022,13.0,32.0,5.0,20.25,31.142857142857142,25.566666666666663,-0.4482293417404106,0.893918596519257,11.0,0
2022-12-05,8.0,11.0,5.2,0.2,1.0,3.2,85.0,6.4,-0.7071067811865475,-0.7071067811865477,339,12,2022,11.0,51.0,6.0,22.25,28.142857142857142,25.766666666666666,-0.4327755925504317,0.9015016841318838,7.0,0
2022-12-06,5.9,10.3,2.7,0.0,1.0,4.0,83.0,7.0,-0.7071067811865475,-0.7071067811865477,340,12,2022,7.0,41.0,17.0,25.25,21.857142857142858,25.8,-0.4171936026123169,0.9088176373395028,23.0,0
2022-12-07,4.2,7.5,2.1,0.0,1.0,3.3,82.0,6.7,-0.3826834323650896,-0.9238795325112868,341,12,2022,23.0,26.0,24.0,35.75,19.285714285714285,26.0,-0.4014879892059737,0.9158642882672868,37.0,0
2022-12-08,3.6,7.2,-0.5,0.0,1.4,4.4,82.0,6.7,-0.3826834323650896,-0.9238795325112868,342,12,2022,37.0,25.0,16.0,34.5,20.857142857142858,26.433333333333334,-0.3856634062436074,0.9226395488404876,34.0,0
2022-12-09,3.6,4.6,2.5,3.8,1.2,4.1,90.0,1.4,-0.9238795325112868,-0.3826834323650895,343,12,2022,34.0,30.0,36.0,36.0,22.142857142857142,27.03333333333333,-0.3697245428906732,0.9291414114031744,25.0,0
2022-12-10,2.8,5.9,1.2,0.0,1.5,5.2,94.0,5.4,-0.3826834323650896,-0.9238795325112868,344,12,2022,25.0,13.0,24.0,26.25,21.428571428571427,26.666666666666668,-0.3536761221763721,0.935367949313148,15.0,0
2022-12-11,3.2,8.4,-0.7,0.0,1.4,5.5,73.0,7.5,-0.3826834323650896,-0.9238795325112868,345,12,2022,15.0,11.0,30.0,27.5,21.714285714285715,26.366666666666667,-0.3375228995941134,0.941317317512847,17.0,0
2022-12-12,-0.3,2.0,-2.5,0.0,1.2,4.0,85.0,6.0,0.9238795325112868,0.3826834323650898,346,12,2022,17.0,7.0,33.0,25.5,22.571428571428573,25.933333333333334,-0.3212696616923651,0.9469877530760752,26.0,0
2022-12-13,1.8,4.0,-0.3,0.0,1.4,4.2,77.0,4.2,-0.3826834323650896,-0.9238795325112868,347,12,2022,26.0,23.0,21.0,28.75,25.285714285714285,25.7,-0.3049212246562894,0.9523775757303972,21.0,0
2022-12-14,2.7,4.8,1.2,0.0,1.1,4.4,73.0,4.1,-0.7071067811865475,-0.7071067811865477,348,12,2022,21.0,37.0,24.0,33.0,25.0,25.7,-0.2884824328806098,0.9574851883550388,30.0,0
2022-12-15,0.9,2.3,-0.1,15.2,0.6,5.1,90.0,4.35,0.9238795325112868,0.3826834323650898,349,12,2022,30.0,34.0,30.0,34.25,24.0,25.9,-0.2719581575341052,0.9623090774541488,33.0,0
2022-12-16,2.1,5.5,-0.4,0.0,1.2,5.3,90.0,4.6,-0.7071067811865475,-0.7071067811865477,350,12,2022,33.0,25.0,28.0,27.25,23.857142857142858,26.0,-0.2553532951161881,0.9668478136052772,31.0,0
2022-12-17,1.9,6.1,-2.6,0.0,1.4,5.0,88.0,7.4,-0.7071067811865475,-0.7071067811865477,351,12,2022,31.0,15.0,31.0,33.75,24.714285714285715,26.1,-0.2386727660059499,0.9711000518829505,43.0,0
2022-12-18,3.7,6.2,1.9,0.0,1.1,4.0,90.0,3.5,-0.7071067811865475,-0.7071067811865477,352,12,2022,43.0,17.0,21.0,39.75,28.714285714285715,26.5,-0.2219215130041667,0.9750645322571944,50.0,0
2022-12-19,1.2,2.8,-0.3,0.0,1.3,4.1,97.0,4.3,-0.7071067811865475,-0.7071067811865477,353,12,2022,50.0,26.0,20.0,41.0,33.42857142857143,27.466666666666665,-0.2051044998686192,0.9787400799669153,39.0,0
2022-12-20,2.1,5.1,-1.4,0.0,1.4,3.9,83.0,4.1,-0.7071067811865475,-0.7071067811865477,354,12,2022,39.0,21.0,25.0,37.75,35.285714285714285,28.1,-0.1882267098432439,0.9821256058680006,37.0,0
2022-12-21,4.0,6.5,1.6,0.0,1.2,3.7,78.0,2.9,-0.7071067811865475,-0.7071067811865477,355,12,2022,37.0,30.0,26.0,27.0,37.57142857142857,28.5,-0.1712931441814778,0.9852201067560606,70.0,0
2022-12-22,4.2,8.0,1.2,0.0,1.0,4.4,87.0,5.8,-0.7071067811865475,-0.7071067811865477,356,12,2022,70.0,33.0,5.0,18.75,43.285714285714285,29.966666666666665,-0.154308820664281,0.9880226656636976,67.0,0
2022-12-23,4.8,7.9,2.6,0.0,1.2,4.8,93.0,2.7,-0.7071067811865475,-0.7071067811865477,357,12,2022,67.0,31.0,23.0,17.75,48.142857142857146,32.03333333333333,-0.1372787721132651,0.9905324521322229,22.0,0
2022-12-24,6.7,8.0,4.6,0.4,0.9,4.2,99.0,1.1,-0.7071067811865475,-0.7071067811865477,358,12,2022,22.0,43.0,26.0,14.0,46.85714285714285,32.0,-0.1202080448993527,0.9927487224577402,34.0,0
2022-12-25,8.1,9.0,6.7,0.4,0.7,2.3,99.0,0.9,-0.7071067811865475,-0.7071067811865477,359,12,2022,34.0,50.0,37.0,16.0,45.57142857142857,32.266666666666666,-0.1031016974474354,0.9946708199115212,37.0,0
2022-12-26,9.0,13.2,6.3,0.0,0.9,3.8,89.0,5.3,-0.7071067811865475,-0.7071067811865477,360,12,2022,37.0,39.0,41.0,22.75,43.71428571428572,32.266666666666666,-0.0859647987374467,0.9962981749346076,25.0,0
2022-12-27,7.5,12.0,2.8,0.0,1.0,3.5,87.0,6.6,-0.7071067811865475,-0.7071067811865477,361,12,2022,25.0,37.0,32.0,26.25,41.71428571428572,31.73333333333333,-0.0688024268023206,0.9976303053065856,28.0,0
2022-12-28,7.2,9.7,5.1,0.0,1.0,4.7,88.0,4.8,-0.3826834323650896,-0.9238795325112868,362,12,2022,28.0,70.0,51.0,31.75,40.42857142857143,31.6,-0.0516196672232541,0.998666816288476,34.0,0
2022-12-29,6.4,10.0,3.7,0.0,0.7,3.6,78.0,4.6,-0.3826834323650895,0.9238795325112868,363,12,2022,34.0,67.0,41.0,31.25,35.285714285714285,31.03333333333333,-0.0344216116227458,0.9994074007397048,31.0,0
2022-12-30,6.0,9.0,3.2,0.0,0.9,3.7,82.0,5.4,-0.7071067811865475,-0.7071067811865477,364,12,2022,31.0,22.0,26.0,33.5,30.142857142857142,30.7,-0.0172133561558352,0.9998518392091162,27.0,0
2022-12-31,6.2,10.1,3.2,0.0,0.9,3.5,85.0,4.3,-0.7071067811865475,-0.7071067811865477,365,12,2022,27.0,34.0,25.0,38.75,30.857142857142858,30.73333333333333,6.432490598706546e-16,1.0,47.0,0
2023-01-01,7.5,8.7,6.4,1.0,0.8,2.7,90.0,1.1,-0.3826834323650896,-0.9238795325112868,1,1,2023,47.0,37.0,30.0,62.0,32.714285714285715,31.466666666666665,0.0172133561558346,0.9998518392091162,64.0,0
2023-01-02,9.4,10.7,7.9,0.0,0.7,2.6,95.0,2.2,-0.3826834323650896,-0.9238795325112868,2,1,2023,64.0,25.0,13.0,62.0,36.57142857142857,32.6,0.0344216116227457,0.9994074007397048,36.0,0
2023-01-03,10.0,11.6,8.7,0.0,0.8,3.3,90.0,2.6,-0.3826834323650896,-0.9238795325112868,3,1,2023,36.0,28.0,11.0,62.0,38.142857142857146,33.36666666666667,0.0516196672232537,0.998666816288476,28.0,0
2023-01-04,9.7,12.8,7.1,0.0,1.0,4.8,86.0,6.2,-0.3826834323650896,-0.9238795325112868,4,1,2023,28.0,34.0,7.0,62.0,38.142857142857146,33.93333333333333,0.0688024268023198,0.9976303053065856,25.0,0
2023-01-05,8.6,14.6,4.7,0.0,1.5,4.3,86.0,7.2,-0.7071067811865475,-0.7071067811865477,5,1,2023,25.0,31.0,23.0,62.0,36.85714285714285,34.53333333333333,0.0859647987374464,0.9962981749346078,27.0,0
2023-01-06,5.8,8.0,3.5,0.0,1.3,5.3,98.0,1.0,-0.7071067811865477,0.7071067811865474,6,1,2023,27.0,27.0,37.0,62.0,36.285714285714285,34.666666666666664,0.1031016974474348,0.9946708199115212,22.0,0
2023-01-07,6.3,7.4,4.9,0.0,1.3,3.5,94.0,2.2,-0.3826834323650896,-0.9238795325112868,7,1,2023,22.0,47.0,34.0,62.0,35.57142857142857,34.166666666666664,0.1202080448993527,0.9927487224577402,21.0,0
2023-01-08,6.7,7.2,6.2,1.6,0.9,2.6,98.0,0.4,-0.7071067811865475,-0.7071067811865477,8,1,2023,21.0,64.0,25.0,62.0,31.857142857142858,33.733333333333334,0.1372787721132647,0.9905324521322229,5.0,0
2023-01-09,8.4,14.4,3.9,0.0,2.9,12.6,64.0,7.4,-1.0,-1.8369701987210292e-16,9,1,2023,5.0,36.0,15.0,62.0,23.428571428571427,33.06666666666667,0.1543088206642811,0.9880226656636976,11.0,0
2023-01-10,10.7,15.1,6.0,0.0,1.8,11.3,30.0,8.0,-0.9238795325112866,0.38268343236509,10,1,2023,11.0,28.0,17.0,62.0,19.857142857142858,32.93333333333333,0.1712931441814776,0.9852201067560606,6.0,0
2023-01-11,7.1,10.4,4.5,0.0,0.7,3.4,51.0,5.4,-0.7071067811865475,-0.7071067811865477,11,1,2023,6.0,25.0,26.0,62.0,16.714285714285715,32.56666666666667,0.1882267098432442,0.9821256058680006,28.0,0
2023-01-12,6.4,11.3,3.6,0.0,0.8,3.6,64.0,6.5,-0.7071067811865475,-0.7071067811865477,12,1,2023,28.0,27.0,21.0,62.0,17.142857142857142,32.63333333333333,0.2051044998686192,0.9787400799669153,40.0,0
2023-01-13,6.0,10.7,3.1,0.0,1.0,4.4,65.0,6.0,-0.7071067811865475,-0.7071067811865477,13,1,2023,40.0,22.0,30.0,43.0,19.0,33.266666666666666,0.2219215130041655,0.9750645322571948,42.0,0
2023-01-14,5.7,8.5,2.3,0.0,1.0,6.2,71.0,7.1,0.3826834323650898,0.9238795325112868,14,1,2023,42.0,21.0,33.0,44.0,21.857142857142858,33.666666666666664,0.2386727660059501,0.9711000518829505,38.0,0
2023-01-15,6.1,8.7,3.4,0.0,0.9,4.8,76.0,5.6,0.9238795325112868,0.3826834323650898,15,1,2023,38.0,5.0,31.0,45.0,24.285714285714285,33.833333333333336,0.255353295116187,0.9668478136052776,43.0,0
2023-01-16,2.8,5.0,0.5,0.0,1.4,5.1,91.0,2.2,-0.3826834323650896,-0.9238795325112868,16,1,2023,43.0,11.0,43.0,41.0,29.714285714285715,34.233333333333334,0.2719581575341055,0.9623090774541486,34.0,0
2023-01-17,3.2,5.4,1.4,0.0,1.1,5.0,86.0,2.5,0.0,1.0,17,1,2023,34.0,6.0,50.0,42.0,33.0,33.93333333333333,0.288482432880609,0.9574851883550392,26.0,0
2023-01-18,2.1,5.7,0.9,0.0,1.2,6.0,93.0,4.5,-0.7071067811865475,-0.7071067811865477,18,1,2023,26.0,28.0,39.0,34.0,35.857142857142854,33.13333333333333,0.304921224656289,0.9523775757303974,30.0,0
2023-01-19,3.2,7.5,0.4,0.0,1.6,6.6,67.0,7.8,-0.3826834323650896,-0.9238795325112868,19,1,2023,30.0,40.0,37.0,57.0,36.142857142857146,32.833333333333336,0.3212696616923644,0.9469877530760752,18.0,0
2023-01-20,2.6,7.7,-0.9,0.0,1.1,5.4,55.0,8.7,-0.3826834323650896,-0.9238795325112868,20,1,2023,18.0,42.0,70.0,58.0,33.0,32.2,0.3375228995941133,0.9413173175128472,19.0,0
2023-01-21,3.6,8.6,-0.9,0.0,1.0,4.1,35.0,8.1,-0.3826834323650896,-0.9238795325112868,21,1,2023,19.0,38.0,67.0,42.0,29.714285714285715,30.5,0.3536761221763716,0.9353679493131484,20.0,0
2023-01-22,3.4,7.1,0.8,0.0,1.2,4.1,46.0,5.5,-0.3826834323650896,-0.9238795325112868,22,1,2023,20.0,43.0,22.0,44.0,27.142857142857142,28.933333333333334,0.3697245428906731,0.9291414114031744,14.0,0
2023-01-23,3.5,5.3,1.4,2.2,1.2,6.2,67.0,1.2,-0.3826834323650896,-0.9238795325112868,23,1,2023,14.0,34.0,34.0,56.0,23.0,28.666666666666668,0.385663406243607,0.9226395488404876,27.0,0
2023-01-24,6.4,9.2,4.3,3.0,1.0,4.6,83.0,3.4,-0.3826834323650896,-0.9238795325112868,24,1,2023,27.0,26.0,37.0,72.0,22.0,28.433333333333334,0.401487989205973,0.9158642882672872,10.0,0
2023-01-25,5.7,8.6,3.1,0.0,1.0,5.5,81.0,4.4,0.9238795325112868,0.3826834323650898,25,1,2023,10.0,30.0,25.0,48.0,19.714285714285715,27.53333333333333,0.4171936026123168,0.9088176373395028,21.0,0
2023-01-26,4.8,8.6,2.1,0.0,0.8,3.5,74.0,6.0,0.0,1.0,26,1,2023,21.0,18.0,28.0,38.0,18.428571428571427,27.4,0.4327755925504312,0.901501684131884,27.0,0
2023-01-27,3.3,4.8,2.0,0.0,1.0,3.6,78.0,2.1,0.9238795325112868,0.3826834323650898,27,1,2023,27.0,19.0,34.0,43.0,19.714285714285715,27.366666666666667,0.4482293417404106,0.893918596519257,33.0,0
2023-01-28,4.4,7.9,1.7,0.0,1.1,5.0,66.0,9.0,-0.3826834323650896,-0.9238795325112868,28,1,2023,33.0,20.0,31.0,38.0,21.714285714285715,27.33333333333333,0.4635502709028509,0.886070621534138,36.0,0
2023-01-29,3.5,7.6,0.1,0.0,0.9,4.3,62.0,9.2,-0.3826834323650896,-0.9238795325112868,29,1,2023,36.0,14.0,27.0,34.0,24.0,27.5,0.4787338401157884,0.8779600847008882,34.0,0
2023-01-30,4.5,10.1,-0.2,0.0,1.2,4.5,63.0,9.2,-0.7071067811865475,-0.7071067811865477,30,1,2023,34.0,27.0,47.0,33.0,26.857142857142858,27.73333333333333,0.4937755501599771,0.869589389346611,39.0,0
2023-01-31,6.0,12.5,0.0,0.0,1.0,3.7,61.0,9.5,-0.3826834323650896,-0.9238795325112868,31,1,2023,39.0,10.0,64.0,27.0,28.571428571428573,27.466666666666665,0.5086709438521044,0.8609610158889943,38.0,0
2023-02-01,7.1,13.7,2.6,0.0,1.0,4.3,59.0,10.0,-0.7071067811865475,-0.7071067811865477,32,2,2023,38.0,21.0,36.0,11.0,32.57142857142857,26.6,0.5234156073655503,0.8520775211013093,36.0,0
2023-02-02,8.2,15.0,3.6,0.0,1.0,4.5,58.0,10.2,-0.7071067811865475,-0.7071067811865477,33,2,2023,36.0,27.0,28.0,18.0,34.714285714285715,26.6,0.5380051715382996,0.8429415373547828,35.0,0
2023-02-03,9.2,16.3,4.0,0.0,1.4,7.3,55.0,9.7,-0.7071067811865475,-0.7071067811865477,34,2,2023,35.0,33.0,25.0,31.0,35.857142857142854,26.83333333333333,0.5524353131676196,0.8335557718385699,32.0,0
2023-02-04,12.5,21.0,4.8,0.0,1.4,7.4,51.0,9.7,-0.3826834323650896,-0.9238795325112868,35,2,2023,32.0,36.0,27.0,44.0,35.714285714285715,27.066666666666663,0.5667017562911176,0.8239230057575542,23.0,0
2023-02-05,6.3,8.8,4.0,0.6,1.5,7.3,72.0,9.2,0.7071067811865476,0.7071067811865476,36,2,2023,23.0,34.0,22.0,56.0,33.857142857142854,26.933333333333334,0.5808002734538009,0.8140460935082178,32.0,0
2023-02-06,4.9,6.7,2.6,0.0,1.6,8.7,70.0,5.7,0.7071067811865476,0.7071067811865476,37,2,2023,32.0,39.0,21.0,55.0,33.57142857142857,27.266666666666666,0.5947266869607634,0.8039279618328213,32.0,0
2023-02-07,3.7,7.5,0.4,0.0,1.8,9.4,51.0,11.4,-0.3826834323650896,-0.9238795325112868,38,2,2023,32.0,38.0,5.0,12.0,32.57142857142857,27.633333333333333,0.6084768701151261,0.7935716089521474,32.0,0
2023-02-08,2.6,6.7,-0.3,0.0,1.3,5.9,50.0,11.2,0.9238795325112868,0.3826834323650898,39,2,2023,32.0,36.0,11.0,20.0,31.714285714285715,28.53333333333333,0.6220467484408675,0.7829801036770629,19.0,0
2023-02-09,1.8,4.4,0.2,0.0,1.4,4.7,49.0,9.3,0.7071067811865476,0.7071067811865476,40,2,2023,19.0,35.0,6.0,30.0,29.285714285714285,28.8,0.6354323008901774,0.7721565844991642,19.0,0
2023-02-10,2.8,8.2,-1.9,0.0,0.8,3.6,47.0,11.9,-0.7071067811865475,-0.7071067811865477,41,2,2023,19.0,32.0,28.0,32.0,27.0,29.23333333333333,0.6486295610349814,0.7611042586607747,28.0,0
2023-02-11,4.8,10.8,-0.5,0.0,1.0,3.6,45.0,11.3,-0.7071067811865475,-0.7071067811865477,42,2,2023,28.0,23.0,40.0,36.0,26.428571428571427,29.23333333333333,0.6616346182422783,0.7498264012045686,33.0,0
2023-02-12,8.0,16.1,2.3,0.0,1.2,4.2,45.0,11.8,-0.7071067811865475,-0.7071067811865477,43,2,2023,33.0,32.0,42.0,23.0,27.857142857142858,29.0,0.6744436188329455,0.7383263540031065,35.0,0
2023-02-13,8.3,13.6,3.1,0.0,0.7,3.8,51.0,11.5,-0.3826834323650896,-0.9238795325112868,44,2,2023,35.0,32.0,38.0,22.0,28.285714285714285,28.766666666666666,0.6870527672236669,0.7266075247685656,37.0,0
2023-02-14,9.0,15.4,3.5,0.0,1.0,3.9,54.0,12.0,-0.7071067811865475,-0.7071067811865477,45,2,2023,37.0,32.0,43.0,22.0,29.0,28.73333333333333,0.699458327051647,0.7146733860429609,48.0,0
2023-02-15,10.5,18.2,4.4,0.0,0.7,3.8,51.0,12.2,-0.7071067811865475,-0.7071067811865477,46,2,2023,48.0,19.0,34.0,35.0,31.285714285714285,28.9,0.7116566222817746,0.7025274741691571,46.0,0
2023-02-16,10.4,16.0,6.0,0.0,0.7,4.5,57.0,11.3,-0.7071067811865475,-0.7071067811865477,47,2,2023,46.0,19.0,26.0,38.0,35.142857142857146,29.3,0.7236440382959124,0.6901733882429719,34.0,0
2023-02-17,9.9,15.5,4.6,0.0,1.0,5.1,65.0,12.1,-0.7071067811865475,-0.7071067811865477,48,2,2023,34.0,28.0,30.0,42.0,37.285714285714285,29.566666666666663,0.7354170229639855,0.6776147890466889,34.0,0
2023-02-18,10.4,16.2,5.3,0.0,1.0,4.7,66.0,12.7,-0.7071067811865475,-0.7071067811865477,49,2,2023,34.0,33.0,18.0,54.0,38.142857142857146,29.7,0.7469720876965552,0.6648553979642865,27.0,0
2023-02-19,10.1,16.0,5.5,0.0,0.9,4.2,70.0,10.3,-0.7071067811865475,-0.7071067811865477,50,2,2023,27.0,35.0,19.0,54.0,37.285714285714285,30.0,0.7583058084785624,0.6518989958787126,26.0,0
2023-02-20,7.8,10.7,4.0,0.0,1.1,3.5,90.0,5.0,0.0,1.0,51,2,2023,26.0,37.0,20.0,54.0,36.0,30.23333333333333,0.7694148268839378,0.6387494220515272,43.0,0
2023-02-21,10.7,14.7,7.9,0.0,0.9,4.6,78.0,11.1,-0.7071067811865475,-0.7071067811865477,52,2,2023,43.0,48.0,14.0,54.0,36.85714285714285,31.0,0.7802958510707755,0.6254105729852463,41.0,0
2023-02-22,10.4,12.1,9.6,0.0,1.0,3.1,81.0,3.2,0.9238795325112868,0.3826834323650898,53,2,2023,41.0,46.0,27.0,5.0,35.857142857142854,31.9,0.7909456567567772,0.6118864012687243,28.0,0
2023-02-23,11.5,14.3,8.9,0.0,1.2,4.7,75.0,8.8,0.9238795325112868,0.3826834323650898,54,2,2023,28.0,34.0,10.0,14.0,33.285714285714285,31.933333333333334,0.8013610881746766,0.5981809144059165,28.0,0
2023-02-24,10.8,13.3,8.6,0.0,1.2,4.5,81.0,5.5,0.3826834323650898,0.9238795325112868,55,2,2023,28.0,34.0,21.0,14.0,32.42857142857143,32.53333333333333,0.8115390590073611,0.5842981736283684,27.0,0
2023-02-25,9.5,13.1,6.1,0.0,1.2,5.9,82.0,9.9,-0.3826834323650896,-0.9238795325112868,56,2,2023,27.0,27.0,27.0,14.0,31.428571428571427,32.733333333333334,0.8214765533024142,0.5702422926917871,31.0,0
2023-02-26,3.8,7.7,0.8,7.4,1.8,12.4,90.0,1.2,0.0,1.0,57,2,2023,31.0,26.0,33.0,14.0,32.0,32.86666666666667,0.8311706263658079,0.5560174366570446,17.0,0
2023-02-27,3.4,5.2,1.3,0.2,1.5,5.2,77.0,4.8,-0.7071067811865475,-0.7071067811865477,58,2,2023,17.0,43.0,36.0,14.0,30.714285714285715,32.333333333333336,0.8406184056344782,0.5416278206559814,5.0,0
2023-02-28,4.3,5.5,3.1,0.0,1.3,4.4,69.0,4.1,0.9238795325112868,0.3826834323650898,59,2,2023,5.0,41.0,34.0,14.0,25.285714285714285,31.3,0.8498170915275278,0.5270777086423722,14.0,0
2023-03-01,5.5,8.4,3.9,7.2,1.3,5.7,74.0,5.8,-0.3826834323650896,-0.9238795325112868,60,3,2023,14.0,28.0,39.0,14.0,21.428571428571427,30.633333333333333,0.8587639582758029,0.5123714121284237,21.0,1
2023-03-02,7.4,11.1,3.9,1.0,1.3,5.0,74.0,7.1,-0.3826834323650896,-0.9238795325112868,61,3,2023,21.0,28.0,38.0,14.0,20.428571428571427,30.03333333333333,0.8674563547295969,0.4975132889071806,8.0,1
2023-03-03,9.9,14.7,5.5,0.0,0.9,4.6,64.0,15.0,-0.7071067811865475,-0.7071067811865477,62,3,2023,8.0,27.0,36.0,14.0,17.571428571428573,29.03333333333333,0.8758917051442429,0.4825077417612184,14.0,1
2023-03-04,11.0,16.0,6.4,0.0,0.7,5.0,60.0,16.0,-0.3826834323650896,-0.9238795325112868,63,3,2023,14.0,31.0,35.0,14.0,15.714285714285714,28.3,0.8840675099433636,0.4673592171580022,18.0,1
2023-03-05,10.6,16.5,5.3,0.0,1.1,5.1,60.0,16.4,-0.3826834323650896,-0.9238795325112868,64,3,2023,18.0,17.0,32.0,14.0,13.857142857142858,27.73333333333333,0.8919813464595485,0.4520722039323043,19.0,1
2023-03-06,9.6,13.5,6.2,0.0,0.9,4.2,66.0,10.4,-0.3826834323650895,0.9238795325112868,65,3,2023,19.0,5.0,23.0,14.0,14.142857142857142,27.3,0.8996308696522433,0.436651231956064,21.0,1
2023-03-07,9.3,13.3,5.2,0.0,1.0,3.8,67.0,11.5,0.9238795325112868,0.3826834323650898,66,3,2023,21.0,14.0,32.0,14.0,16.428571428571427,27.23333333333333,0.907013812802636,0.4211008707960896,22.0,1
2023-03-08,10.0,13.9,6.0,0.0,0.9,4.2,67.0,10.9,0.9238795325112868,0.3826834323650898,67,3,2023,22.0,21.0,32.0,14.0,17.571428571428573,26.9,0.9141279881853336,0.4054257283599973,21.0,1
2023-03-09,12.5,18.8,7.3,0.0,1.1,4.1,67.0,14.4,0.7071067811865476,0.7071067811865476,68,3,2023,21.0,8.0,32.0,14.0,17.571428571428573,26.53333333333333,0.9209712877166346,0.3896304495307879,23.0,1
2023-03-10,13.4,19.0,7.7,0.0,3.4,15.6,51.0,17.3,-1.0,-1.8369701987210292e-16,69,3,2023,23.0,14.0,19.0,48.0,19.714285714285715,26.23333333333333,0.9275416835791966,0.373719714790469,11.0,1
2023-03-11,16.8,22.4,12.0,0.0,3.1,13.0,39.0,18.0,-0.9238795325112866,0.38268343236509,70,3,2023,11.0,18.0,19.0,33.0,19.285714285714285,25.966666666666665,0.9338372288229252,0.3576982388331254,5.0,1
2023-03-12,13.5,17.9,8.7,0.0,1.8,7.9,60.0,17.7,0.7071067811865476,0.7071067811865476,71,3,2023,5.0,19.0,28.0,33.0,17.428571428571427,25.5,0.9398560579418954,0.3415707691678556,10.0,1
2023-03-13,11.2,12.9,9.5,1.6,1.2,4.0,74.0,4.3,0.9238795325112868,0.3826834323650898,72,3,2023,10.0,21.0,33.0,33.0,16.142857142857142,24.9,0.9455963874271426,0.3253420847119801,20.0,1
2023-03-14,12.2,16.6,9.2,8.4,2.1,12.1,63.0,10.4,-0.9238795325112866,0.38268343236509,73,3,2023,20.0,22.0,35.0,33.0,16.0,24.466666666666665,0.9510565162951536,0.3090169943749474,6.0,1
2023-03-15,12.1,14.8,7.8,0.0,1.8,8.2,23.0,19.1,0.9238795325112868,0.3826834323650898,74,3,2023,6.0,21.0,37.0,33.0,13.714285714285714,23.5,0.9562348265919056,0.2926003356333483,5.0,1
2023-03-16,10.1,14.3,5.7,0.0,1.4,5.0,41.0,17.2,0.7071067811865476,0.7071067811865476,75,3,2023,5.0,23.0,48.0,33.0,11.428571428571429,22.433333333333334,0.9611297838723007,0.2760969730974688,11.0,1
2023-03-17,9.9,14.2,5.1,0.0,1.2,4.5,48.0,16.5,0.7071067811865476,0.7071067811865476,76,3,2023,11.0,11.0,46.0,33.0,9.714285714285714,21.2,0.9657399376548548,0.2595117970697999,18.0,1
2023-03-18,11.6,16.4,7.0,0.0,1.0,5.3,51.0,17.3,0.9238795325112868,-0.3826834323650897,77,3,2023,18.0,5.0,34.0,33.0,10.714285714285714,20.266666666666666,0.9700639218515072,0.2428497220959356,24.0,1
2023-03-19,12.4,15.5,8.5,0.0,1.0,4.0,59.0,12.3,0.3826834323650898,0.9238795325112868,78,3,2023,24.0,10.0,34.0,33.0,13.428571428571429,19.933333333333334,0.9741004551724204,0.2261156855082882,15.0,1
2023-03-20,13.0,18.8,7.5,0.0,1.2,4.4,62.0,18.4,0.9238795325112868,0.3826834323650898,79,3,2023,15.0,20.0,27.0,33.0,14.142857142857142,19.3,0.9778483415056568,0.2093146459630484,22.0,1
2023-03-21,13.8,18.9,8.9,0.0,0.8,4.2,58.0,16.6,-0.3826834323650895,0.9238795325112868,80,3,2023,22.0,6.0,26.0,33.0,14.428571428571429,19.133333333333333,0.9813064702716092,0.1924515819708299,29.0,1
2023-03-22,15.3,20.6,10.1,0.0,0.9,4.4,55.0,18.1,0.7071067811865476,0.7071067811865476,81,3,2023,29.0,5.0,43.0,33.0,17.714285714285715,19.23333333333333,0.9844738167520922,0.1755314904214282,32.0,1
2023-03-23,15.6,21.1,11.8,0.0,1.1,5.6,59.0,16.8,0.9238795325112868,0.3826834323650898,82,3,2023,32.0,11.0,41.0,33.0,21.571428571428573,18.866666666666667,0.9873494423939864,0.1585593851031347,21.0,1
2023-03-24,13.5,16.4,10.9,0.0,1.2,4.7,76.0,5.5,0.7071067811865476,0.7071067811865476,83,3,2023,21.0,18.0,28.0,33.0,23.0,18.2,0.989932495087353,0.141540295217043,11.0,1
2023-03-25,15.8,21.5,7.7,0.0,2.4,13.2,43.0,21.0,-1.0,-1.8369701987210292e-16,84,3,2023,11.0,24.0,28.0,23.0,22.0,17.633333333333333,0.9922222094179324,0.1244792638867891,6.0,1
2023-03-26,12.9,16.1,9.9,0.0,2.0,10.7,42.0,13.6,-1.0,-1.8369701987210292e-16,85,3,2023,6.0,15.0,27.0,23.0,19.428571428571427,16.9,0.994217906893952,0.107381346664163,6.0,1
2023-03-27,14.0,18.6,9.6,0.0,3.0,12.1,24.0,22.4,-0.9238795325112866,0.38268343236509,86,3,2023,6.0,22.0,31.0,37.0,18.142857142857142,16.2,0.995918996147179,0.0902516100310411,5.0,1
2023-03-28,11.0,16.0,5.7,0.0,1.4,6.1,25.0,21.6,-0.3826834323650896,-0.9238795325112868,87,3,2023,5.0,29.0,17.0,35.0,15.714285714285714,15.333333333333334,0.9973249731081556,0.0730951298980777,5.0,1
2023-03-29,12.3,18.0,5.3,0.0,1.3,5.1,47.0,20.4,-0.3826834323650896,-0.9238795325112868,88,3,2023,5.0,32.0,5.0,35.0,12.285714285714286,14.933333333333334,0.9984354211555644,0.0559169901006034,8.0,1
2023-03-30,13.3,17.1,9.1,0.0,1.3,4.5,68.0,10.2,1.0,6.123233995736766e-17,89,3,2023,8.0,21.0,14.0,24.0,8.857142857142858,15.033333333333331,0.9992500112396836,0.0387222808921744,9.0,1
2023-03-31,14.2,18.9,10.9,0.0,1.7,10.8,58.0,15.1,-1.0,-1.8369701987210292e-16,90,3,2023,9.0,11.0,21.0,20.0,7.142857142857143,14.866666666666667,0.9997685019798908,0.0215160974362222,7.0,1
2023-04-01,16.8,21.0,13.1,0.0,3.0,10.7,24.0,22.9,-0.9238795325112866,0.38268343236509,91,4,2023,7.0,6.0,8.0,6.0,6.571428571428571,14.4,0.99999073973619,0.0043035382962442,5.0,1
2023-04-02,15.9,19.8,12.0,0.0,1.6,6.1,31.0,23.0,0.9238795325112868,0.3826834323650898,92,4,2023,5.0,6.0,14.0,5.0,6.428571428571429,14.3,0.999916658654738,-0.0129102960750088,5.0,1
2023-04-03,14.7,20.7,10.1,0.0,1.8,9.0,38.0,19.8,0.7071067811865476,0.7071067811865476,93,4,2023,5.0,5.0,18.0,9.0,6.285714285714286,14.0,0.9995462806873572,-0.0301203048469081,5.0,1
2023-04-04,10.3,13.8,7.2,0.0,2.0,7.9,40.0,16.8,0.7071067811865476,0.7071067811865476,94,4,2023,5.0,5.0,19.0,21.0,6.285714285714286,13.566666666666666,0.9988797155850336,-0.0473213883224318,5.0,1
2023-04-05,9.4,14.0,5.4,0.0,1.8,6.1,39.0,22.8,0.9238795325112868,0.3826834323650898,95,4,2023,5.0,8.0,21.0,25.0,6.285714285714286,13.1,0.9979171608653922,-0.0645084494493162,10.0,1
2023-04-06,9.8,14.3,4.6,0.0,1.2,4.6,42.0,17.7,0.7071067811865476,0.7071067811865476,96,4,2023,10.0,9.0,22.0,23.0,6.571428571428571,12.733333333333333,0.9966589017541702,-0.0816763953304224,14.0,1
2023-04-07,10.2,15.0,5.7,0.0,1.5,9.8,57.0,17.2,0.9238795325112868,0.3826834323650898,97,4,2023,14.0,7.0,21.0,11.0,7.285714285714286,12.466666666666669,0.9951053111006976,-0.0988201387328714,16.0,1
2023-04-08,13.5,19.6,7.7,0.0,1.5,7.8,47.0,23.6,-0.3826834323650896,-0.9238795325112868,98,4,2023,16.0,5.0,23.0,8.0,8.571428571428571,12.3,0.9932568492674144,-0.1159345995955004,5.0,1
2023-04-09,13.4,18.4,8.2,0.0,1.6,5.8,52.0,22.8,0.9238795325112868,0.3826834323650898,99,4,2023,5.0,5.0,11.0,5.0,8.571428571428571,11.7,0.9911140639934548,-0.1330147065341959,9.0,1
2023-04-10,13.7,17.6,10.1,0.0,1.8,6.6,45.0,19.7,0.7071067811865476,0.7071067811865476,100,4,2023,9.0,5.0,5.0,6.0,9.142857142857142,11.633333333333333,0.9886775902323404,-0.1500553983446526,9.0,1
2023-04-11,14.8,20.5,9.7,0.0,1.4,6.0,54.0,21.2,-0.3826834323650896,-0.9238795325112868,101,4,2023,9.0,5.0,10.0,16.0,9.714285714285714,11.766666666666667,0.9859481499638304,-0.1670516255021192,9.0,1
2023-04-12,12.5,14.3,10.0,0.0,1.5,5.5,78.0,5.7,0.0,1.0,102,4,2023,9.0,10.0,20.0,19.0,10.285714285714286,11.733333333333333,0.9829265519799822,-0.18399835165768,14.0,1
2023-04-13,12.2,15.6,9.6,0.0,1.9,6.9,55.0,10.5,0.7071067811865476,0.7071067811865476,103,4,2023,14.0,14.0,6.0,24.0,10.857142857142858,11.533333333333331,0.97961369164549,-0.200890555130635,8.0,1
2023-04-14,14.5,19.6,6.8,0.0,1.5,7.5,22.0,21.6,-0.3826834323650896,-0.9238795325112868,104,4,2023,8.0,16.0,5.0,22.0,10.0,11.6,0.9760105506323684,-0.2177232303965317,5.0,1
2023-04-15,13.3,18.2,7.4,0.0,1.5,5.9,41.0,17.7,0.7071067811865476,0.7071067811865476,105,4,2023,5.0,5.0,11.0,22.0,8.428571428571429,11.6,0.9721181966290612,-0.2344913895704098,6.0,1
2023-04-16,15.7,22.1,8.9,0.2,1.3,6.5,44.0,24.5,1.0,6.123233995736766e-17,106,4,2023,6.0,9.0,18.0,18.0,8.571428571428571,11.433333333333334,0.9679377830240642,-0.2511900638848193,8.0,1
2023-04-17,15.4,20.3,10.1,0.0,1.4,6.9,41.0,23.4,0.7071067811865476,0.7071067811865476,107,4,2023,8.0,9.0,24.0,9.0,8.428571428571429,11.1,0.9634705485641488,-0.2678143051621742,5.0,1
2023-04-18,16.3,20.7,12.0,0.0,1.0,5.5,39.0,18.4,0.0,1.0,108,4,2023,5.0,9.0,15.0,11.0,7.857142857142857,10.466666666666669,0.9587178169872964,-0.2843591872810034,7.0,1
2023-04-19,17.5,23.9,10.9,0.0,1.4,6.6,39.0,24.5,0.9238795325112868,0.3826834323650898,109,4,2023,7.0,14.0,22.0,15.0,7.571428571428571,10.2,0.9536809966304456,-0.3008198076356673,7.0,1
2023-04-20,12.5,15.3,9.8,5.2,2.5,7.1,79.0,9.9,0.7071067811865476,0.7071067811865476,110,4,2023,7.0,8.0,29.0,20.0,6.571428571428571,9.7,0.9483615800121716,-0.3171912885891061,7.0,1
2023-04-21,11.4,13.9,9.2,1.4,1.7,5.8,83.0,8.9,0.3826834323650898,0.9238795325112868,111,4,2023,7.0,5.0,32.0,19.0,6.428571428571429,8.966666666666667,0.9427611433904208,-0.3334687789181868,5.0,1
2023-04-22,15.2,19.9,9.6,0.0,0.8,4.5,65.0,16.1,0.9238795325112868,0.3826834323650898,112,4,2023,5.0,6.0,21.0,13.0,6.428571428571429,8.066666666666666,0.9368813462954316,-0.3496474552512284,9.0,1
2023-04-23,16.3,20.7,12.1,4.4,1.6,6.9,67.0,16.8,0.3826834323650898,0.9238795325112868,113,4,2023,9.0,8.0,11.0,11.0,6.857142857142857,7.666666666666667,0.9307239310379796,-0.3657225234972689,9.0,1
2023-04-24,17.2,24.1,10.6,0.0,1.8,11.3,47.0,26.6,-0.9238795325112866,0.38268343236509,114,4,2023,9.0,5.0,6.0,6.0,7.0,7.6,0.9242907221930932,-0.3816892202666588,5.0,1
2023-04-25,16.3,21.4,10.8,0.0,1.9,7.5,40.0,26.4,0.7071067811865476,0.7071067811865476,115,4,2023,5.0,7.0,6.0,9.0,7.0,7.566666666666666,0.9175836260593936,-0.3975428142825559,5.0,1
2023-04-26,15.7,21.5,9.3,0.0,1.4,6.1,43.0,26.2,0.9238795325112868,0.3826834323650898,116,4,2023,5.0,7.0,5.0,10.0,6.714285714285714,7.533333333333333,0.9106046300942162,-0.4132786077829042,5.0,1
2023-04-27,16.5,21.4,10.5,0.0,1.6,6.1,46.0,23.3,0.7071067811865476,0.7071067811865476,117,4,2023,5.0,7.0,5.0,11.0,6.428571428571429,7.533333333333333,0.9033558023246844,-0.4288919379124835,8.0,1
2023-04-28,17.2,22.8,12.1,0.0,1.7,5.7,57.0,24.4,0.7071067811865476,0.7071067811865476,118,4,2023,8.0,5.0,8.0,9.0,6.571428571428571,7.633333333333334,0.895839290734909,-0.4443781781046132,11.0,1
2023-04-29,18.6,22.9,14.2,0.0,1.7,5.4,63.0,17.9,-0.3826834323650896,-0.9238795325112868,119,4,2023,11.0,9.0,9.0,13.0,7.428571428571429,7.733333333333333,0.8880573226294932,-0.4597327394521039,9.0,1
2023-04-30,16.3,17.9,14.4,11.6,1.8,6.1,80.0,3.6,0.0,1.0,120,4,2023,9.0,9.0,7.0,16.0,7.428571428571429,7.733333333333333,0.8800122039735357,-0.4749510720670499,13.0,1
2023-05-01,12.5,14.4,11.6,37.4,1.5,7.5,90.0,2.4,0.0,1.0,121,5,2023,13.0,5.0,5.0,16.0,8.0,7.933333333333334,0.8717063187093218,-0.4900286664290592,6.0,1
2023-05-02,16.5,22.3,11.2,0.4,1.8,5.4,64.0,27.4,-0.3826834323650896,-0.9238795325112868,122,5,2023,6.0,5.0,5.0,16.0,8.142857142857142,7.966666666666667,0.8631421280499114,-0.5049610547215204,6.0,1
2023-05-03,17.8,22.7,13.2,0.0,1.3,4.6,58.0,19.1,0.9238795325112868,0.3826834323650898,123,5,2023,6.0,5.0,5.0,9.0,8.285714285714286,8.0,0.854322169749827,-0.5197438121555155,8.0,1
2023-05-04,18.9,23.0,15.7,0.0,1.2,4.5,55.0,20.7,0.7071067811865476,0.7071067811865476,124,5,2023,8.0,8.0,5.0,10.0,8.714285714285714,8.1,0.8452490573530633,-0.5343725582809786,9.0,1
2023-05-05,20.1,25.0,14.4,0.0,1.2,5.1,55.0,22.9,0.9238795325112868,0.3826834323650898,125,5,2023,9.0,11.0,10.0,7.0,8.857142857142858,8.233333333333333,0.8359254794186372,-0.548842958284719,13.0,1
2023-05-06,21.3,26.9,15.8,3.0,1.3,7.7,57.0,24.5,0.9238795325112868,0.3826834323650898,126,5,2023,13.0,9.0,14.0,5.0,9.142857142857142,8.333333333333334,0.8263541987239096,-0.5631507242749186,15.0,1
2023-05-07,18.8,23.2,16.2,0.8,1.2,5.1,71.0,12.3,1.0,6.123233995736766e-17,127,5,2023,15.0,13.0,16.0,5.0,10.0,8.366666666666667,0.8165380514459161,-0.5772916165517272,8.0,1
2023-05-08,19.7,24.0,15.5,0.0,1.6,7.0,64.0,24.9,0.7071067811865476,0.7071067811865476,128,5,2023,8.0,6.0,5.0,6.0,9.285714285714286,8.1,0.8064799463209448,-0.5912614448635781,10.0,1
2023-05-09,17.4,19.7,15.3,5.2,2.0,6.2,79.0,7.5,0.0,1.0,129,5,2023,10.0,6.0,9.0,9.0,9.857142857142858,8.266666666666667,0.7961828637826158,-0.6050560696488488,13.0,1
2023-05-10,15.4,19.3,13.1,2.0,1.9,8.5,79.0,13.0,0.3826834323650898,0.9238795325112868,130,5,2023,13.0,8.0,9.0,12.0,10.857142857142858,8.4,0.7856498550787147,-0.6186714032625031,7.0,1
2023-05-11,15.9,22.4,12.2,0.0,1.7,10.3,64.0,22.5,0.9238795325112868,0.3826834323650898,131,5,2023,7.0,9.0,9.0,14.0,10.714285714285714,8.333333333333334,0.7748840413670407,-0.6321034111873487,8.0,1
2023-05-12,12.6,15.0,10.9,21.8,1.5,6.2,85.0,5.9,0.3826834323650898,0.9238795325112868,132,5,2023,8.0,13.0,14.0,14.0,10.571428571428571,8.3,0.7638886127905428,-0.6453481132295501,6.0,1
2023-05-13,14.3,19.0,10.2,7.0,1.6,6.6,71.0,21.6,0.7071067811865476,0.7071067811865476,133,5,2023,6.0,15.0,8.0,13.0,9.571428571428571,8.033333333333333,0.7526668275320085,-0.6584015846980488,5.0,1
2023-05-14,15.5,19.6,11.8,1.4,1.6,6.9,67.0,22.8,-0.3826834323650896,-0.9238795325112868,134,5,2023,5.0,8.0,5.0,12.0,8.142857142857142,7.933333333333334,0.7412220108485958,-0.6712599575675313,5.0,1
2023-05-15,16.8,22.6,11.8,0.0,1.5,7.4,63.0,22.9,-0.3826834323650896,-0.9238795325112868,135,5,2023,5.0,10.0,6.0,13.0,7.714285714285714,7.933333333333334,0.7295575540864875,-0.6839194216246106,8.0,1
2023-05-16,17.4,23.0,13.4,0.0,1.7,8.1,54.0,19.2,0.9238795325112868,0.3826834323650898,136,5,2023,8.0,13.0,8.0,12.0,7.428571428571429,8.0,0.717676913675962,-0.6963762255968722,8.0,1
2023-05-17,15.1,18.8,13.3,3.0,1.6,6.2,70.0,6.9,-0.3826834323650896,-0.9238795325112868,137,5,2023,8.0,7.0,5.0,13.0,6.714285714285714,8.0,0.705583610107178,-0.7086266782644596,6.0,1
2023-05-18,15.0,17.0,13.1,1.2,1.1,4.8,73.0,7.4,-0.7071067811865475,-0.7071067811865477,138,5,2023,6.0,8.0,7.0,14.0,6.571428571428571,8.033333333333333,0.6932812268869777,-0.7206671495538609,7.0,1
2023-05-19,12.7,14.1,11.5,34.6,1.9,8.3,92.0,3.5,0.0,1.0,139,5,2023,7.0,6.0,7.0,10.0,6.428571428571429,8.033333333333333,0.6807734094770161,-0.7324940716135789,7.0,1
2023-05-20,12.6,13.8,11.6,62.8,1.7,5.1,94.0,3.2,0.3826834323650898,0.9238795325112868,140,5,2023,7.0,5.0,7.0,14.0,6.571428571428571,8.033333333333333,0.6680638642135335,-0.7441039398713607,5.0,1
2023-05-21,16.1,20.3,12.9,3.2,1.1,3.7,82.0,8.6,0.9238795325112868,0.3826834323650898,141,5,2023,5.0,5.0,5.0,14.0,6.571428571428571,7.966666666666667,0.6551563572090853,-0.7554933140726803,8.0,1
2023-05-22,19.9,25.9,13.1,0.0,1.0,5.0,62.0,24.7,-0.3826834323650896,-0.9238795325112868,142,5,2023,8.0,8.0,9.0,15.0,7.0,8.066666666666666,0.6420547132365637,-0.766658819300159,14.0,1
2023-05-23,22.4,28.2,15.6,0.0,1.4,5.6,51.0,28.9,-0.3826834323650896,-0.9238795325112868,143,5,2023,14.0,8.0,9.0,12.0,7.857142857142857,8.233333333333333,0.6287628145958344,-0.7775971469736269,13.0,1
2023-05-24,19.7,26.2,15.6,14.8,1.7,8.8,68.0,21.7,0.9238795325112868,0.3826834323650898,144,5,2023,13.0,6.0,5.0,12.0,8.571428571428571,8.366666666666667,0.6152845999633276,-0.7883050558305255,12.0,1
2023-05-25,16.5,19.5,14.1,4.2,1.8,6.3,84.0,6.5,-0.3826834323650896,-0.9238795325112868,145,5,2023,12.0,7.0,5.0,11.0,9.428571428571429,8.6,0.6016240632249226,-0.7987793728863649,8.0,1
2023-05-26,21.4,27.8,13.7,0.0,1.2,5.1,55.0,29.3,-0.3826834323650896,-0.9238795325112868,146,5,2023,8.0,7.0,5.0,13.0,9.571428571428571,8.7,0.5877852522924732,-0.8090169943749473,11.0,1
2023-05-27,20.9,26.1,16.7,24.8,1.7,8.6,68.0,21.4,0.9238795325112868,0.3826834323650898,147,5,2023,11.0,5.0,8.0,14.0,10.142857142857142,8.9,0.5737722679043246,-0.8190148866680801,15.0,1
2023-05-28,21.0,25.0,16.9,6.8,1.3,6.5,66.0,17.9,1.0,6.123233995736766e-17,148,5,2023,15.0,8.0,11.0,14.0,11.571428571428571,9.133333333333333,0.5595892624101765,-0.8287700871745038,12.0,1
2023-05-29,19.3,25.0,15.3,23.2,1.3,5.3,71.0,18.7,-0.3826834323650896,-0.9238795325112868,149,5,2023,12.0,14.0,9.0,8.0,12.142857142857142,9.166666666666666,0.545240438540651,-0.8382797052177744,10.0,1
2023-05-30,21.4,26.4,15.5,6.0,1.4,7.5,59.0,24.1,0.9238795325112868,0.3826834323650898,150,5,2023,10.0,13.0,13.0,8.0,11.571428571428571,9.2,0.5307300481619334,-0.8475409228928311,12.0,1
2023-05-31,18.8,23.6,15.1,4.8,1.8,7.6,68.0,21.1,-0.3826834323650896,-0.9238795325112868,151,5,2023,12.0,12.0,6.0,12.0,11.428571428571429,9.166666666666666,0.5160623910158528,-0.8565509959010036,9.0,1
2023-06-01,22.0,26.7,17.0,0.0,1.3,6.3,54.0,27.2,-0.3826834323650896,-0.9238795325112868,152,6,2023,9.0,8.0,6.0,13.0,11.0,9.266666666666667,0.5012418134457758,-0.865307254363206,15.0,2
2023-06-02,22.7,27.8,18.0,0.0,1.2,6.1,53.0,24.3,-0.3826834323650896,-0.9238795325112868,153,6,2023,15.0,11.0,8.0,12.0,12.0,9.566666666666666,0.4862727071086899,-0.8738071036110808,14.0,2
2023-06-03,19.6,24.0,16.7,6.4,1.2,7.4,73.0,14.2,0.7071067811865476,0.7071067811865476,154,6,2023,14.0,15.0,9.0,16.0,12.428571428571429,9.766666666666667,0.4711595076738638,-0.8820480249558537,14.0,2
2023-06-04,19.0,23.1,16.7,0.0,1.5,6.7,74.0,14.7,0.9238795325112868,0.3826834323650898,155,6,2023,14.0,12.0,13.0,13.0,12.285714285714286,9.933333333333334,0.4559066935084588,-0.8900275764346767,14.0,2
2023-06-05,19.3,23.0,16.2,1.6,1.3,6.8,73.0,15.8,0.7071067811865476,0.7071067811865476,156,6,2023,14.0,10.0,15.0,13.0,12.571428571428571,9.966666666666669,0.440518784350495,-0.8977433935342337,14.0,2
2023-06-06,21.4,25.9,16.6,0.0,1.2,5.8,66.0,24.2,-0.3826834323650896,-0.9238795325112868,157,6,2023,14.0,12.0,8.0,10.0,13.142857142857142,9.933333333333334,0.4250003399695541,-0.9051931898913974,12.0,2
2023-06-07,20.9,25.0,15.7,0.4,1.7,9.2,65.0,19.8,1.0,6.123233995736766e-17,158,6,2023,12.0,9.0,10.0,9.0,13.142857142857142,10.066666666666666,0.4093559588156213,-0.9123747579707272,8.0,2
2023-06-08,21.6,25.5,16.6,2.8,1.2,6.9,68.0,15.0,0.0,1.0,159,6,2023,8.0,15.0,13.0,8.0,13.0,10.0,0.3935902766564667,-0.9192859697186104,13.0,2
2023-06-09,20.5,24.7,18.5,28.0,1.3,7.0,79.0,11.5,-0.3826834323650895,0.9238795325112868,160,6,2023,13.0,14.0,7.0,5.0,12.714285714285714,10.0,0.3777079652039649,-0.9259247771938498,16.0,2
2023-06-10,21.5,25.8,18.5,0.8,0.9,4.1,75.0,15.3,0.9238795325112868,0.3826834323650898,161,6,2023,16.0,14.0,8.0,5.0,13.0,10.3,0.3617137307297676,-0.9322892131745132,14.0,2
2023-06-11,22.6,27.9,16.7,61.8,1.3,9.1,70.0,21.9,0.9238795325112868,0.3826834323650898,162,6,2023,14.0,14.0,6.0,7.0,13.0,10.5,0.3456123126707335,-0.938377391740864,13.0,2
2023-06-12,21.7,26.3,17.1,28.2,1.1,5.5,72.0,22.5,-0.7071067811865475,-0.7071067811865477,163,6,2023,13.0,14.0,5.0,10.0,12.857142857142858,10.733333333333333,0.3294084822245304,-0.9441875088341992,10.0,2
2023-06-13,19.2,22.4,16.9,20.8,1.8,6.3,82.0,12.8,0.3826834323650898,0.9238795325112868,164,6,2023,10.0,12.0,5.0,11.0,12.285714285714286,10.9,0.3131070409358269,-0.9497178427914316,7.0,2
2023-06-14,20.4,25.0,17.3,13.6,1.2,4.5,76.0,15.9,0.7071067811865476,0.7071067811865476,165,6,2023,7.0,8.0,8.0,14.0,11.571428571428571,10.966666666666669,0.2967128192734907,-0.9549667548552552,9.0,2
2023-06-15,23.2,27.8,18.2,0.0,1.2,4.7,60.0,24.2,0.0,1.0,166,6,2023,9.0,13.0,8.0,16.0,11.714285714285714,11.0,0.2802306751992158,-0.9599326896597448,11.0,2
2023-06-16,24.3,29.1,18.8,0.0,1.3,5.5,54.0,29.2,0.9238795325112868,0.3826834323650898,167,6,2023,11.0,16.0,6.0,20.0,11.428571428571429,11.1,0.263665492728007,-0.9646141756912436,14.0,2
2023-06-17,24.5,29.3,19.4,0.0,1.4,4.9,51.0,27.8,0.7071067811865476,0.7071067811865476,168,6,2023,14.0,14.0,7.0,19.0,11.142857142857142,11.366666666666667,0.2470221804809355,-0.9690098257244062,16.0,2
2023-06-18,23.2,27.0,20.4,0.0,1.6,8.4,65.0,20.9,0.7071067811865476,0.7071067811865476,169,6,2023,16.0,13.0,7.0,16.0,11.428571428571429,11.666666666666666,0.2303056702306122,-0.973118337233262,16.0,2
2023-06-19,24.9,28.5,20.2,0.0,1.2,4.9,64.0,15.7,0.9238795325112868,0.3826834323650898,170,6,2023,16.0,10.0,5.0,16.0,11.857142857142858,11.966666666666669,0.2135209154397961,-0.9769384927771816,14.0,2
2023-06-20,25.2,28.8,21.3,0.0,1.1,5.4,53.0,19.4,0.9238795325112868,-0.3826834323650897,171,6,2023,14.0,7.0,8.0,15.0,12.428571428571429,12.266666666666667,0.1966728897935764,-0.980469160361632,12.0,2
2023-06-21,25.8,30.1,20.8,0.0,1.1,5.8,50.0,22.0,0.9238795325112868,0.3826834323650898,172,6,2023,12.0,9.0,14.0,15.0,13.142857142857142,12.4,0.1797665857255624,-0.9837092937736096,14.0,2
2023-06-22,26.4,31.1,22.0,0.0,1.4,7.9,50.0,22.6,0.9238795325112868,0.3826834323650898,173,6,2023,14.0,11.0,13.0,13.0,13.857142857142858,12.4,0.1628070129385171,-0.986657932891657,14.0,2
2023-06-23,27.2,33.2,20.9,0.0,1.7,6.7,42.0,29.4,0.9238795325112868,0.3826834323650898,174,6,2023,14.0,14.0,12.0,16.0,14.285714285714286,12.433333333333334,0.1457991969198751,-0.9893142039703664,9.0,2
2023-06-24,26.9,31.5,20.9,0.0,1.5,5.7,33.0,29.9,-0.3826834323650896,-0.9238795325112868,175,6,2023,9.0,16.0,8.0,9.0,13.571428571428571,12.333333333333334,0.1287481774525813,-0.99167731989929,10.0,2
2023-06-25,25.9,30.3,21.3,0.0,1.9,6.2,50.0,29.7,0.9238795325112868,0.3826834323650898,176,6,2023,10.0,16.0,11.0,9.0,12.714285714285714,12.4,0.1116590071216951,-0.993746580436178,12.0,2
2023-06-26,28.1,33.3,21.8,0.0,1.3,5.2,49.0,28.9,0.9238795325112868,0.3826834323650898,177,6,2023,12.0,14.0,15.0,9.0,12.142857142857142,12.433333333333334,0.0945367498171991,-0.9955213724144752,15.0,2
2023-06-27,28.2,32.7,23.8,0.0,1.6,5.8,52.0,24.8,0.9238795325112868,0.3826834323650898,178,6,2023,15.0,12.0,12.0,15.0,12.285714285714286,12.433333333333334,0.077386479233463,-0.9970011699250152,18.0,2
2023-06-28,25.4,29.1,21.7,0.0,2.5,7.6,59.0,24.8,0.7071067811865476,0.7071067811865476,179,6,2023,18.0,14.0,10.0,14.0,13.142857142857142,12.633333333333333,0.060213277365793,-0.9981855344718586,16.0,2
2023-06-29,22.1,24.1,20.6,0.4,2.0,7.1,63.0,6.2,0.7071067811865476,0.7071067811865476,180,6,2023,16.0,14.0,12.0,9.0,13.428571428571429,12.833333333333334,0.0430222330045305,-0.99907411510223,13.0,2
2023-06-30,20.1,23.2,18.3,8.8,1.5,5.8,80.0,7.4,-0.7071067811865475,-0.7071067811865477,181,6,2023,13.0,9.0,9.0,11.0,13.285714285714286,12.866666666666667,0.025818440227133,-0.9996666485105112,14.0,2
2023-07-01,22.8,28.1,17.0,0.0,1.2,4.8,66.0,26.6,-0.3826834323650896,-0.9238795325112868,182,7,2023,14.0,10.0,15.0,10.0,14.0,13.033333333333331,0.0086069968886886,-0.9999629591162656,7.0,2
2023-07-02,25.5,31.2,19.8,0.0,1.3,5.3,59.0,26.1,0.7071067811865476,0.7071067811865476,183,7,2023,7.0,12.0,14.0,14.0,13.571428571428571,12.766666666666667,-0.008606996888688,-0.9999629591162656,9.0,2
2023-07-03,25.9,30.4,21.9,0.0,1.5,5.7,61.0,20.1,0.9238795325112868,0.3826834323650898,184,7,2023,9.0,15.0,14.0,15.0,13.142857142857142,12.6,-0.0258184402271323,-0.9996666485105112,9.0,2
2023-07-04,24.6,29.0,20.5,0.0,1.9,5.6,66.0,19.1,0.9238795325112868,0.3826834323650898,185,7,2023,9.0,18.0,14.0,11.0,12.285714285714286,12.433333333333334,-0.0430222330045303,-0.99907411510223,10.0,2
2023-07-05,24.5,29.1,19.9,0.0,1.7,5.7,63.0,22.0,0.3826834323650898,0.9238795325112868,186,7,2023,10.0,16.0,14.0,10.0,11.142857142857142,12.3,-0.0602132773657927,-0.9981855344718586,11.0,2
2023-07-06,23.4,26.6,20.9,0.0,2.1,9.8,66.0,23.1,0.7071067811865476,0.7071067811865476,187,7,2023,11.0,13.0,12.0,9.0,10.428571428571429,12.2,-0.0773864792334632,-0.9970011699250152,9.0,2
2023-07-07,25.0,29.5,20.1,0.0,1.4,5.4,58.0,26.2,0.9238795325112868,0.3826834323650898,188,7,2023,9.0,14.0,8.0,7.0,9.857142857142858,12.1,-0.0945367498171993,-0.9955213724144752,9.0,2
2023-07-08,25.7,30.3,20.9,2.6,1.4,6.1,58.0,23.1,0.7071067811865476,0.7071067811865476,189,7,2023,9.0,7.0,13.0,7.0,9.142857142857142,12.133333333333333,-0.1116590071216944,-0.993746580436178,10.0,2
2023-07-09,28.4,34.1,22.4,0.0,1.1,5.5,54.0,28.3,1.0,6.123233995736766e-17,190,7,2023,10.0,9.0,16.0,7.0,9.571428571428571,12.033333333333331,-0.1287481774525806,-0.99167731989929,14.0,2
2023-07-10,30.1,35.0,24.6,0.0,1.4,5.4,53.0,27.8,0.9238795325112868,0.3826834323650898,191,7,2023,14.0,9.0,14.0,7.0,10.285714285714286,11.966666666666669,-0.1457991969198744,-0.9893142039703664,16.0,2
2023-07-11,30.1,34.9,25.8,0.0,1.7,9.9,53.0,25.7,0.9238795325112868,0.3826834323650898,192,7,2023,16.0,10.0,13.0,7.0,11.285714285714286,12.033333333333331,-0.1628070129385164,-0.9866579328916572,11.0,2
2023-07-12,24.7,27.1,20.1,4.4,1.9,6.8,74.0,8.5,0.3826834323650898,0.9238795325112868,193,7,2023,11.0,11.0,10.0,7.0,11.428571428571429,11.966666666666669,-0.1797665857255621,-0.9837092937736098,6.0,2
2023-07-13,25.1,30.0,20.0,0.0,1.6,6.0,67.0,21.8,0.9238795325112868,0.3826834323650898,194,7,2023,6.0,9.0,7.0,7.0,10.714285714285714,11.833333333333334,-0.1966728897935762,-0.980469160361632,8.0,2
2023-07-14,24.2,26.3,21.2,0.0,2.4,7.4,72.0,21.7,0.7071067811865476,0.7071067811865476,195,7,2023,8.0,9.0,9.0,17.0,10.571428571428571,11.866666666666667,-0.2135209154397959,-0.9769384927771816,10.0,2
2023-07-15,27.2,31.1,22.8,0.0,1.2,5.4,61.0,22.4,1.0,6.123233995736766e-17,196,7,2023,10.0,10.0,11.0,14.0,10.714285714285714,11.9,-0.2303056702306119,-0.973118337233262,12.0,2
2023-07-16,28.0,31.8,23.9,0.0,1.4,6.2,59.0,18.0,0.7071067811865476,0.7071067811865476,197,7,2023,12.0,14.0,14.0,12.0,11.0,11.933333333333334,-0.2470221804809352,-0.9690098257244064,13.0,2
2023-07-17,29.4,34.2,24.8,0.0,1.3,6.2,58.0,24.5,0.9238795325112868,0.3826834323650898,198,7,2023,13.0,16.0,16.0,15.0,10.857142857142858,11.9,-0.2636654927280072,-0.9646141756912436,14.0,2
2023-07-18,29.3,33.0,25.3,0.0,1.5,6.0,63.0,19.1,0.9238795325112868,0.3826834323650898,199,7,2023,14.0,11.0,16.0,17.0,10.571428571428571,11.833333333333334,-0.2802306751992161,-0.9599326896597444,16.0,2
2023-07-19,29.9,34.3,26.0,0.0,1.5,6.2,66.0,20.7,0.3826834323650898,0.9238795325112868,200,7,2023,16.0,6.0,14.0,17.0,11.285714285714286,11.833333333333334,-0.2967128192734901,-0.9549667548552552,18.0,2
2023-07-20,28.3,33.4,23.1,0.0,1.7,6.4,57.0,25.4,0.7071067811865476,0.7071067811865476,201,7,2023,18.0,8.0,12.0,17.0,13.0,11.966666666666669,-0.3131070409358267,-0.9497178427914316,14.0,2
2023-07-21,25.7,29.8,20.1,11.4,2.1,7.9,68.0,19.9,0.7071067811865476,0.7071067811865476,202,7,2023,14.0,10.0,14.0,18.0,13.857142857142858,12.033333333333331,-0.3294084822245302,-0.9441875088341994,12.0,2
2023-07-22,25.4,29.6,21.3,0.0,2.0,6.5,66.0,21.1,0.9238795325112868,0.3826834323650898,203,7,2023,12.0,12.0,14.0,18.0,14.142857142857142,11.966666666666669,-0.3456123126707333,-0.9383773917408642,10.0,2
2023-07-23,26.3,30.4,22.6,0.0,1.8,6.5,63.0,22.9,0.9238795325112868,0.3826834323650898,204,7,2023,10.0,13.0,9.0,18.0,13.857142857142858,11.833333333333334,-0.3617137307297674,-0.9322892131745134,13.0,2
2023-07-24,23.2,25.1,21.2,1.2,1.9,7.6,73.0,9.3,0.7071067811865476,0.7071067811865476,205,7,2023,13.0,14.0,10.0,18.0,13.857142857142858,11.966666666666669,-0.3777079652039646,-0.92592477719385,10.0,2
2023-07-25,24.6,30.9,18.7,0.6,2.5,15.7,51.0,23.8,-0.9238795325112866,0.38268343236509,206,7,2023,10.0,16.0,12.0,19.0,13.285714285714286,11.966666666666669,-0.3935902766564664,-0.9192859697186104,8.0,2
2023-07-26,24.9,29.4,20.1,0.0,1.9,9.8,29.0,29.0,0.7071067811865476,0.7071067811865476,207,7,2023,8.0,18.0,15.0,19.0,12.142857142857142,11.833333333333334,-0.4093559588156211,-0.9123747579707274,5.0,2
2023-07-27,22.5,27.0,17.4,0.0,1.8,6.5,53.0,25.5,0.3826834323650898,0.9238795325112868,208,7,2023,5.0,14.0,18.0,19.0,10.285714285714286,11.5,-0.4250003399695539,-0.9051931898913976,6.0,2
2023-07-28,24.8,29.0,20.0,0.0,1.6,6.2,53.0,24.3,0.7071067811865476,0.7071067811865476,209,7,2023,6.0,12.0,16.0,19.0,9.142857142857142,11.1,-0.4405187843504952,-0.8977433935342336,8.0,2
2023-07-29,24.8,29.5,20.6,1.8,1.7,6.4,64.0,18.9,0.9238795325112868,0.3826834323650898,210,7,2023,8.0,10.0,13.0,19.0,8.571428571428571,10.833333333333334,-0.455906693508459,-0.8900275764346766,9.0,2
2023-07-30,25.6,31.5,19.9,0.0,1.2,4.3,67.0,24.9,0.9238795325112868,0.3826834323650898,211,7,2023,9.0,13.0,14.0,19.0,8.428571428571429,10.7,-0.4711595076738639,-0.8820480249558535,8.0,2
2023-07-31,26.1,30.2,21.9,0.0,1.5,5.4,59.0,18.2,0.7071067811865476,0.7071067811865476,212,7,2023,8.0,10.0,7.0,19.0,7.714285714285714,10.5,-0.4862727071086902,-0.8738071036110807,10.0,2
2023-08-01,26.3,31.0,22.8,0.0,1.3,5.7,63.0,21.8,0.9238795325112868,0.3826834323650898,213,8,2023,10.0,8.0,9.0,19.0,7.714285714285714,10.6,-0.5012418134457756,-0.8653072543632061,12.0,2
2023-08-02,25.5,29.8,21.8,0.0,1.8,6.1,61.0,21.7,0.9238795325112868,0.3826834323650898,214,8,2023,12.0,5.0,9.0,19.0,8.285714285714286,10.7,-0.5160623910158526,-0.8565509959010037,12.0,2
2023-08-03,26.0,29.9,21.4,0.0,1.9,6.5,64.0,23.4,0.3826834323650898,0.9238795325112868,215,8,2023,12.0,6.0,10.0,19.0,9.285714285714286,10.8,-0.5307300481619331,-0.8475409228928312,11.0,2
2023-08-04,22.0,27.2,17.0,17.8,2.2,10.7,63.0,18.3,0.9238795325112868,0.3826834323650898,216,8,2023,11.0,8.0,11.0,19.0,10.0,10.833333333333334,-0.5452404385406507,-0.8382797052177745,7.0,2
2023-08-05,23.6,30.8,16.5,0.0,1.9,7.3,48.0,28.0,-0.3826834323650896,-0.9238795325112868,217,8,2023,7.0,9.0,9.0,19.0,9.857142857142858,10.7,-0.5595892624101763,-0.828770087174504,5.0,2
2023-08-06,25.0,29.8,19.6,0.0,4.1,12.9,24.0,28.9,-0.9238795325112866,0.38268343236509,218,8,2023,5.0,8.0,9.0,19.0,9.285714285714286,10.566666666666666,-0.5737722679043243,-0.8190148866680802,5.0,2
2023-08-07,22.9,27.7,17.7,0.0,2.0,8.4,28.0,28.1,0.7071067811865476,0.7071067811865476,219,8,2023,5.0,10.0,10.0,19.0,8.857142857142858,10.433333333333334,-0.5877852522924734,-0.8090169943749472,5.0,2
2023-08-08,22.9,27.5,18.4,0.0,1.4,5.7,34.0,26.5,0.9238795325112868,0.3826834323650898,220,8,2023,5.0,12.0,14.0,19.0,8.142857142857142,10.266666666666667,-0.6016240632249227,-0.7987793728863648,6.0,2
2023-08-09,24.1,30.0,18.3,0.0,1.3,5.4,41.0,26.8,0.9238795325112868,0.3826834323650898,221,8,2023,6.0,12.0,16.0,19.0,7.285714285714286,10.0,-0.6152845999633277,-0.7883050558305253,8.0,2
2023-08-10,24.7,29.9,19.1,0.0,1.4,5.0,52.0,22.2,0.7071067811865476,0.7071067811865476,222,8,2023,8.0,11.0,11.0,19.0,6.714285714285714,9.733333333333333,-0.6287628145958345,-0.7775971469736268,10.0,2
2023-08-11,26.0,32.1,20.9,0.0,1.4,7.8,57.0,24.6,0.7071067811865476,0.7071067811865476,223,8,2023,10.0,7.0,6.0,19.0,6.571428571428571,9.7,-0.6420547132365636,-0.7666588193001592,14.0,2
2023-08-12,27.1,31.6,23.3,0.0,1.3,4.6,58.0,17.3,0.9238795325112868,0.3826834323650898,224,8,2023,14.0,5.0,8.0,19.0,7.571428571428571,9.966666666666669,-0.655156357209085,-0.7554933140726804,14.0,2
2023-08-13,27.1,32.7,21.4,10.4,1.5,12.6,61.0,19.5,0.3826834323650898,0.9238795325112868,225,8,2023,14.0,5.0,10.0,19.0,8.857142857142858,10.166666666666666,-0.6680638642135333,-0.7441039398713608,13.0,2
2023-08-14,26.3,31.5,21.8,1.6,1.2,6.1,66.0,19.1,0.9238795325112868,0.3826834323650898,226,8,2023,13.0,5.0,12.0,19.0,10.0,10.266666666666667,-0.6807734094770159,-0.7324940716135792,11.0,2
2023-08-15,27.6,33.2,23.4,0.0,1.4,5.6,58.0,24.0,0.3826834323650898,0.9238795325112868,227,8,2023,11.0,6.0,13.0,19.0,10.857142857142858,10.233333333333333,-0.6932812268869771,-0.7206671495538615,13.0,2
2023-08-16,26.3,31.7,17.3,46.0,1.7,13.5,61.0,18.6,0.7071067811865476,0.7071067811865476,228,8,2023,13.0,8.0,14.0,19.0,11.857142857142858,10.233333333333333,-0.7055836101071774,-0.70862667826446,13.0,2
2023-08-17,25.8,31.7,19.0,0.0,1.2,6.4,66.0,17.8,0.0,1.0,229,8,2023,13.0,10.0,16.0,19.0,12.571428571428571,10.2,-0.7176769136759615,-0.6963762255968726,12.0,2
2023-08-18,27.5,33.2,22.2,0.0,0.9,4.3,57.0,23.0,1.0,6.123233995736766e-17,230,8,2023,12.0,14.0,18.0,19.0,12.857142857142858,10.066666666666666,-0.7295575540864876,-0.6839194216246105,13.0,2
2023-08-19,29.0,34.9,23.9,0.0,1.1,5.0,56.0,23.1,0.7071067811865476,0.7071067811865476,231,8,2023,13.0,14.0,14.0,19.0,12.714285714285714,9.9,-0.7412220108485957,-0.6712599575675315,16.0,2
2023-08-20,29.7,35.1,24.7,0.0,1.4,4.9,55.0,22.9,0.7071067811865476,0.7071067811865476,232,8,2023,16.0,13.0,12.0,19.0,13.0,9.966666666666669,-0.7526668275320083,-0.6584015846980489,23.0,2
2023-08-21,30.8,35.9,25.8,0.0,1.1,4.4,50.0,23.3,0.9238795325112868,0.3826834323650898,233,8,2023,23.0,11.0,10.0,19.0,14.428571428571429,10.333333333333334,-0.7638886127905429,-0.64534811322955,17.0,2
2023-08-22,30.8,36.7,25.4,0.0,1.1,4.9,50.0,23.1,1.0,6.123233995736766e-17,234,8,2023,17.0,13.0,13.0,19.0,15.285714285714286,10.566666666666666,-0.7748840413670406,-0.6321034111873488,15.0,2
2023-08-23,31.5,37.7,26.1,0.0,1.0,4.1,48.0,22.5,1.0,6.123233995736766e-17,235,8,2023,15.0,13.0,10.0,9.0,15.571428571428571,10.633333333333333,-0.7856498550787144,-0.6186714032625032,17.0,2
2023-08-24,30.8,35.5,26.3,0.0,1.6,6.7,50.0,21.1,0.7071067811865476,0.7071067811865476,236,8,2023,17.0,12.0,8.0,10.0,16.142857142857142,10.866666666666667,-0.7961828637826154,-0.6050560696488494,18.0,2
2023-08-25,30.0,34.8,25.8,0.0,1.7,7.1,50.0,21.9,0.9238795325112868,0.3826834323650898,237,8,2023,18.0,13.0,5.0,12.0,17.0,11.2,-0.8064799463209447,-0.5912614448635782,16.0,2
2023-08-26,25.0,28.5,22.5,7.2,2.0,10.1,70.0,12.7,0.3826834323650898,0.9238795325112868,238,8,2023,16.0,16.0,6.0,12.0,17.428571428571427,11.566666666666666,-0.8165380514459157,-0.5772916165517278,10.0,2
2023-08-27,21.4,23.8,18.8,24.4,1.7,6.6,78.0,7.0,0.0,1.0,239,8,2023,10.0,23.0,8.0,11.0,16.571428571428573,11.7,-0.8263541987239094,-0.5631507242749187,5.0,2
2023-08-28,16.9,19.1,14.4,73.6,2.3,13.5,84.0,5.6,-0.7071067811865475,-0.7071067811865477,240,8,2023,5.0,17.0,9.0,10.0,14.0,11.6,-0.8359254794186365,-0.5488429582847199,5.0,2
2023-08-29,20.7,26.0,16.5,0.2,2.0,7.6,53.0,18.2,-0.3826834323650896,-0.9238795325112868,241,8,2023,5.0,15.0,8.0,11.0,12.285714285714286,11.466666666666669,-0.8452490573530634,-0.5343725582809785,5.0,2
2023-08-30,21.4,26.3,16.2,0.0,1.2,5.6,47.0,21.7,-0.3826834323650896,-0.9238795325112868,242,8,2023,5.0,17.0,10.0,11.0,10.857142857142858,11.366666666666667,-0.8543221697498269,-0.5197438121555157,5.0,2
2023-08-31,21.6,27.2,16.1,0.0,1.3,5.4,57.0,21.6,0.9238795325112868,0.3826834323650898,243,8,2023,5.0,18.0,12.0,11.0,9.142857142857142,11.2,-0.8631421280499115,-0.5049610547215202,7.0,2
2023-09-01,22.3,25.8,17.8,0.0,1.1,4.8,62.0,14.3,1.0,6.123233995736766e-17,244,9,2023,7.0,16.0,12.0,9.0,7.571428571428571,11.033333333333331,-0.8717063187093217,-0.4900286664290594,7.0,3
2023-09-02,23.7,27.8,19.5,0.0,1.1,4.8,62.0,17.2,0.9238795325112868,0.3826834323650898,245,9,2023,7.0,10.0,11.0,7.0,6.285714285714286,10.866666666666667,-0.8800122039735356,-0.4749510720670502,9.0,3
2023-09-03,24.8,30.8,19.1,0.0,1.0,5.4,56.0,20.8,-0.7071067811865475,-0.7071067811865477,246,9,2023,9.0,5.0,7.0,10.0,6.142857142857143,10.8,-0.888057322629493,-0.4597327394521046,10.0,3
2023-09-04,24.7,29.2,20.2,0.0,1.3,5.5,62.0,16.9,0.9238795325112868,0.3826834323650898,247,9,2023,10.0,5.0,5.0,10.0,6.857142857142857,10.9,-0.8958392907349089,-0.4443781781046134,13.0,3
2023-09-05,22.8,24.7,20.0,0.0,1.7,6.2,61.0,6.7,0.9238795325112868,0.3826834323650898,248,9,2023,13.0,5.0,5.0,13.0,8.0,11.166666666666666,-0.9033558023246842,-0.4288919379124841,10.0,3
2023-09-06,23.0,28.3,18.0,0.0,1.0,4.6,59.0,21.5,1.0,6.123233995736766e-17,249,9,2023,10.0,5.0,5.0,12.0,8.714285714285714,11.333333333333334,-0.9106046300942162,-0.4132786077829044,11.0,3
2023-09-07,23.3,28.4,17.8,0.0,1.2,4.7,57.0,21.1,0.9238795325112868,0.3826834323650898,250,9,2023,11.0,7.0,6.0,10.0,9.571428571428571,11.533333333333331,-0.9175836260593934,-0.3975428142825566,12.0,3
2023-09-08,23.8,29.1,19.2,0.0,1.1,5.4,58.0,19.1,0.9238795325112868,0.3826834323650898,251,9,2023,12.0,7.0,8.0,8.0,10.285714285714286,11.733333333333333,-0.9242907221930934,-0.3816892202666586,15.0,3
2023-09-09,24.7,30.7,19.8,0.0,0.9,4.4,56.0,20.8,0.9238795325112868,0.3826834323650898,252,9,2023,15.0,9.0,10.0,8.0,11.428571428571429,11.966666666666669,-0.9307239310379792,-0.3657225234972692,16.0,3
2023-09-10,25.2,31.0,20.1,0.0,0.9,4.6,55.0,20.5,0.9238795325112868,0.3826834323650898,253,9,2023,16.0,10.0,14.0,8.0,12.428571428571429,12.166666666666666,-0.9368813462954316,-0.3496474552512282,16.0,3
2023-09-11,25.4,30.8,20.7,0.0,0.9,4.5,56.0,19.9,0.9238795325112868,0.3826834323650898,254,9,2023,16.0,13.0,14.0,8.0,13.285714285714286,12.233333333333333,-0.9427611433904206,-0.333468778918187,17.0,3
2023-09-12,24.5,29.1,20.8,0.0,1.5,5.3,60.0,16.6,0.9238795325112868,0.3826834323650898,255,9,2023,17.0,10.0,13.0,8.0,13.857142857142858,12.333333333333334,-0.9483615800121716,-0.3171912885891059,17.0,3
2023-09-13,21.2,23.7,19.1,0.0,1.9,6.4,73.0,11.0,0.7071067811865476,0.7071067811865476,256,9,2023,17.0,11.0,11.0,11.0,14.857142857142858,12.466666666666669,-0.9536809966304456,-0.300819807635668,9.0,3
2023-09-14,21.9,26.9,17.7,4.0,1.3,5.8,70.0,14.6,0.9238795325112868,0.3826834323650898,257,9,2023,9.0,12.0,13.0,12.0,14.571428571428571,12.4,-0.9587178169872964,-0.2843591872810036,8.0,3
2023-09-15,20.0,23.7,17.5,10.8,1.3,4.6,85.0,10.4,0.7071067811865476,0.7071067811865476,258,9,2023,8.0,15.0,13.0,10.0,14.0,12.233333333333333,-0.9634705485641486,-0.2678143051621748,6.0,3
2023-09-16,20.2,22.5,18.8,5.6,1.1,4.5,83.0,6.1,1.0,6.123233995736766e-17,259,9,2023,6.0,16.0,12.0,8.0,12.714285714285714,12.0,-0.9679377830240642,-0.2511900638848195,12.0,3
2023-09-17,21.5,24.6,18.7,0.2,0.8,3.3,76.0,9.1,-0.3826834323650895,0.9238795325112868,260,9,2023,12.0,16.0,13.0,5.0,12.142857142857142,12.0,-0.9721181966290612,-0.2344913895704105,9.0,3
2023-09-18,21.0,23.2,18.8,2.6,1.4,5.7,85.0,6.7,0.7071067811865476,0.7071067811865476,261,9,2023,9.0,17.0,16.0,5.0,11.142857142857142,11.866666666666667,-0.9760105506323682,-0.2177232303965322,13.0,3
2023-09-19,21.9,27.7,17.9,0.0,1.0,4.8,68.0,18.7,-0.3826834323650895,0.9238795325112868,262,9,2023,13.0,17.0,23.0,6.0,10.571428571428571,11.766666666666667,-0.97961369164549,-0.2008905551306352,10.0,3
2023-09-20,19.8,22.9,17.0,18.0,1.6,5.6,81.0,9.2,0.0,1.0,263,9,2023,10.0,9.0,17.0,9.0,9.571428571428571,11.333333333333334,-0.9829265519799822,-0.1839983516576798,7.0,3
2023-09-21,18.9,20.9,17.0,0.4,1.3,4.8,87.0,5.1,0.0,1.0,264,9,2023,7.0,8.0,15.0,8.0,9.285714285714286,11.0,-0.9859481499638304,-0.1670516255021195,6.0,3
2023-09-22,20.1,24.7,17.0,0.0,1.1,6.7,73.0,13.9,0.3826834323650898,0.9238795325112868,265,9,2023,6.0,6.0,17.0,8.0,9.0,10.7,-0.9886775902323404,-0.1500553983446526,7.0,3
2023-09-23,17.7,21.9,14.3,13.6,1.8,9.7,65.0,15.4,-0.7071067811865475,-0.7071067811865477,266,9,2023,7.0,12.0,18.0,10.0,9.142857142857142,10.366666666666667,-0.9911140639934546,-0.1330147065341963,5.0,3
2023-09-24,18.1,23.7,13.3,0.0,1.1,4.9,52.0,19.2,-0.3826834323650896,-0.9238795325112868,267,9,2023,5.0,9.0,16.0,17.0,8.142857142857142,9.933333333333334,-0.9932568492674144,-0.1159345995955006,5.0,3
2023-09-25,17.9,24.5,12.0,0.0,0.9,4.6,60.0,18.3,0.7071067811865476,0.7071067811865476,268,9,2023,5.0,13.0,10.0,11.0,7.571428571428571,9.566666666666666,-0.9951053111006974,-0.0988201387328721,7.0,3
2023-09-26,19.7,25.8,14.3,0.0,0.8,3.7,57.0,18.0,-0.3826834323650895,0.9238795325112868,269,9,2023,7.0,10.0,5.0,10.0,6.714285714285714,9.466666666666669,-0.99665890175417,-0.0816763953304228,10.0,3
2023-09-27,20.6,26.5,15.3,0.0,0.8,3.6,61.0,16.9,0.9238795325112868,0.3826834323650898,270,9,2023,10.0,7.0,5.0,7.0,6.714285714285714,9.633333333333333,-0.9979171608653922,-0.0645084494493162,13.0,3
2023-09-28,21.4,27.2,17.1,0.0,1.0,3.7,62.0,15.3,0.7071067811865476,0.7071067811865476,271,9,2023,13.0,6.0,5.0,9.0,7.571428571428571,9.9,-0.9988797155850336,-0.0473213883224323,14.0,3
2023-09-29,21.7,27.5,16.8,0.0,0.8,4.0,61.0,16.5,1.2246467991473532e-16,-1.0,272,9,2023,14.0,7.0,5.0,14.0,8.714285714285714,10.2,-0.9995462806873572,-0.0301203048469083,16.0,3
2023-09-30,21.7,27.2,17.6,0.0,0.8,4.6,64.0,15.2,0.9238795325112868,0.3826834323650898,273,9,2023,16.0,5.0,7.0,6.0,10.0,10.566666666666666,-0.999916658654738,-0.0129102960750088,20.0,3
2023-10-01,22.1,27.2,17.8,0.0,0.8,3.7,67.0,15.4,0.7071067811865476,0.7071067811865476,274,10,2023,20.0,5.0,7.0,6.0,12.142857142857142,11.0,-0.99999073973619,0.0043035382962438,21.0,3
2023-10-02,22.8,26.8,20.5,0.0,0.8,4.4,66.0,13.1,0.9238795325112868,0.3826834323650898,275,10,2023,21.0,7.0,9.0,9.0,14.428571428571429,11.466666666666669,-0.9997685019798908,0.0215160974362222,27.0,3
2023-10-03,22.7,27.5,19.5,0.0,1.1,4.8,66.0,14.2,1.0,6.123233995736766e-17,276,10,2023,27.0,10.0,10.0,9.0,17.285714285714285,12.066666666666666,-0.9992500112396836,0.0387222808921739,21.0,3
2023-10-04,21.6,25.7,17.9,0.0,1.1,4.1,73.0,13.2,0.9238795325112868,0.3826834323650898,277,10,2023,21.0,13.0,13.0,18.0,18.857142857142858,12.433333333333334,-0.9984354211555644,0.055916990100603,20.0,3
2023-10-05,20.8,24.7,18.4,0.0,1.1,4.1,74.0,10.4,0.9238795325112868,0.3826834323650898,278,10,2023,20.0,14.0,10.0,29.0,19.857142857142858,12.666666666666666,-0.9973249731081556,0.0730951298980777,26.0,3
2023-10-06,20.5,24.4,17.5,0.0,1.0,3.6,73.0,10.7,0.9238795325112868,0.3826834323650898,279,10,2023,26.0,16.0,11.0,27.0,21.571428571428573,13.2,-0.9959189961471792,0.0902516100310407,23.0,3
2023-10-07,20.9,25.9,16.8,0.0,0.9,4.7,69.0,14.5,-0.3826834323650896,-0.9238795325112868,280,10,2023,23.0,20.0,12.0,31.0,22.571428571428573,13.6,-0.994217906893952,0.107381346664163,28.0,3
2023-10-08,22.8,31.4,16.6,0.0,1.1,4.1,57.0,14.9,-0.7071067811865475,-0.7071067811865477,281,10,2023,28.0,21.0,15.0,29.0,23.714285714285715,14.133333333333333,-0.9922222094179324,0.1244792638867886,16.0,3
2023-10-09,23.2,30.5,17.8,0.0,0.9,3.8,53.0,14.7,-0.7071067811865475,-0.7071067811865477,282,10,2023,16.0,27.0,16.0,11.0,23.0,14.166666666666666,-0.989932495087353,0.141540295217043,15.0,3
2023-10-10,22.3,29.7,16.8,0.0,0.9,3.7,56.0,14.7,-0.7071067811865475,-0.7071067811865477,283,10,2023,15.0,21.0,16.0,11.0,21.285714285714285,14.133333333333333,-0.9873494423939864,0.1585593851031347,13.0,3
2023-10-11,20.4,25.7,16.0,0.0,1.0,4.1,69.0,13.8,0.0,1.0,284,10,2023,13.0,20.0,17.0,15.0,20.142857142857142,14.033333333333331,-0.9844738167520924,0.1755314904214277,14.0,3
2023-10-12,20.6,25.4,17.3,0.0,0.8,3.7,69.0,12.1,-0.3826834323650895,0.9238795325112868,285,10,2023,14.0,26.0,17.0,21.0,19.285714285714285,13.933333333333334,-0.9813064702716092,0.1924515819708299,20.0,3
2023-10-13,20.5,24.3,17.8,0.0,0.9,3.7,67.0,11.3,-0.3826834323650895,0.9238795325112868,286,10,2023,20.0,23.0,9.0,30.0,18.428571428571427,14.033333333333331,-0.9778483415056568,0.2093146459630488,16.0,3
2023-10-14,19.3,23.5,15.6,0.0,0.9,3.8,75.0,9.8,0.9238795325112868,0.3826834323650898,287,10,2023,16.0,28.0,8.0,34.0,17.428571428571427,14.266666666666667,-0.9741004551724206,0.226115685508288,16.0,3
2023-10-15,18.2,23.5,14.4,0.0,1.1,5.4,64.0,11.8,0.7071067811865476,0.7071067811865476,288,10,2023,16.0,16.0,6.0,43.0,15.714285714285714,14.533333333333331,-0.970063921851507,0.2428497220959358,14.0,3
2023-10-16,13.6,14.7,11.5,0.0,1.8,8.4,68.0,3.2,0.3826834323650898,0.9238795325112868,289,10,2023,14.0,15.0,12.0,37.0,15.428571428571429,14.8,-0.965739937654855,0.2595117970697994,5.0,3
2023-10-17,13.6,17.0,9.5,0.0,1.0,4.3,65.0,11.9,0.9238795325112868,0.3826834323650898,290,10,2023,5.0,13.0,9.0,39.0,14.0,14.566666666666666,-0.9611297838723007,0.2760969730974688,9.0,3
2023-10-18,13.6,15.6,12.2,0.0,1.2,3.5,71.0,3.6,0.9238795325112868,0.3826834323650898,291,10,2023,9.0,14.0,13.0,34.0,13.428571428571429,14.566666666666666,-0.9562348265919058,0.2926003356333479,17.0,3
2023-10-19,12.7,14.0,11.8,1.8,1.2,3.7,85.0,2.8,0.0,1.0,292,10,2023,17.0,20.0,10.0,35.0,13.857142857142858,14.7,-0.9510565162951536,0.3090169943749472,24.0,3
2023-10-20,13.4,15.3,12.0,20.4,1.0,4.0,93.0,3.4,0.0,1.0,293,10,2023,24.0,16.0,7.0,38.0,14.428571428571429,15.166666666666666,-0.9455963874271428,0.3253420847119795,10.0,3
2023-10-21,15.8,19.9,13.0,0.2,0.9,3.8,82.0,8.7,1.0,6.123233995736766e-17,294,10,2023,10.0,16.0,6.0,52.0,13.571428571428571,15.266666666666667,-0.9398560579418952,0.341570769167856,11.0,3
2023-10-22,15.5,18.7,12.6,0.0,0.9,4.3,79.0,10.6,0.9238795325112868,0.3826834323650898,295,10,2023,11.0,14.0,7.0,19.0,12.857142857142858,15.433333333333334,-0.9338372288229252,0.3576982388331254,11.0,3
2023-10-23,14.0,14.6,13.6,0.0,1.1,4.3,90.0,1.1,0.9238795325112868,0.3826834323650898,296,10,2023,11.0,5.0,5.0,17.0,12.428571428571429,15.566666666666666,-0.9275416835791964,0.3737197147904692,11.0,3
2023-10-24,13.5,14.5,11.8,9.6,1.0,4.2,90.0,2.7,-0.7071067811865475,-0.7071067811865477,297,10,2023,11.0,9.0,5.0,28.0,13.285714285714286,15.766666666666667,-0.9209712877166348,0.3896304495307877,11.0,3
2023-10-25,13.0,16.3,10.4,0.0,1.1,4.4,90.0,10.3,-0.7071067811865475,-0.7071067811865477,298,10,2023,11.0,17.0,7.0,25.0,13.571428571428571,15.966666666666669,-0.9141279881853336,0.4054257283599973,11.0,3
2023-10-26,13.4,16.3,10.9,0.6,1.0,3.5,91.0,5.2,1.0,6.123233995736766e-17,299,10,2023,11.0,24.0,10.0,32.0,12.714285714285714,16.1,-0.9070138128026362,0.4211008707960891,18.0,3
2023-10-27,17.4,23.6,12.2,1.6,2.1,13.0,56.0,12.5,-0.9238795325112866,0.38268343236509,300,10,2023,18.0,10.0,13.0,30.0,11.857142857142858,16.366666666666667,-0.8996308696522434,0.4366512319560638,6.0,3
2023-10-28,14.2,17.7,10.1,0.0,1.3,5.2,60.0,9.9,0.7071067811865476,0.7071067811865476,301,10,2023,6.0,11.0,14.0,28.0,11.285714285714286,16.133333333333333,-0.8919813464595487,0.4520722039323037,7.0,3
2023-10-29,13.1,14.3,11.4,0.2,1.1,5.1,81.0,3.3,0.7071067811865476,0.7071067811865476,302,10,2023,7.0,11.0,16.0,25.0,10.714285714285714,15.9,-0.8840675099433637,0.467359217158002,15.0,3
2023-10-30,13.3,13.8,12.0,20.8,1.3,6.1,97.0,0.9,-0.3826834323650895,0.9238795325112868,303,10,2023,15.0,11.0,20.0,24.0,11.285714285714286,15.866666666666667,-0.8758917051442433,0.4825077417612176,14.0,3
2023-10-31,14.5,20.1,11.4,2.2,1.3,6.2,79.0,11.3,-0.3826834323650896,-0.9238795325112868,304,10,2023,14.0,11.0,21.0,23.0,11.714285714285714,15.666666666666666,-0.8674563547295971,0.4975132889071803,10.0,3
2023-11-01,11.2,12.9,9.1,0.0,1.2,4.4,83.0,4.0,0.3826834323650898,0.9238795325112868,305,11,2023,10.0,11.0,27.0,20.0,11.571428571428571,15.3,-0.858763958275803,0.5123714121284235,13.0,3
2023-11-02,10.4,11.4,8.5,8.6,1.2,6.7,91.0,0.7,0.0,1.0,306,11,2023,13.0,18.0,21.0,21.0,11.857142857142858,14.833333333333334,-0.8498170915275277,0.5270777086423724,13.0,3
2023-11-03,11.8,17.6,7.9,0.0,1.8,9.6,67.0,10.2,-1.0,-1.8369701987210292e-16,307,11,2023,13.0,6.0,20.0,24.0,11.142857142857142,14.566666666666666,-0.8406184056344783,0.5416278206559811,7.0,3
2023-11-04,8.8,11.8,6.0,5.8,1.5,5.5,78.0,8.0,0.7071067811865476,0.7071067811865476,308,11,2023,7.0,7.0,26.0,5.0,11.285714285714286,14.133333333333333,-0.8311706263658079,0.5560174366570446,9.0,3
2023-11-05,9.7,14.3,5.7,0.2,1.2,4.8,81.0,10.4,-0.7071067811865475,-0.7071067811865477,309,11,2023,9.0,15.0,23.0,6.0,11.571428571428571,13.566666666666666,-0.8214765533024145,0.5702422926917867,11.0,3
2023-11-06,10.5,15.4,6.1,0.0,1.0,4.1,74.0,10.4,0.7071067811865476,0.7071067811865476,310,11,2023,11.0,14.0,28.0,17.0,11.0,13.166666666666666,-0.8115390590073611,0.5842981736283683,12.0,3
2023-11-07,10.4,15.4,6.4,0.0,0.8,3.1,77.0,8.2,0.3826834323650898,0.9238795325112868,311,11,2023,12.0,10.0,16.0,24.0,10.714285714285714,12.633333333333333,-0.801361088174677,0.5981809144059158,17.0,3
2023-11-08,9.7,15.2,5.8,0.0,0.9,4.1,72.0,9.9,-0.3826834323650895,0.9238795325112868,312,11,2023,17.0,13.0,15.0,16.0,11.714285714285714,12.666666666666666,-0.7909456567567774,0.6118864012687242,23.0,3
2023-11-09,8.0,8.9,7.1,3.8,1.2,3.4,83.0,1.2,0.9238795325112868,0.3826834323650898,313,11,2023,23.0,13.0,13.0,36.0,13.142857142857142,12.933333333333334,-0.780295851070776,0.6254105729852457,15.0,3
2023-11-10,7.9,10.9,6.0,0.0,1.5,6.1,84.0,8.0,-0.3826834323650896,-0.9238795325112868,314,11,2023,15.0,7.0,14.0,24.0,13.428571428571429,13.0,-0.7694148268839381,0.6387494220515268,19.0,3
2023-11-11,9.2,16.1,4.0,0.0,0.9,3.7,65.0,9.6,0.3826834323650898,0.9238795325112868,315,11,2023,19.0,9.0,20.0,30.0,15.142857142857142,13.166666666666666,-0.7583058084785625,0.6518989958787125,15.0,3
2023-11-12,8.7,11.9,5.9,0.0,1.2,4.8,66.0,9.0,0.7071067811865476,0.7071067811865476,316,11,2023,15.0,11.0,16.0,33.0,16.0,13.0,-0.7469720876965551,0.6648553979642866,9.0,3
2023-11-13,9.6,14.8,5.2,0.0,0.9,3.6,77.0,8.5,0.7071067811865476,0.7071067811865476,317,11,2023,9.0,12.0,16.0,21.0,15.714285714285714,12.766666666666667,-0.7354170229639858,0.6776147890466887,24.0,3
2023-11-14,10.8,12.1,9.3,0.0,1.1,9.1,89.0,2.0,0.7071067811865476,0.7071067811865476,318,11,2023,24.0,17.0,14.0,24.0,17.428571428571427,13.033333333333331,-0.7236440382959124,0.690173388242972,30.0,3
2023-11-15,13.4,21.0,8.0,0.0,1.7,9.0,59.0,9.5,0.9238795325112868,0.3826834323650898,319,11,2023,30.0,23.0,5.0,30.0,19.285714285714285,13.566666666666666,-0.711656622281775,0.7025274741691566,5.0,3
2023-11-16,10.4,14.7,6.3,0.0,0.7,3.2,56.0,6.5,0.9238795325112868,0.3826834323650898,320,11,2023,5.0,15.0,9.0,28.0,16.714285714285715,13.566666666666666,-0.6994583270516471,0.7146733860429608,19.0,3
2023-11-17,12.6,18.2,4.6,0.0,1.3,5.7,42.0,9.0,1.0,6.123233995736766e-17,321,11,2023,19.0,19.0,17.0,31.0,17.285714285714285,13.9,-0.6870527672236675,0.7266075247685652,9.0,3
2023-11-18,9.9,14.9,5.8,0.0,0.9,4.1,49.0,8.4,-0.3826834323650896,-0.9238795325112868,322,11,2023,9.0,15.0,24.0,21.0,15.857142857142858,13.633333333333333,-0.6744436188329457,0.7383263540031063,18.0,3
2023-11-19,9.1,14.1,5.3,0.0,0.8,3.7,57.0,7.9,0.7071067811865476,0.7071067811865476,323,11,2023,18.0,9.0,10.0,20.0,16.285714285714285,13.433333333333334,-0.661634618242279,0.749826401204568,22.0,3
2023-11-20,8.4,12.8,5.0,0.0,0.8,4.3,71.0,3.3,0.0,1.0,324,11,2023,22.0,24.0,11.0,25.0,18.142857142857142,13.833333333333334,-0.6486295610349818,0.7611042586607742,34.0,3
2023-11-21,10.2,13.6,7.7,0.0,1.0,3.6,80.0,5.9,0.3826834323650898,0.9238795325112868,325,11,2023,34.0,30.0,11.0,26.0,19.571428571428573,14.6,-0.6354323008901775,0.7721565844991641,38.0,3
2023-11-22,10.2,17.4,5.4,0.0,0.6,3.6,60.0,8.1,-0.3826834323650895,0.9238795325112868,326,11,2023,38.0,5.0,11.0,5.0,20.714285714285715,15.5,-0.622046748440868,0.7829801036770624,21.0,3
2023-11-23,8.8,13.9,5.1,0.0,0.8,4.0,60.0,7.9,-0.3826834323650896,-0.9238795325112868,327,11,2023,21.0,19.0,11.0,23.0,23.0,15.833333333333334,-0.6084768701151264,0.7935716089521472,19.0,3
2023-11-24,10.2,17.7,3.7,0.0,1.7,11.6,54.0,8.2,-0.7071067811865475,-0.7071067811865477,328,11,2023,19.0,9.0,11.0,26.0,23.0,16.1,-0.594726686960764,0.8039279618328208,23.0,3
2023-11-25,9.9,12.4,6.5,0.0,2.1,8.8,21.0,8.4,-0.9238795325112868,-0.3826834323650895,329,11,2023,23.0,18.0,18.0,37.0,25.0,16.5,-0.5808002734538013,0.8140460935082175,5.0,3
2023-11-26,6.0,11.0,1.8,0.0,1.2,3.9,41.0,8.0,-0.3826834323650896,-0.9238795325112868,330,11,2023,5.0,22.0,6.0,41.0,23.142857142857142,16.066666666666666,-0.5667017562911184,0.8239230057575536,18.0,3
2023-11-27,4.9,8.6,2.3,0.0,1.1,4.9,51.0,6.6,0.3826834323650898,0.9238795325112868,331,11,2023,18.0,34.0,7.0,32.0,22.571428571428573,16.466666666666665,-0.5524353131676203,0.8335557718385695,26.0,3
2023-11-28,7.9,14.5,1.5,0.0,2.4,13.6,45.0,8.0,-0.9238795325112866,0.38268343236509,332,11,2023,26.0,38.0,15.0,51.0,21.428571428571427,17.1,-0.5380051715382992,0.8429415373547832,17.0,3
2023-11-29,6.5,11.4,3.1,0.0,1.0,4.2,42.0,7.6,0.9238795325112868,0.3826834323650898,333,11,2023,17.0,21.0,14.0,41.0,18.428571428571427,17.166666666666668,-0.5234156073655503,0.8520775211013093,17.0,3
2023-11-30,3.9,5.9,2.2,1.6,1.3,5.4,82.0,1.7,0.9238795325112868,0.3826834323650898,334,11,2023,17.0,19.0,10.0,26.0,17.857142857142858,17.266666666666666,-0.5086709438521042,0.8609610158889945,19.0,3
2023-12-01,4.7,6.7,2.2,4.4,1.2,4.1,89.0,2.9,-0.7071067811865475,-0.7071067811865477,335,12,2023,19.0,23.0,13.0,25.0,17.857142857142858,17.566666666666666,-0.4937755501599773,0.8695893893466109,27.0,0
2023-12-02,8.3,13.1,5.4,0.2,2.3,11.3,58.0,7.0,-0.7071067811865475,-0.7071067811865477,336,12,2023,27.0,5.0,13.0,30.0,18.428571428571427,18.03333333333333,-0.4787338401157883,0.8779600847008883,8.0,0
2023-12-03,5.1,9.4,1.4,0.0,0.9,3.4,57.0,7.5,0.7071067811865476,0.7071067811865476,337,12,2023,8.0,18.0,7.0,13.0,18.857142857142858,17.866666666666667,-0.4635502709028512,0.8860706215341378,12.0,0
2023-12-04,2.1,3.2,1.2,0.0,1.3,3.9,83.0,1.7,0.0,1.0,338,12,2023,12.0,26.0,9.0,11.0,18.0,18.03333333333333,-0.4482293417404106,0.893918596519257,22.0,0
2023-12-05,2.7,5.7,0.9,0.0,1.2,3.9,80.0,6.2,-0.3826834323650896,-0.9238795325112868,339,12,2023,22.0,17.0,11.0,7.0,17.428571428571427,18.466666666666665,-0.4327755925504317,0.9015016841318838,25.0,0
2023-12-06,4.4,11.5,0.2,0.0,1.4,5.4,68.0,7.4,-0.7071067811865475,-0.7071067811865477,340,12,2023,25.0,17.0,12.0,23.0,18.571428571428573,18.933333333333334,-0.4171936026123169,0.9088176373395028,29.0,0
2023-12-07,5.2,9.7,1.1,0.0,0.7,3.0,59.0,6.8,-0.7071067811865475,-0.7071067811865477,341,12,2023,29.0,19.0,17.0,37.0,20.285714285714285,19.5,-0.4014879892059737,0.9158642882672868,31.0,0
2023-12-08,3.2,4.9,2.1,2.6,1.4,4.2,84.0,0.9,-0.3826834323650896,-0.9238795325112868,342,12,2023,31.0,27.0,23.0,34.0,22.0,19.966666666666665,-0.3856634062436074,0.9226395488404876,27.0,0
2023-12-09,2.3,3.5,0.8,0.6,1.0,4.0,97.0,1.7,0.9238795325112868,0.3826834323650898,343,12,2023,27.0,8.0,15.0,25.0,22.0,20.1,-0.3697245428906732,0.9291414114031744,31.0,0
2023-12-10,3.6,6.5,0.6,0.0,1.4,6.5,93.0,6.3,-0.7071067811865475,-0.7071067811865477,344,12,2023,31.0,12.0,19.0,15.0,25.285714285714285,20.633333333333333,-0.3536761221763721,0.935367949313148,27.0,0
2023-12-11,6.5,11.7,2.8,0.0,0.9,4.4,83.0,6.2,0.7071067811865476,0.7071067811865476,345,12,2023,27.0,22.0,15.0,17.0,27.428571428571427,20.9,-0.3375228995941134,0.941317317512847,31.0,0
2023-12-12,4.7,7.6,1.1,0.0,0.9,2.8,95.0,1.8,0.3826834323650898,0.9238795325112868,346,12,2023,31.0,25.0,9.0,26.0,28.714285714285715,21.433333333333334,-0.3212696616923651,0.9469877530760752,34.0,0
2023-12-13,7.2,9.0,6.3,0.0,1.3,5.9,96.0,3.3,-0.7071067811865475,-0.7071067811865477,347,12,2023,34.0,29.0,24.0,21.0,30.0,22.266666666666666,-0.3049212246562894,0.9523775757303972,35.0,0
2023-12-14,8.4,12.5,5.8,0.0,1.4,4.9,79.0,6.6,-0.3826834323650896,-0.9238795325112868,348,12,2023,35.0,31.0,30.0,30.0,30.857142857142858,22.633333333333333,-0.2884824328806098,0.9574851883550388,28.0,0
2023-12-15,7.9,12.9,4.3,0.0,1.2,4.7,63.0,6.9,-0.3826834323650896,-0.9238795325112868,349,12,2023,28.0,27.0,5.0,33.0,30.428571428571427,22.566666666666663,-0.2719581575341052,0.9623090774541488,26.0,0
2023-12-16,5.7,9.6,2.6,0.0,0.9,3.1,72.0,6.3,0.9238795325112868,0.3826834323650898,350,12,2023,26.0,31.0,19.0,31.0,30.285714285714285,23.266666666666666,-0.2553532951161881,0.9668478136052772,34.0,0
2023-12-17,5.2,9.7,1.9,0.0,1.2,3.7,78.0,6.2,-0.7071067811865475,-0.7071067811865477,351,12,2023,34.0,27.0,9.0,43.0,30.714285714285715,23.766666666666666,-0.2386727660059499,0.9711000518829505,47.0,0
2023-12-18,7.1,12.8,2.5,0.0,1.2,4.1,71.0,6.4,-0.7071067811865475,-0.7071067811865477,352,12,2023,47.0,31.0,18.0,50.0,33.57142857142857,25.03333333333333,-0.2219215130041667,0.9750645322571944,52.0,0
2023-12-19,8.1,14.6,3.9,0.0,0.9,3.4,66.0,6.6,-0.7071067811865475,-0.7071067811865477,353,12,2023,52.0,34.0,22.0,39.0,36.57142857142857,26.166666666666668,-0.2051044998686192,0.9787400799669153,50.0,0
2023-12-20,7.4,11.9,4.8,0.0,0.9,4.8,66.0,4.1,-0.3826834323650896,-0.9238795325112868,354,12,2023,50.0,35.0,34.0,37.0,38.85714285714285,27.1,-0.1882267098432439,0.9821256058680006,46.0,0
2023-12-21,7.1,18.9,3.5,0.0,1.1,7.8,65.0,4.6,-0.7071067811865475,-0.7071067811865477,355,12,2023,46.0,28.0,38.0,70.0,40.42857142857143,27.5,-0.1712931441814778,0.9852201067560606,34.0,0
2023-12-22,18.5,20.9,14.9,0.0,3.2,14.7,20.0,6.8,-1.0,-1.8369701987210292e-16,356,12,2023,34.0,26.0,21.0,67.0,41.285714285714285,27.366666666666667,-0.154308820664281,0.9880226656636976,5.0,0
2023-12-23,13.1,18.6,7.6,0.0,0.9,5.7,40.0,6.3,0.7071067811865476,0.7071067811865476,357,12,2023,5.0,34.0,19.0,22.0,38.285714285714285,26.83333333333333,-0.1372787721132651,0.9905324521322229,15.0,0
2023-12-24,11.7,16.8,8.5,0.0,1.8,6.3,52.0,6.7,-0.7071067811865475,-0.7071067811865477,358,12,2023,15.0,47.0,23.0,34.0,35.57142857142857,26.7,-0.1202080448993527,0.9927487224577402,12.0,0
2023-12-25,9.6,13.4,6.3,0.0,1.2,5.1,75.0,6.4,-0.7071067811865475,-0.7071067811865477,359,12,2023,12.0,52.0,5.0,37.0,30.571428571428573,26.33333333333333,-0.1031016974474354,0.9946708199115212,17.0,0
2023-12-26,8.3,11.7,5.6,0.0,0.8,4.4,81.0,3.8,-0.7071067811865475,-0.7071067811865477,360,12,2023,17.0,50.0,18.0,25.0,25.571428571428573,26.73333333333333,-0.0859647987374467,0.9962981749346076,28.0,0
2023-12-27,8.4,10.1,5.6,0.0,0.7,3.3,79.0,2.1,0.9238795325112868,0.3826834323650898,361,12,2023,28.0,46.0,26.0,28.0,22.428571428571427,27.066666666666663,-0.0688024268023206,0.9976303053065856,33.0,0
2023-12-28,9.0,10.0,7.8,0.0,0.8,2.1,79.0,1.6,0.9238795325112868,0.3826834323650898,362,12,2023,33.0,34.0,17.0,34.0,20.571428571428573,27.3,-0.0516196672232541,0.998666816288476,36.0,0
2023-12-29,7.8,10.3,5.5,0.0,0.9,3.2,77.0,2.2,-0.7071067811865475,-0.7071067811865477,363,12,2023,36.0,5.0,17.0,31.0,20.857142857142858,27.933333333333334,-0.0344216116227458,0.9994074007397048,36.0,0
2023-12-30,7.7,12.3,4.2,0.0,1.0,3.4,76.0,6.5,-0.7071067811865475,-0.7071067811865477,364,12,2023,36.0,15.0,19.0,27.0,25.285714285714285,28.566666666666663,-0.0172133561558352,0.9998518392091162,26.0,0
2023-12-31,6.9,8.4,5.5,0.4,1.0,3.7,87.0,3.1,-0.3826834323650896,-0.9238795325112868,365,12,2023,26.0,12.0,27.0,47.0,26.857142857142858,28.8,6.432490598706546e-16,1.0,31.0,0
2024-01-01,4.7,7.5,1.6,0.0,1.2,4.4,95.0,4.8,-0.3826834323650896,-0.9238795325112868,1,1,2024,31.0,17.0,8.0,64.0,29.571428571428573,28.933333333333334,0.0172133561558346,0.9998518392091162,47.0,0
2024-01-02,4.7,7.8,1.8,0.0,0.8,3.2,83.0,4.9,0.7071067811865476,0.7071067811865476,2,1,2024,47.0,28.0,12.0,36.0,33.857142857142854,30.23333333333333,0.0344216116227457,0.9994074007397048,29.0,0
2024-01-03,5.8,10.1,3.2,0.0,1.2,5.0,79.0,6.6,-0.7071067811865475,-0.7071067811865477,3,1,2024,29.0,33.0,22.0,28.0,34.0,30.8,0.0516196672232537,0.998666816288476,31.0,0
2024-01-04,9.2,16.6,3.7,0.0,1.6,10.1,60.0,7.2,0.7071067811865476,0.7071067811865476,4,1,2024,31.0,36.0,25.0,25.0,33.714285714285715,31.1,0.0688024268023198,0.9976303053065856,20.0,0
2024-01-05,5.1,6.9,3.1,22.4,1.6,5.2,92.0,0.5,0.0,1.0,5,1,2024,20.0,36.0,29.0,27.0,31.428571428571427,30.933333333333334,0.0859647987374464,0.9962981749346078,13.0,0
2024-01-06,5.9,9.4,2.8,0.0,1.6,5.1,88.0,3.4,-0.3826834323650896,-0.9238795325112868,6,1,2024,13.0,26.0,31.0,22.0,28.142857142857142,30.4,0.1031016974474348,0.9946708199115212,14.0,0
2024-01-07,8.7,11.1,5.8,0.0,1.2,5.9,66.0,3.5,-0.3826834323650896,-0.9238795325112868,7,1,2024,14.0,31.0,27.0,21.0,26.428571428571427,29.83333333333333,0.1202080448993527,0.9927487224577402,16.0,0
2024-01-08,7.1,8.4,5.8,6.0,1.1,3.4,87.0,1.2,-0.7071067811865475,-0.7071067811865477,8,1,2024,16.0,47.0,31.0,5.0,24.285714285714285,29.466666666666665,0.1372787721132647,0.9905324521322229,9.0,0
2024-01-09,5.2,6.7,3.7,1.0,1.7,5.9,90.0,0.5,0.3826834323650898,0.9238795325112868,9,1,2024,9.0,29.0,27.0,11.0,18.857142857142858,28.73333333333333,0.1543088206642811,0.9880226656636976,11.0,0
2024-01-10,4.0,4.6,3.1,0.0,1.4,4.3,83.0,1.6,0.9238795325112868,0.3826834323650898,10,1,2024,11.0,31.0,31.0,6.0,16.285714285714285,28.2,0.1712931441814776,0.9852201067560606,15.0,0
2024-01-11,4.6,8.1,2.3,0.0,1.1,3.9,77.0,6.7,-0.3826834323650896,-0.9238795325112868,11,1,2024,15.0,20.0,34.0,28.0,14.0,27.666666666666668,0.1882267098432442,0.9821256058680006,27.0,0
2024-01-12,4.2,8.1,0.8,0.0,0.9,3.1,81.0,7.3,-0.7071067811865475,-0.7071067811865477,12,1,2024,27.0,13.0,35.0,40.0,15.0,27.433333333333334,0.2051044998686192,0.9787400799669153,40.0,0
2024-01-13,3.6,7.2,1.2,0.0,1.2,3.5,80.0,7.5,-0.3826834323650896,-0.9238795325112868,13,1,2024,40.0,14.0,28.0,42.0,18.857142857142858,27.6,0.2219215130041655,0.9750645322571948,40.0,0
2024-01-14,2.8,6.4,0.4,0.0,1.0,3.4,81.0,4.6,-0.7071067811865475,-0.7071067811865477,14,1,2024,40.0,16.0,26.0,38.0,22.571428571428573,28.0,0.2386727660059501,0.9711000518829505,40.0,0
2024-01-15,4.6,9.1,1.6,0.0,1.0,3.9,79.0,7.0,-0.3826834323650896,-0.9238795325112868,15,1,2024,40.0,9.0,34.0,43.0,26.0,28.466666666666665,0.255353295116187,0.9668478136052776,35.0,0
2024-01-16,2.8,6.2,-0.9,0.0,1.0,5.1,88.0,1.6,-0.7071067811865475,-0.7071067811865477,16,1,2024,35.0,11.0,47.0,34.0,29.714285714285715,28.5,0.2719581575341055,0.9623090774541486,42.0,0
2024-01-17,4.1,5.6,1.8,0.4,1.1,4.1,82.0,2.8,-0.7071067811865475,-0.7071067811865477,17,1,2024,42.0,15.0,52.0,26.0,34.142857142857146,28.33333333333333,0.288482432880609,0.9574851883550392,43.0,0
2024-01-18,3.5,7.5,1.1,0.0,1.3,5.4,92.0,5.7,-0.3826834323650896,-0.9238795325112868,18,1,2024,43.0,27.0,50.0,30.0,38.142857142857146,28.03333333333333,0.304921224656289,0.9523775757303974,33.0,0
2024-01-19,3.5,8.2,-0.1,0.0,1.7,8.1,88.0,4.9,-0.7071067811865475,-0.7071067811865477,19,1,2024,33.0,40.0,46.0,18.0,39.0,27.466666666666665,0.3212696616923644,0.9469877530760752,16.0,0
2024-01-20,5.2,9.7,1.6,0.0,1.0,3.8,63.0,8.5,-0.7071067811865475,-0.7071067811865477,20,1,2024,16.0,40.0,34.0,19.0,35.57142857142857,26.466666666666665,0.3375228995941133,0.9413173175128472,13.0,0
2024-01-21,2.5,5.9,0.1,0.0,1.1,3.5,59.0,6.8,-0.7071067811865475,-0.7071067811865477,21,1,2024,13.0,40.0,5.0,20.0,31.714285714285715,25.766666666666666,0.3536761221763716,0.9353679493131484,26.0,0
2024-01-22,3.1,7.3,-0.8,0.0,1.0,3.3,59.0,6.6,-0.7071067811865475,-0.7071067811865477,22,1,2024,26.0,35.0,15.0,14.0,29.714285714285715,26.466666666666665,0.3697245428906731,0.9291414114031744,37.0,0
2024-01-23,6.2,13.6,-0.4,0.0,1.1,5.8,53.0,8.4,-0.7071067811865475,-0.7071067811865477,23,1,2024,37.0,42.0,12.0,27.0,30.0,27.2,0.385663406243607,0.9226395488404876,30.0,0
2024-01-24,6.8,12.7,2.6,0.0,0.8,3.4,66.0,7.9,-0.3826834323650896,-0.9238795325112868,24,1,2024,30.0,43.0,17.0,10.0,28.285714285714285,27.8,0.401487989205973,0.9158642882672872,44.0,0
2024-01-25,8.2,17.3,3.6,0.0,1.2,4.8,70.0,8.9,-0.7071067811865475,-0.7071067811865477,25,1,2024,44.0,33.0,28.0,21.0,28.428571428571427,28.7,0.4171936026123168,0.9088176373395028,53.0,0
2024-01-26,5.5,8.6,1.0,0.0,1.2,4.6,87.0,4.3,-0.7071067811865475,-0.7071067811865477,26,1,2024,53.0,16.0,33.0,27.0,31.285714285714285,29.53333333333333,0.4327755925504312,0.901501684131884,58.0,0
2024-01-27,9.5,18.4,3.3,0.0,1.6,5.0,66.0,9.3,-0.7071067811865475,-0.7071067811865477,27,1,2024,58.0,13.0,36.0,33.0,37.285714285714285,30.366666666666667,0.4482293417404106,0.893918596519257,47.0,0
2024-01-28,7.1,13.2,2.5,0.0,1.1,3.3,79.0,8.4,0.9238795325112868,0.3826834323650898,28,1,2024,47.0,26.0,36.0,36.0,42.142857142857146,30.73333333333333,0.4635502709028509,0.886070621534138,38.0,0
2024-01-29,6.1,11.0,2.4,0.0,0.7,3.1,70.0,8.4,0.9238795325112868,0.3826834323650898,29,1,2024,38.0,37.0,26.0,34.0,43.85714285714285,30.8,0.4787338401157884,0.8779600847008882,42.0,0
2024-01-30,6.4,11.1,2.3,0.0,0.8,2.8,63.0,7.7,0.9238795325112868,0.3826834323650898,30,1,2024,42.0,30.0,31.0,39.0,44.57142857142857,31.33333333333333,0.4937755501599771,0.869589389346611,58.0,0
2024-01-31,7.2,12.6,3.1,0.0,0.7,2.8,62.0,8.2,-0.3826834323650896,-0.9238795325112868,31,1,2024,58.0,44.0,47.0,38.0,48.57142857142857,32.233333333333334,0.5086709438521044,0.8609610158889943,57.0,0
2024-02-01,6.4,10.8,3.6,0.0,1.2,7.6,69.0,4.9,-0.7071067811865475,-0.7071067811865477,32,2,2024,57.0,53.0,29.0,36.0,50.42857142857143,32.56666666666667,0.5234156073655503,0.8520775211013093,48.0,0
2024-02-02,9.2,16.6,3.4,0.0,1.3,4.3,62.0,9.1,-0.7071067811865475,-0.7071067811865477,33,2,2024,48.0,58.0,31.0,35.0,49.71428571428572,33.2,0.5380051715382996,0.8429415373547828,36.0,0
2024-02-03,11.2,18.2,5.1,0.0,1.7,5.9,57.0,10.1,-0.7071067811865475,-0.7071067811865477,34,2,2024,36.0,47.0,20.0,32.0,46.57142857142857,33.36666666666667,0.5524353131676196,0.8335557718385699,29.0,0
2024-02-04,12.5,21.1,5.7,0.0,1.5,6.0,58.0,10.9,-0.7071067811865475,-0.7071067811865477,35,2,2024,29.0,38.0,13.0,23.0,44.0,33.666666666666664,0.5667017562911176,0.8239230057575542,16.0,0
2024-02-05,11.8,18.2,7.9,0.0,2.3,6.9,67.0,10.6,-0.7071067811865475,-0.7071067811865477,36,2,2024,16.0,42.0,14.0,32.0,40.85714285714285,33.766666666666666,0.5808002734538009,0.8140460935082178,11.0,0
2024-02-06,7.5,9.4,4.8,0.0,1.0,3.2,92.0,2.7,0.9238795325112868,0.3826834323650898,37,2,2024,11.0,58.0,16.0,32.0,36.42857142857143,33.666666666666664,0.5947266869607634,0.8039279618328213,33.0,0
2024-02-07,10.5,13.5,7.8,0.0,0.9,3.3,75.0,7.3,-0.7071067811865475,-0.7071067811865477,38,2,2024,33.0,57.0,9.0,32.0,32.857142857142854,34.233333333333334,0.6084768701151261,0.7935716089521474,29.0,0
2024-02-08,9.5,12.0,7.1,0.6,1.0,3.6,79.0,4.9,0.9238795325112868,0.3826834323650898,39,2,2024,29.0,48.0,11.0,19.0,28.857142857142858,34.9,0.6220467484408675,0.7829801036770629,32.0,0
2024-02-09,8.5,8.9,8.1,4.8,1.6,4.6,98.0,0.2,0.3826834323650898,0.9238795325112868,40,2,2024,32.0,36.0,15.0,19.0,26.571428571428573,35.6,0.6354323008901774,0.7721565844991642,17.0,0
2024-02-10,8.1,8.4,7.3,36.2,1.8,6.8,96.0,0.4,0.3826834323650898,0.9238795325112868,41,2,2024,17.0,29.0,27.0,28.0,23.857142857142858,35.666666666666664,0.6486295610349814,0.7611042586607747,5.0,0
2024-02-11,9.7,13.0,7.2,1.6,1.5,5.1,83.0,8.2,-0.3826834323650896,-0.9238795325112868,42,2,2024,5.0,16.0,40.0,33.0,20.428571428571427,34.93333333333333,0.6616346182422783,0.7498264012045686,7.0,0
2024-02-12,8.4,12.1,4.6,0.0,1.1,5.9,77.0,8.3,0.7071067811865476,0.7071067811865476,43,2,2024,7.0,11.0,40.0,35.0,19.142857142857142,33.833333333333336,0.6744436188329455,0.7383263540031065,17.0,0
2024-02-13,9.7,16.0,4.5,0.0,1.0,4.8,58.0,12.0,-0.7071067811865475,-0.7071067811865477,44,2,2024,17.0,33.0,40.0,37.0,20.0,33.06666666666667,0.6870527672236669,0.7266075247685656,17.0,0
2024-02-14,9.8,15.7,4.7,0.0,0.7,3.5,55.0,11.5,-0.3826834323650895,0.9238795325112868,45,2,2024,17.0,29.0,35.0,48.0,17.714285714285715,32.3,0.699458327051647,0.7146733860429609,23.0,0
2024-02-15,9.4,13.5,5.8,0.0,0.8,3.2,67.0,7.9,0.7071067811865476,0.7071067811865476,46,2,2024,23.0,32.0,42.0,46.0,16.857142857142858,31.9,0.7116566222817746,0.7025274741691571,31.0,0
2024-02-16,10.4,13.8,7.0,0.0,0.8,3.5,70.0,8.0,-0.3826834323650896,-0.9238795325112868,47,2,2024,31.0,17.0,43.0,34.0,16.714285714285715,31.53333333333333,0.7236440382959124,0.6901733882429719,41.0,0
2024-02-17,11.7,17.4,7.3,0.0,0.7,3.3,67.0,11.1,-0.3826834323650896,-0.9238795325112868,48,2,2024,41.0,5.0,33.0,34.0,20.142857142857142,31.466666666666665,0.7354170229639855,0.6776147890466889,46.0,0
2024-02-18,11.8,16.6,7.5,0.0,0.8,3.3,71.0,9.3,0.7071067811865476,0.7071067811865476,49,2,2024,46.0,7.0,16.0,27.0,26.0,31.9,0.7469720876965552,0.6648553979642865,49.0,0
2024-02-19,12.5,19.0,7.2,0.0,1.2,5.8,68.0,12.0,-0.7071067811865475,-0.7071067811865477,50,2,2024,49.0,17.0,13.0,26.0,32.0,33.0,0.7583058084785624,0.6518989958787126,53.0,0
2024-02-20,12.3,17.9,7.5,0.0,1.1,4.6,56.0,12.6,-0.7071067811865475,-0.7071067811865477,51,2,2024,53.0,17.0,26.0,43.0,37.142857142857146,34.333333333333336,0.7694148268839378,0.6387494220515272,36.0,0
2024-02-21,10.7,14.2,6.9,0.0,1.3,4.9,64.0,10.2,0.3826834323650898,0.9238795325112868,52,2,2024,36.0,23.0,37.0,41.0,39.85714285714285,34.666666666666664,0.7802958510707755,0.6254105729852463,36.0,0
2024-02-22,9.5,11.8,8.2,2.0,1.5,5.4,82.0,5.9,0.7071067811865476,0.7071067811865476,53,2,2024,36.0,31.0,30.0,28.0,41.71428571428572,34.63333333333333,0.7909456567567772,0.6118864012687243,43.0,0
2024-02-23,9.4,13.0,6.9,2.2,1.3,5.0,79.0,9.8,-0.3826834323650896,-0.9238795325112868,54,2,2024,43.0,41.0,44.0,28.0,43.42857142857143,35.06666666666667,0.8013610881746766,0.5981809144059165,11.0,0
2024-02-24,7.5,9.9,5.4,0.0,1.7,6.0,84.0,7.4,0.9238795325112868,0.3826834323650898,55,2,2024,11.0,46.0,53.0,27.0,39.142857142857146,33.96666666666667,0.8115390590073611,0.5842981736283684,18.0,0
2024-02-25,8.0,11.3,5.2,0.0,1.4,6.0,73.0,8.3,0.9238795325112868,0.3826834323650898,56,2,2024,18.0,49.0,58.0,31.0,35.142857142857146,32.8,0.8214765533024142,0.5702422926917871,11.0,0
2024-02-26,5.2,6.2,4.4,21.6,2.0,7.2,91.0,1.6,0.0,1.0,57,2,2024,11.0,53.0,47.0,17.0,29.714285714285715,31.23333333333333,0.8311706263658079,0.5560174366570446,5.0,0
2024-02-27,6.6,7.9,5.2,52.4,1.3,4.5,97.0,1.7,-0.3826834323650895,0.9238795325112868,58,2,2024,5.0,36.0,38.0,5.0,22.857142857142858,29.83333333333333,0.8406184056344782,0.5416278206559814,5.0,0
2024-02-28,9.9,12.2,7.5,5.8,0.7,4.3,93.0,2.8,0.3826834323650898,0.9238795325112868,59,2,2024,5.0,36.0,42.0,14.0,18.428571428571427,28.73333333333333,0.8498170915275278,0.5270777086423722,6.0,0
2024-02-29,10.9,13.3,9.1,6.4,0.8,4.2,88.0,3.7,0.9238795325112868,0.3826834323650898,60,2,2024,6.0,43.0,58.0,21.0,14.142857142857142,27.53333333333333,0.8587639582758029,0.5123714121284237,5.0,0
2024-03-01,9.7,10.7,9.1,13.2,1.2,4.0,93.0,3.4,0.3826834323650898,0.9238795325112868,61,3,2024,5.0,11.0,57.0,8.0,8.714285714285714,25.766666666666666,0.8674563547295969,0.4975132889071806,5.0,1
2024-03-02,9.7,11.1,8.7,1.0,1.7,7.5,89.0,5.4,0.7071067811865476,0.7071067811865476,62,3,2024,5.0,18.0,48.0,14.0,7.857142857142857,24.03333333333333,0.8758917051442429,0.4825077417612184,7.0,1
2024-03-03,8.0,9.3,6.5,75.0,2.7,10.1,96.0,0.4,0.7071067811865476,0.7071067811865476,63,3,2024,7.0,11.0,36.0,18.0,6.285714285714286,22.666666666666668,0.8840675099433636,0.4673592171580022,5.0,1
2024-03-04,10.7,14.8,7.2,9.0,1.8,7.2,77.0,13.2,1.2246467991473532e-16,-1.0,64,3,2024,5.0,5.0,29.0,19.0,5.428571428571429,21.633333333333333,0.8919813464595485,0.4520722039323043,5.0,1
2024-03-05,10.8,15.2,8.0,1.8,1.3,12.1,69.0,11.1,0.7071067811865476,0.7071067811865476,65,3,2024,5.0,5.0,16.0,21.0,5.428571428571429,20.83333333333333,0.8996308696522433,0.436651231956064,8.0,1
2024-03-06,10.1,14.5,7.4,0.6,1.8,10.8,58.0,9.7,-0.3826834323650896,-0.9238795325112868,66,3,2024,8.0,6.0,11.0,22.0,5.857142857142857,20.566666666666663,0.907013812802636,0.4211008707960896,5.0,1
2024-03-07,10.3,15.7,5.2,0.0,1.0,4.7,53.0,16.9,0.7071067811865476,0.7071067811865476,67,3,2024,5.0,5.0,33.0,21.0,5.714285714285714,20.366666666666667,0.9141279881853336,0.4054257283599973,7.0,1
2024-03-08,7.1,8.2,5.9,7.2,1.7,5.2,85.0,3.3,0.7071067811865476,0.7071067811865476,68,3,2024,7.0,5.0,29.0,23.0,6.0,19.5,0.9209712877166346,0.3896304495307879,14.0,1
2024-03-09,6.6,7.5,5.5,12.6,1.6,5.4,94.0,1.3,0.0,1.0,69,3,2024,14.0,7.0,32.0,11.0,7.285714285714286,19.0,0.9275416835791966,0.373719714790469,5.0,1
2024-03-10,7.3,10.0,6.1,37.2,1.6,6.8,91.0,4.9,0.0,1.0,70,3,2024,5.0,5.0,17.0,5.0,7.0,18.1,0.9338372288229252,0.3576982388331254,5.0,1
2024-03-11,10.0,14.1,6.8,0.0,1.0,4.5,70.0,11.8,-0.7071067811865475,-0.7071067811865477,71,3,2024,5.0,5.0,5.0,10.0,7.0,17.7,0.9398560579418954,0.3415707691678556,6.0,1
2024-03-12,13.1,19.0,6.5,0.0,1.7,8.9,46.0,17.7,-0.3826834323650896,-0.9238795325112868,72,3,2024,6.0,8.0,7.0,20.0,7.142857142857143,17.733333333333334,0.9455963874271426,0.3253420847119801,7.0,1
2024-03-13,13.5,19.1,8.0,0.0,0.9,3.9,46.0,17.7,0.0,1.0,73,3,2024,7.0,5.0,17.0,6.0,7.0,17.733333333333334,0.9510565162951536,0.3090169943749474,6.0,1
2024-03-14,13.1,18.8,8.1,0.0,1.3,5.4,62.0,16.9,0.7071067811865476,0.7071067811865476,74,3,2024,6.0,7.0,17.0,5.0,7.142857142857143,17.366666666666667,0.9562348265919056,0.2926003356333483,5.0,1
2024-03-15,13.2,17.2,9.4,0.0,1.1,4.5,71.0,10.2,0.9238795325112868,0.3826834323650898,75,3,2024,5.0,14.0,23.0,11.0,6.857142857142857,16.966666666666665,0.9611297838723007,0.2760969730974688,13.0,1
2024-03-16,14.9,20.4,9.6,0.0,1.0,5.3,65.0,18.0,-0.7071067811865475,-0.7071067811865477,76,3,2024,13.0,5.0,31.0,18.0,6.714285714285714,16.633333333333333,0.9657399376548548,0.2595117970697999,10.0,1
2024-03-17,14.1,18.4,10.7,0.0,1.2,4.7,67.0,12.1,0.9238795325112868,0.3826834323650898,77,3,2024,10.0,5.0,41.0,24.0,7.428571428571429,15.933333333333334,0.9700639218515072,0.2428497220959356,12.0,1
2024-03-18,14.4,18.9,10.8,0.0,1.0,5.1,71.0,12.4,-0.3826834323650896,-0.9238795325112868,78,3,2024,12.0,6.0,46.0,15.0,8.428571428571429,14.966666666666669,0.9741004551724204,0.2261156855082882,17.0,1
2024-03-19,13.6,19.6,8.7,0.0,1.4,5.4,74.0,17.2,0.7071067811865476,0.7071067811865476,79,3,2024,17.0,7.0,49.0,22.0,10.0,14.0,0.9778483415056568,0.2093146459630484,14.0,1
2024-03-20,13.8,17.1,10.9,0.0,1.0,4.5,77.0,8.2,0.7071067811865476,0.7071067811865476,80,3,2024,14.0,6.0,53.0,29.0,11.0,12.833333333333334,0.9813064702716092,0.1924515819708299,19.0,1
2024-03-21,16.0,22.1,10.8,0.0,0.9,4.0,66.0,17.4,-0.7071067811865475,-0.7071067811865477,81,3,2024,19.0,5.0,36.0,32.0,12.857142857142858,11.7,0.9844738167520922,0.1755314904214282,26.0,1
2024-03-22,15.0,20.1,9.9,0.0,1.2,4.5,71.0,14.2,0.9238795325112868,0.3826834323650898,82,3,2024,26.0,13.0,36.0,21.0,15.857142857142858,11.366666666666667,0.9873494423939864,0.1585593851031347,32.0,1
2024-03-23,15.4,22.0,11.1,0.0,3.1,15.7,48.0,18.5,-0.9238795325112866,0.38268343236509,83,3,2024,32.0,10.0,43.0,11.0,18.571428571428573,11.233333333333333,0.989932495087353,0.141540295217043,19.0,1
2024-03-24,14.0,17.6,9.4,0.0,2.8,12.3,20.0,21.4,-1.0,-1.8369701987210292e-16,84,3,2024,19.0,12.0,11.0,6.0,19.857142857142858,10.433333333333334,0.9922222094179324,0.1244792638867891,5.0,1
2024-03-25,11.6,15.0,6.2,0.0,1.3,5.4,29.0,16.2,1.0,6.123233995736766e-17,85,3,2024,5.0,17.0,18.0,6.0,18.857142857142858,10.233333333333333,0.994217906893952,0.107381346664163,5.0,1
2024-03-26,8.2,11.7,6.7,12.2,1.6,7.3,75.0,1.9,-0.7071067811865475,-0.7071067811865477,86,3,2024,5.0,14.0,11.0,5.0,17.142857142857142,9.8,0.995918996147179,0.0902516100310411,6.0,1
2024-03-27,7.5,9.8,5.8,11.6,1.4,5.2,87.0,5.7,0.0,1.0,87,3,2024,6.0,19.0,5.0,5.0,16.0,9.633333333333333,0.9973249731081556,0.0730951298980777,5.0,1
2024-03-28,8.7,12.1,6.2,1.4,1.3,4.6,83.0,8.3,0.7071067811865476,0.7071067811865476,88,3,2024,5.0,26.0,5.0,8.0,14.0,9.633333333333333,0.9984354211555644,0.0559169901006034,9.0,1
2024-03-29,9.0,9.9,8.1,1.4,1.2,4.4,91.0,2.3,0.7071067811865476,0.7071067811865476,89,3,2024,9.0,32.0,6.0,9.0,11.571428571428571,9.766666666666667,0.9992500112396836,0.0387222808921744,9.0,1
2024-03-30,10.0,10.9,8.7,8.2,1.2,3.5,95.0,0.7,0.7071067811865476,0.7071067811865476,90,3,2024,9.0,19.0,5.0,7.0,8.285714285714286,9.866666666666667,0.9997685019798908,0.0215160974362222,14.0,1
2024-03-31,11.4,14.0,8.7,8.0,1.5,5.3,88.0,8.7,0.3826834323650898,0.9238795325112868,91,3,2024,14.0,5.0,5.0,5.0,7.571428571428571,10.166666666666666,0.99999073973619,0.0043035382962442,6.0,1
2024-04-01,13.6,20.4,9.1,8.2,2.0,12.1,64.0,21.8,-1.0,-1.8369701987210292e-16,92,4,2024,6.0,5.0,7.0,5.0,7.714285714285714,10.2,0.999916658654738,-0.0129102960750088,5.0,1
2024-04-02,14.7,20.7,7.2,0.0,1.5,10.7,47.0,22.8,1.2246467991473532e-16,-1.0,93,4,2024,5.0,6.0,5.0,5.0,7.714285714285714,10.133333333333333,0.9995462806873572,-0.0301203048469081,5.0,1
2024-04-03,13.4,16.9,10.3,0.0,2.0,6.8,67.0,17.8,0.7071067811865476,0.7071067811865476,94,4,2024,5.0,5.0,5.0,5.0,7.571428571428571,10.133333333333333,0.9988797155850336,-0.0473213883224318,6.0,1
2024-04-04,14.9,19.4,10.6,0.0,1.1,6.2,69.0,15.5,0.9238795325112868,0.3826834323650898,95,4,2024,6.0,9.0,8.0,10.0,7.714285714285714,10.166666666666666,0.9979171608653922,-0.0645084494493162,7.0,1
2024-04-05,15.9,19.0,12.3,0.0,1.2,4.4,71.0,12.7,-0.3826834323650896,-0.9238795325112868,96,4,2024,7.0,9.0,5.0,14.0,7.428571428571429,10.133333333333333,0.9966589017541702,-0.0816763953304224,5.0,1
2024-04-06,17.3,22.7,11.6,0.0,1.0,5.2,66.0,20.6,0.9238795325112868,0.3826834323650898,97,4,2024,5.0,14.0,7.0,16.0,6.857142857142857,10.133333333333333,0.9951053111006976,-0.0988201387328714,9.0,1
2024-04-07,19.0,23.0,13.9,0.0,0.9,4.4,62.0,14.8,-0.7071067811865475,-0.7071067811865477,98,4,2024,9.0,6.0,14.0,5.0,6.142857142857143,10.2,0.9932568492674144,-0.1159345995955004,11.0,1
2024-04-08,20.0,24.5,15.3,0.0,1.0,4.2,61.0,15.9,0.9238795325112868,0.3826834323650898,99,4,2024,11.0,5.0,5.0,9.0,6.857142857142857,10.1,0.9911140639934548,-0.1330147065341959,13.0,1
2024-04-09,13.4,17.2,10.8,13.6,1.5,5.8,82.0,1.7,0.3826834323650898,0.9238795325112868,100,4,2024,13.0,5.0,5.0,9.0,8.0,10.366666666666667,0.9886775902323404,-0.1500553983446526,9.0,1
2024-04-10,12.0,15.4,9.8,5.6,1.4,5.4,72.0,7.1,-0.3826834323650896,-0.9238795325112868,101,4,2024,9.0,6.0,6.0,9.0,8.571428571428571,10.5,0.9859481499638304,-0.1670516255021192,5.0,1
2024-04-11,17.4,23.7,11.4,0.0,1.3,5.0,65.0,22.7,-0.3826834323650896,-0.9238795325112868,102,4,2024,5.0,7.0,7.0,14.0,8.428571428571429,10.466666666666669,0.9829265519799822,-0.18399835165768,6.0,1
2024-04-12,20.0,26.2,12.8,0.0,0.9,4.6,58.0,22.7,-0.3826834323650896,-0.9238795325112868,103,4,2024,6.0,5.0,6.0,8.0,8.285714285714286,10.433333333333334,0.97961369164549,-0.200890555130635,10.0,1
2024-04-13,21.3,27.9,14.7,0.0,0.8,4.2,57.0,22.6,0.7071067811865476,0.7071067811865476,104,4,2024,10.0,9.0,5.0,5.0,9.0,10.566666666666666,0.9760105506323684,-0.2177232303965317,13.0,1
2024-04-14,22.4,28.6,15.8,0.0,0.9,4.5,55.0,22.7,1.0,6.123233995736766e-17,105,4,2024,13.0,11.0,13.0,6.0,9.571428571428571,10.833333333333334,0.9721181966290612,-0.2344913895704098,12.0,1
2024-04-15,19.3,23.6,16.0,0.0,1.1,4.7,63.0,13.7,-0.7071067811865475,-0.7071067811865477,106,4,2024,12.0,13.0,10.0,8.0,9.714285714285714,10.8,0.9679377830240642,-0.2511900638848193,12.0,1
2024-04-16,18.1,21.5,12.6,0.0,3.7,17.6,22.0,26.1,-0.7071067811865477,0.7071067811865474,107,4,2024,12.0,9.0,12.0,5.0,9.571428571428571,10.866666666666667,0.9634705485641488,-0.2678143051621742,12.0,1
2024-04-17,13.6,19.2,7.1,0.0,2.6,12.5,34.0,26.3,-0.9238795325112866,0.38268343236509,108,4,2024,12.0,5.0,17.0,7.0,10.0,10.866666666666667,0.9587178169872964,-0.2843591872810034,5.0,1
2024-04-18,10.9,15.3,7.8,0.0,2.0,11.3,42.0,15.9,0.9238795325112868,0.3826834323650898,109,4,2024,5.0,6.0,14.0,7.0,10.0,10.466666666666669,0.9536809966304456,-0.3008198076356673,5.0,1
2024-04-19,12.9,19.7,5.3,0.0,1.6,6.1,40.0,26.0,-0.3826834323650896,-0.9238795325112868,110,4,2024,5.0,10.0,19.0,7.0,9.857142857142858,10.166666666666666,0.9483615800121716,-0.3171912885891061,5.0,1
2024-04-20,14.0,18.1,8.2,0.0,2.0,8.8,33.0,22.5,0.9238795325112868,0.3826834323650898,111,4,2024,5.0,13.0,26.0,5.0,9.142857142857142,9.7,0.9427611433904208,-0.3334687789181868,5.0,1
2024-04-21,12.3,16.7,8.0,0.0,2.1,11.5,33.0,21.4,0.7071067811865476,0.7071067811865476,112,4,2024,5.0,12.0,32.0,9.0,8.0,9.0,0.9368813462954316,-0.3496474552512284,5.0,1
2024-04-22,6.1,8.5,4.9,9.2,1.9,7.3,80.0,6.3,0.7071067811865476,0.7071067811865476,113,4,2024,5.0,12.0,19.0,9.0,7.0,8.1,0.9307239310379796,-0.3657225234972689,5.0,1
2024-04-23,7.9,13.3,5.1,10.6,1.9,8.8,75.0,17.9,-0.3826834323650896,-0.9238795325112868,114,4,2024,5.0,12.0,5.0,5.0,6.0,7.633333333333334,0.9242907221930932,-0.3816892202666588,5.0,1
2024-04-24,11.1,17.0,4.8,0.0,2.0,11.5,52.0,24.6,-0.3826834323650896,-0.9238795325112868,115,4,2024,5.0,5.0,5.0,5.0,5.0,7.633333333333334,0.9175836260593936,-0.3975428142825559,5.0,1
2024-04-25,11.3,15.3,6.1,0.0,1.4,5.6,54.0,20.3,1.0,6.123233995736766e-17,116,4,2024,5.0,5.0,6.0,5.0,5.0,7.633333333333334,0.9106046300942162,-0.4132786077829042,5.0,1
2024-04-26,9.6,10.8,8.5,1.4,2.0,6.8,80.0,3.4,0.3826834323650898,0.9238795325112868,117,4,2024,5.0,5.0,5.0,8.0,5.0,7.6,0.9033558023246844,-0.4288919379124835,7.0,1
2024-04-27,10.1,11.0,8.9,2.6,1.1,3.8,85.0,4.0,0.3826834323650898,0.9238795325112868,118,4,2024,7.0,5.0,9.0,11.0,5.285714285714286,7.666666666666667,0.895839290734909,-0.4443781781046132,8.0,1
2024-04-28,10.8,12.6,9.3,8.6,1.2,4.1,91.0,3.1,-0.3826834323650896,-0.9238795325112868,119,4,2024,8.0,5.0,9.0,9.0,5.714285714285714,7.633333333333334,0.8880573226294932,-0.4597327394521039,5.0,1
2024-04-29,15.9,20.8,10.3,0.0,1.0,4.0,68.0,16.2,-0.7071067811865475,-0.7071067811865477,120,4,2024,5.0,5.0,14.0,13.0,5.714285714285714,7.5,0.8800122039735357,-0.4749510720670499,7.0,1
2024-04-30,18.0,21.8,14.2,6.3,1.1,7.4,58.0,13.6,0.0,1.0,121,4,2024,7.0,5.0,6.0,6.0,6.0,7.266666666666667,0.8717063187093218,-0.4900286664290592,8.0,1
2024-05-01,13.3,14.9,12.0,29.0,1.5,7.1,91.0,3.7,0.3826834323650898,0.9238795325112868,122,5,2024,8.0,5.0,5.0,6.0,6.428571428571429,7.333333333333333,0.8631421280499114,-0.5049610547215204,5.0,1
2024-05-02,11.9,13.4,10.8,6.0,1.8,7.9,93.0,3.5,0.0,1.0,123,5,2024,5.0,5.0,5.0,8.0,6.428571428571429,7.333333333333333,0.854322169749827,-0.5197438121555155,5.0,1
2024-05-03,14.8,21.0,10.6,3.2,1.7,7.5,67.0,22.8,-0.3826834323650896,-0.9238795325112868,124,5,2024,5.0,7.0,6.0,9.0,6.428571428571429,7.333333333333333,0.8452490573530633,-0.5343725582809786,5.0,1
2024-05-04,15.5,20.4,9.6,0.0,1.1,4.4,64.0,21.4,0.9238795325112868,0.3826834323650898,125,5,2024,5.0,8.0,7.0,13.0,6.142857142857143,7.3,0.8359254794186372,-0.548842958284719,5.0,1
2024-05-05,17.2,21.0,13.1,0.0,1.2,4.8,65.0,16.3,0.7071067811865476,-0.7071067811865475,126,5,2024,5.0,5.0,5.0,15.0,5.714285714285714,7.233333333333333,0.8263541987239096,-0.5631507242749186,5.0,1
2024-05-06,14.1,16.2,12.1,5.8,1.9,6.5,84.0,5.8,0.3826834323650898,0.9238795325112868,127,5,2024,5.0,7.0,9.0,8.0,5.714285714285714,7.233333333333333,0.8165380514459161,-0.5772916165517272,5.0,1
2024-05-07,12.0,13.7,10.8,24.0,1.9,7.4,94.0,2.6,0.7071067811865476,0.7071067811865476,128,5,2024,5.0,8.0,11.0,10.0,5.428571428571429,7.1,0.8064799463209448,-0.5912614448635781,5.0,1
2024-05-08,17.1,23.5,11.0,0.2,1.5,5.0,65.0,26.3,-0.3826834323650896,-0.9238795325112868,129,5,2024,5.0,5.0,13.0,13.0,5.0,6.9,0.7961828637826158,-0.6050560696488488,5.0,1
2024-05-09,19.4,23.7,14.8,0.0,1.1,5.1,61.0,21.9,1.2246467991473532e-16,-1.0,130,5,2024,5.0,5.0,9.0,7.0,5.0,6.633333333333334,0.7856498550787147,-0.6186714032625031,5.0,1
2024-05-10,19.7,25.0,14.7,0.0,1.2,4.4,61.0,22.7,0.9238795325112868,0.3826834323650898,131,5,2024,5.0,5.0,5.0,8.0,5.0,6.5,0.7748840413670407,-0.6321034111873487,6.0,1
2024-05-11,21.4,25.9,16.5,0.0,1.0,4.7,54.0,26.5,0.9238795325112868,0.3826834323650898,132,5,2024,6.0,5.0,6.0,6.0,5.142857142857143,6.533333333333333,0.7638886127905428,-0.6453481132295501,8.0,1
2024-05-12,19.9,25.5,16.0,12.5,1.6,8.4,64.0,18.9,0.9238795325112868,0.3826834323650898,133,5,2024,8.0,5.0,10.0,5.0,5.571428571428571,6.6,0.7526668275320085,-0.6584015846980488,8.0,1
2024-05-13,17.6,21.8,14.6,28.7,1.4,8.2,77.0,11.3,0.9238795325112868,0.3826834323650898,134,5,2024,8.0,5.0,13.0,5.0,6.0,6.533333333333333,0.7412220108485958,-0.6712599575675313,5.0,1
2024-05-14,15.8,18.2,13.9,24.2,1.4,4.7,89.0,6.8,0.0,1.0,135,5,2024,5.0,5.0,12.0,8.0,6.0,6.266666666666667,0.7295575540864875,-0.6839194216246106,5.0,1
2024-05-15,13.1,14.6,12.1,38.1,1.4,5.6,93.0,2.9,0.0,1.0,136,5,2024,5.0,5.0,12.0,8.0,6.0,6.033333333333333,0.717676913675962,-0.6963762255968722,5.0,1
2024-05-16,13.6,16.6,12.2,4.2,1.4,5.4,88.0,9.2,0.7071067811865476,0.7071067811865476,137,5,2024,5.0,5.0,12.0,6.0,6.0,5.8,0.705583610107178,-0.7086266782644596,5.0,1
2024-05-17,16.1,21.0,11.4,0.0,1.0,4.6,70.0,15.8,1.0,6.123233995736766e-17,138,5,2024,5.0,6.0,5.0,7.0,6.0,5.566666666666666,0.6932812268869777,-0.7206671495538609,5.0,1
2024-05-18,16.8,21.0,13.6,0.0,1.6,9.0,70.0,19.4,0.7071067811865476,0.7071067811865476,139,5,2024,5.0,8.0,5.0,7.0,5.857142857142857,5.566666666666666,0.6807734094770161,-0.7324940716135789,5.0,1
2024-05-19,18.5,22.5,13.4,0.0,1.1,4.9,64.0,19.5,-0.3826834323650896,-0.9238795325112868,140,5,2024,5.0,8.0,5.0,5.0,5.428571428571429,5.566666666666666,0.6680638642135335,-0.7441039398713607,5.0,1
2024-05-20,16.9,21.3,14.7,7.4,1.6,9.7,77.0,12.2,0.9238795325112868,0.3826834323650898,141,5,2024,5.0,5.0,5.0,8.0,5.0,5.566666666666666,0.6551563572090853,-0.7554933140726803,5.0,1
2024-05-21,18.1,23.6,14.3,8.5,1.7,8.6,75.0,22.5,-0.3826834323650896,-0.9238795325112868,142,5,2024,5.0,5.0,5.0,14.0,5.0,5.566666666666666,0.6420547132365637,-0.766658819300159,5.0,1
2024-05-22,17.5,22.5,13.8,15.1,1.7,8.0,77.0,16.1,-0.3826834323650896,-0.9238795325112868,143,5,2024,5.0,5.0,5.0,13.0,5.0,5.566666666666666,0.6287628145958344,-0.7775971469736269,5.0,1
2024-05-23,15.4,18.2,13.6,1.8,1.3,8.0,81.0,14.0,0.7071067811865476,0.7071067811865476,144,5,2024,5.0,5.0,5.0,12.0,5.0,5.566666666666666,0.6152845999633276,-0.7883050558305255,5.0,1
2024-05-24,15.0,19.3,11.9,38.0,1.5,12.6,85.0,14.6,0.9238795325112868,0.3826834323650898,145,5,2024,5.0,5.0,5.0,8.0,5.0,5.566666666666666,0.6016240632249226,-0.7987793728863649,5.0,1
2024-05-25,17.2,21.1,12.4,0.2,1.0,5.4,72.0,19.3,0.9238795325112868,0.3826834323650898,146,5,2024,5.0,5.0,5.0,11.0,5.0,5.566666666666666,0.5877852522924732,-0.8090169943749473,5.0,1
2024-05-26,20.4,26.1,14.8,0.0,1.0,4.7,62.0,26.1,0.9238795325112868,0.3826834323650898,147,5,2024,5.0,5.0,7.0,15.0,5.0,5.566666666666666,0.5737722679043246,-0.8190148866680801,6.0,1
2024-05-27,18.2,22.0,15.9,13.5,1.6,6.9,81.0,11.8,0.7071067811865476,0.7071067811865476,148,5,2024,6.0,5.0,8.0,12.0,5.142857142857143,5.533333333333333,0.5595892624101765,-0.8287700871745038,6.0,1
2024-05-28,20.3,25.6,14.4,0.0,1.2,5.2,63.0,27.7,-0.3826834323650896,-0.9238795325112868,149,5,2024,6.0,5.0,5.0,10.0,5.285714285714286,5.466666666666667,0.545240438540651,-0.8382797052177744,5.0,1
2024-05-29,20.5,23.7,16.7,0.0,1.4,5.3,68.0,16.3,0.7071067811865476,0.7071067811865476,150,5,2024,5.0,5.0,7.0,12.0,5.285714285714286,5.466666666666667,0.5307300481619334,-0.8475409228928311,8.0,1
2024-05-30,19.5,23.8,16.4,0.0,1.7,6.2,78.0,13.0,0.7071067811865476,0.7071067811865476,151,5,2024,8.0,5.0,8.0,9.0,5.714285714285714,5.5,0.5160623910158528,-0.8565509959010036,7.0,1
2024-05-31,19.4,24.0,15.2,0.0,2.1,10.3,58.0,22.9,-0.3826834323650896,-0.9238795325112868,152,5,2024,7.0,5.0,5.0,15.0,6.0,5.466666666666667,0.5012418134457758,-0.865307254363206,5.0,1
2024-06-01,19.5,25.2,14.4,0.0,1.4,6.9,56.0,26.4,-0.7071067811865475,-0.7071067811865477,153,6,2024,5.0,5.0,5.0,14.0,6.0,5.466666666666667,0.4862727071086899,-0.8738071036110808,5.0,2
2024-06-02,19.1,25.0,14.7,0.0,1.5,9.8,59.0,22.7,1.0,6.123233995736766e-17,154,6,2024,5.0,6.0,5.0,14.0,6.0,5.466666666666667,0.4711595076738638,-0.8820480249558537,5.0,2
2024-06-03,20.3,24.5,15.9,0.0,1.5,5.0,62.0,21.9,-0.7071067811865475,-0.7071067811865477,155,6,2024,5.0,6.0,5.0,14.0,5.857142857142857,5.466666666666667,0.4559066935084588,-0.8900275764346767,5.0,2
2024-06-04,19.6,22.8,16.1,22.0,1.3,10.6,74.0,14.1,0.9238795325112868,0.3826834323650898,156,6,2024,5.0,5.0,5.0,14.0,5.714285714285714,5.466666666666667,0.440518784350495,-0.8977433935342337,5.0,2
2024-06-05,21.6,26.3,16.8,0.0,1.1,5.2,65.0,18.0,1.0,6.123233995736766e-17,157,6,2024,5.0,8.0,5.0,12.0,5.714285714285714,5.466666666666667,0.4250003399695541,-0.9051931898913974,5.0,2
2024-06-06,23.0,27.0,18.7,0.0,1.3,5.9,64.0,19.7,-0.7071067811865475,-0.7071067811865477,158,6,2024,5.0,7.0,5.0,8.0,5.285714285714286,5.466666666666667,0.4093559588156213,-0.9123747579707272,6.0,2
2024-06-07,23.6,27.9,19.2,0.0,1.3,5.0,68.0,20.1,1.0,6.123233995736766e-17,159,6,2024,6.0,5.0,5.0,13.0,5.142857142857143,5.5,0.3935902766564667,-0.9192859697186104,7.0,2
2024-06-08,22.9,25.7,20.1,0.0,1.0,4.0,74.0,11.3,0.9238795325112868,0.3826834323650898,160,6,2024,7.0,5.0,5.0,16.0,5.428571428571429,5.566666666666666,0.3777079652039649,-0.9259247771938498,9.0,2
2024-06-09,21.3,25.4,17.6,5.4,1.4,7.9,73.0,9.9,0.0,1.0,161,6,2024,9.0,5.0,6.0,14.0,6.0,5.7,0.3617137307297676,-0.9322892131745132,6.0,2
2024-06-10,22.0,26.7,16.3,0.0,1.3,5.5,68.0,23.2,-0.3826834323650896,-0.9238795325112868,162,6,2024,6.0,5.0,8.0,13.0,6.142857142857143,5.7,0.3456123126707335,-0.938377391740864,5.0,2
2024-06-11,20.8,26.3,16.5,20.6,2.0,8.5,71.0,22.8,0.7071067811865476,0.7071067811865476,163,6,2024,5.0,5.0,8.0,10.0,6.142857142857143,5.6,0.3294084822245304,-0.9441875088341992,5.0,2
2024-06-12,18.6,23.4,16.2,0.4,1.6,7.0,71.0,18.5,0.7071067811865476,0.7071067811865476,164,6,2024,5.0,5.0,5.0,7.0,6.142857142857143,5.5,0.3131070409358269,-0.9497178427914316,5.0,2
2024-06-13,19.9,25.2,15.2,0.6,1.3,4.9,63.0,21.0,1.0,6.123233995736766e-17,165,6,2024,5.0,6.0,5.0,9.0,6.142857142857143,5.5,0.2967128192734907,-0.9549667548552552,5.0,2
2024-06-14,19.2,22.6,16.5,0.6,2.0,6.1,71.0,14.1,0.3826834323650898,0.9238795325112868,166,6,2024,5.0,7.0,5.0,11.0,6.0,5.5,0.2802306751992158,-0.9599326896597448,5.0,2
2024-06-15,19.2,22.8,16.5,0.6,1.4,4.9,80.0,10.7,0.7071067811865476,0.7071067811865476,167,6,2024,5.0,9.0,5.0,14.0,5.714285714285714,5.5,0.263665492728007,-0.9646141756912436,6.0,2
2024-06-16,21.8,27.0,16.4,0.0,1.4,5.3,63.0,27.1,0.9238795325112868,0.3826834323650898,168,6,2024,6.0,6.0,5.0,16.0,5.285714285714286,5.533333333333333,0.2470221804809355,-0.9690098257244062,5.0,2
2024-06-17,23.1,27.5,18.0,0.0,1.4,5.4,61.0,21.4,0.9238795325112868,0.3826834323650898,169,6,2024,5.0,5.0,5.0,16.0,5.142857142857143,5.533333333333333,0.2303056702306122,-0.973118337233262,6.0,2
2024-06-18,24.5,27.6,20.2,0.0,1.5,5.7,58.0,20.4,0.9238795325112868,0.3826834323650898,170,6,2024,6.0,5.0,5.0,14.0,5.285714285714286,5.566666666666666,0.2135209154397961,-0.9769384927771816,7.0,2
2024-06-19,25.8,29.5,21.2,0.0,1.4,6.1,57.0,19.7,-0.3826834323650896,-0.9238795325112868,171,6,2024,7.0,5.0,5.0,12.0,5.571428571428571,5.633333333333334,0.1966728897935764,-0.980469160361632,9.0,2
2024-06-20,23.2,24.8,20.6,5.0,1.2,7.3,76.0,9.0,1.0,6.123233995736766e-17,172,6,2024,9.0,5.0,5.0,14.0,6.142857142857143,5.766666666666667,0.1797665857255624,-0.9837092937736096,8.0,2
2024-06-21,21.4,24.4,18.2,5.6,1.3,6.3,80.0,8.4,-0.3826834323650896,-0.9238795325112868,173,6,2024,8.0,5.0,5.0,14.0,6.571428571428571,5.866666666666666,0.1628070129385171,-0.986657932891657,5.0,2
2024-06-22,22.0,27.6,16.7,0.2,1.7,7.9,64.0,23.2,-0.7071067811865475,-0.7071067811865477,174,6,2024,5.0,6.0,5.0,9.0,6.571428571428571,5.866666666666666,0.1457991969198751,-0.9893142039703664,5.0,2
2024-06-23,17.6,19.6,16.1,8.4,1.4,7.6,80.0,5.7,-0.3826834323650896,-0.9238795325112868,175,6,2024,5.0,5.0,5.0,10.0,6.428571428571429,5.866666666666666,0.1287481774525813,-0.99167731989929,5.0,2
2024-06-24,18.8,20.7,17.3,4.4,1.4,5.3,81.0,6.2,-0.3826834323650896,-0.9238795325112868,176,6,2024,5.0,6.0,5.0,12.0,6.428571428571429,5.866666666666666,0.1116590071216951,-0.993746580436178,5.0,2
2024-06-25,20.5,25.0,17.3,17.7,1.3,6.7,78.0,19.3,-0.7071067811865475,-0.7071067811865477,177,6,2024,5.0,7.0,6.0,15.0,6.285714285714286,5.866666666666666,0.0945367498171991,-0.9955213724144752,5.0,2
2024-06-26,22.0,26.4,17.5,0.8,1.2,5.2,75.0,20.3,0.7071067811865476,0.7071067811865476,178,6,2024,5.0,9.0,6.0,18.0,6.0,5.833333333333333,0.077386479233463,-0.9970011699250152,5.0,2
2024-06-27,25.3,31.3,18.5,0.0,1.1,5.6,66.0,27.9,0.9238795325112868,0.3826834323650898,179,6,2024,5.0,8.0,5.0,16.0,5.428571428571429,5.8,0.060213277365793,-0.9981855344718586,5.0,2
2024-06-28,27.2,32.4,22.1,0.0,1.1,5.2,62.0,21.4,0.9238795325112868,0.3826834323650898,180,6,2024,5.0,5.0,8.0,13.0,5.0,5.8,0.0430222330045305,-0.99907411510223,5.0,2
2024-06-29,25.4,27.4,22.4,0.0,1.7,6.0,75.0,10.2,0.7071067811865476,0.7071067811865476,181,6,2024,5.0,5.0,7.0,14.0,5.0,5.7,0.025818440227133,-0.9996666485105112,5.0,2
2024-06-30,24.7,29.0,20.4,0.0,1.7,5.5,67.0,22.4,1.0,6.123233995736766e-17,182,6,2024,5.0,5.0,5.0,7.0,5.0,5.633333333333334,0.0086069968886886,-0.9999629591162656,12.0,2
2024-07-01,22.7,27.7,18.8,26.1,1.9,17.1,73.0,15.1,-0.3826834323650896,-0.9238795325112868,183,7,2024,12.0,5.0,5.0,9.0,6.0,5.866666666666666,-0.008606996888688,-0.9999629591162656,5.0,2
2024-07-02,24.2,29.4,17.7,0.0,1.3,5.0,54.0,28.7,0.9238795325112868,0.3826834323650898,184,7,2024,5.0,5.0,5.0,9.0,6.0,5.866666666666666,-0.0258184402271323,-0.9996666485105112,5.0,2
2024-07-03,21.0,23.2,18.8,0.0,1.8,5.8,69.0,13.1,0.9238795325112868,0.3826834323650898,185,7,2024,5.0,5.0,5.0,10.0,6.0,5.866666666666666,-0.0430222330045303,-0.99907411510223,5.0,2
2024-07-04,22.8,27.6,17.3,0.0,1.4,5.5,59.0,25.6,0.9238795325112868,0.3826834323650898,186,7,2024,5.0,5.0,5.0,11.0,6.0,5.866666666666666,-0.0602132773657927,-0.9981855344718586,5.0,2
2024-07-05,24.1,27.8,19.3,0.0,1.2,5.2,58.0,16.7,0.9238795325112868,0.3826834323650898,187,7,2024,5.0,5.0,5.0,9.0,6.0,5.866666666666666,-0.0773864792334632,-0.9970011699250152,5.0,2
2024-07-06,22.9,25.5,20.3,0.0,1.8,6.9,73.0,11.6,0.7071067811865476,0.7071067811865476,188,7,2024,5.0,5.0,6.0,9.0,6.0,5.866666666666666,-0.0945367498171993,-0.9955213724144752,6.0,2
2024-07-07,21.6,25.9,19.9,15.6,2.0,7.9,83.0,16.0,0.7071067811865476,0.7071067811865476,189,7,2024,6.0,12.0,7.0,10.0,6.142857142857143,5.866666666666666,-0.1116590071216944,-0.993746580436178,7.0,2
2024-07-08,24.1,28.4,20.0,0.0,1.3,4.4,72.0,19.3,0.9238795325112868,0.3826834323650898,190,7,2024,7.0,5.0,9.0,14.0,5.428571428571429,5.866666666666666,-0.1287481774525806,-0.99167731989929,5.0,2
2024-07-09,26.4,30.5,21.5,0.0,1.1,4.7,65.0,19.5,1.0,6.123233995736766e-17,191,7,2024,5.0,5.0,6.0,16.0,5.428571428571429,5.733333333333333,-0.1457991969198744,-0.9893142039703664,5.0,2
2024-07-10,27.6,31.7,23.1,0.0,1.0,4.0,64.0,17.5,0.9238795325112868,0.3826834323650898,192,7,2024,5.0,5.0,5.0,11.0,5.428571428571429,5.7,-0.1628070129385164,-0.9866579328916572,14.0,2
2024-07-11,27.5,33.1,23.2,7.4,1.3,8.1,66.0,23.0,0.9238795325112868,0.3826834323650898,193,7,2024,14.0,5.0,5.0,6.0,6.714285714285714,6.0,-0.1797665857255621,-0.9837092937736098,12.0,2
2024-07-12,23.1,25.6,20.9,13.2,1.3,6.1,79.0,12.9,0.9238795325112868,0.3826834323650898,194,7,2024,12.0,5.0,5.0,8.0,7.714285714285714,6.233333333333333,-0.1966728897935762,-0.980469160361632,5.0,2
2024-07-13,24.5,29.4,19.4,0.0,1.5,5.2,68.0,27.0,0.9238795325112868,0.3826834323650898,195,7,2024,5.0,6.0,5.0,10.0,7.714285714285714,6.233333333333333,-0.2135209154397959,-0.9769384927771816,5.0,2
2024-07-14,26.2,30.4,21.7,0.0,1.1,5.0,58.0,22.7,1.0,6.123233995736766e-17,196,7,2024,5.0,7.0,5.0,12.0,7.571428571428571,6.233333333333333,-0.2303056702306119,-0.973118337233262,6.0,2
2024-07-15,26.8,30.6,22.2,0.0,1.5,6.0,58.0,21.1,0.9238795325112868,0.3826834323650898,197,7,2024,6.0,5.0,6.0,13.0,7.428571428571429,6.266666666666667,-0.2470221804809352,-0.9690098257244064,7.0,2
2024-07-16,28.1,32.4,23.2,0.0,1.3,5.3,57.0,23.1,0.9238795325112868,0.3826834323650898,198,7,2024,7.0,5.0,5.0,14.0,7.714285714285714,6.3,-0.2636654927280072,-0.9646141756912436,7.0,2
2024-07-17,27.8,31.3,23.9,0.0,1.4,5.1,63.0,16.5,0.9238795325112868,0.3826834323650898,199,7,2024,7.0,14.0,6.0,16.0,8.0,6.366666666666666,-0.2802306751992161,-0.9599326896597444,8.0,2
2024-07-18,28.5,32.3,24.6,0.0,1.3,5.7,62.0,20.3,0.9238795325112868,0.3826834323650898,200,7,2024,8.0,12.0,7.0,18.0,7.142857142857143,6.433333333333334,-0.2967128192734901,-0.9549667548552552,11.0,2
2024-07-19,28.4,31.6,23.0,0.0,1.4,7.0,63.0,15.1,0.9238795325112868,0.3826834323650898,201,7,2024,11.0,5.0,9.0,14.0,7.0,6.566666666666666,-0.3131070409358267,-0.9497178427914316,13.0,2
2024-07-20,28.0,33.4,22.1,0.0,1.6,6.7,53.0,28.1,-0.3826834323650896,-0.9238795325112868,202,7,2024,13.0,5.0,8.0,12.0,8.142857142857142,6.7,-0.3294084822245302,-0.9441875088341994,7.0,2
2024-07-21,25.5,28.1,23.6,0.0,2.0,7.9,66.0,16.9,0.3826834323650898,0.9238795325112868,203,7,2024,7.0,6.0,5.0,10.0,8.428571428571429,6.666666666666667,-0.3456123126707333,-0.9383773917408642,7.0,2
2024-07-22,28.0,33.3,22.7,0.0,1.4,5.4,48.0,26.5,-0.3826834323650896,-0.9238795325112868,204,7,2024,7.0,7.0,5.0,13.0,8.571428571428571,6.733333333333333,-0.3617137307297674,-0.9322892131745134,5.0,2
2024-07-23,27.8,31.9,23.8,0.0,1.6,5.3,63.0,22.1,0.9238795325112868,0.3826834323650898,205,7,2024,5.0,7.0,5.0,10.0,8.285714285714286,6.733333333333333,-0.3777079652039646,-0.92592477719385,9.0,2
2024-07-24,28.0,32.2,23.3,0.0,1.6,6.2,59.0,22.5,0.9238795325112868,0.3826834323650898,206,7,2024,9.0,8.0,5.0,8.0,8.571428571428571,6.866666666666666,-0.3935902766564664,-0.9192859697186104,11.0,2
2024-07-25,27.3,30.6,24.5,0.0,2.0,6.4,62.0,21.9,0.9238795325112868,0.3826834323650898,207,7,2024,11.0,11.0,5.0,5.0,9.0,7.066666666666666,-0.4093559588156211,-0.9123747579707274,9.0,2
2024-07-26,27.1,30.8,23.9,8.4,2.0,5.6,67.0,19.2,0.7071067811865476,0.7071067811865476,208,7,2024,9.0,13.0,5.0,6.0,8.714285714285714,7.2,-0.4250003399695539,-0.9051931898913976,9.0,2
2024-07-27,27.6,31.3,23.6,0.0,1.6,4.7,66.0,21.6,0.9238795325112868,0.3826834323650898,209,7,2024,9.0,7.0,5.0,8.0,8.142857142857142,7.333333333333333,-0.4405187843504952,-0.8977433935342336,10.0,2
2024-07-28,30.0,34.4,25.2,0.0,1.2,4.8,58.0,26.0,0.9238795325112868,0.3826834323650898,210,7,2024,10.0,7.0,5.0,9.0,8.571428571428571,7.5,-0.455906693508459,-0.8900275764346766,12.0,2
2024-07-29,28.8,33.2,24.6,0.0,1.6,7.9,62.0,20.4,0.3826834323650898,0.9238795325112868,211,7,2024,12.0,5.0,5.0,8.0,9.285714285714286,7.733333333333333,-0.4711595076738639,-0.8820480249558535,10.0,2
2024-07-30,29.0,33.6,25.4,0.0,1.6,6.5,64.0,20.1,0.9238795325112868,0.3826834323650898,212,7,2024,10.0,9.0,12.0,10.0,10.0,7.9,-0.4862727071086902,-0.8738071036110807,11.0,2
2024-07-31,28.9,33.2,25.0,0.0,1.5,7.4,59.0,20.4,-0.7071067811865475,-0.7071067811865477,213,7,2024,11.0,11.0,5.0,12.0,10.285714285714286,7.866666666666666,-0.5012418134457756,-0.8653072543632061,13.0,2
2024-08-01,29.0,33.1,24.6,0.0,1.5,6.1,60.0,23.8,0.9238795325112868,0.3826834323650898,214,8,2024,13.0,9.0,5.0,12.0,10.571428571428571,8.133333333333333,-0.5160623910158526,-0.8565509959010037,16.0,2
2024-08-02,25.7,32.1,18.2,61.5,2.0,17.5,69.0,15.8,0.7071067811865476,0.7071067811865476,215,8,2024,16.0,9.0,5.0,11.0,11.571428571428571,8.5,-0.5307300481619331,-0.8475409228928312,12.0,2
2024-08-03,27.5,33.0,20.9,0.0,1.3,5.4,53.0,26.6,1.0,6.123233995736766e-17,216,8,2024,12.0,10.0,5.0,7.0,12.0,8.733333333333333,-0.5452404385406507,-0.8382797052177745,9.0,2
2024-08-04,27.4,31.1,23.9,0.0,1.4,5.0,62.0,19.9,0.9238795325112868,0.3826834323650898,217,8,2024,9.0,12.0,5.0,5.0,11.857142857142858,8.866666666666667,-0.5595892624101763,-0.828770087174504,11.0,2
2024-08-05,27.6,31.6,24.4,0.0,1.5,5.7,62.0,20.8,0.9238795325112868,0.3826834323650898,218,8,2024,11.0,10.0,6.0,5.0,11.714285714285714,9.066666666666666,-0.5737722679043243,-0.8190148866680802,10.0,2
2024-08-06,27.8,31.9,24.5,0.6,1.6,5.1,65.0,18.9,0.9238795325112868,0.3826834323650898,219,8,2024,10.0,11.0,7.0,5.0,11.714285714285714,9.2,-0.5877852522924734,-0.8090169943749472,11.0,2
2024-08-07,25.0,30.7,20.4,24.7,1.1,21.8,71.0,14.1,0.0,1.0,220,8,2024,11.0,13.0,5.0,6.0,11.714285714285714,9.333333333333334,-0.6016240632249227,-0.7987793728863648,6.0,2
2024-08-08,26.0,31.9,19.7,0.0,1.1,4.4,64.0,24.2,0.9238795325112868,0.3826834323650898,221,8,2024,6.0,16.0,5.0,8.0,10.714285714285714,9.366666666666667,-0.6152845999633277,-0.7883050558305253,6.0,2
2024-08-09,27.6,32.2,22.6,0.0,1.4,5.7,63.0,21.1,0.9238795325112868,0.3826834323650898,222,8,2024,6.0,12.0,14.0,10.0,9.285714285714286,9.4,-0.6287628145958345,-0.7775971469736268,8.0,2
2024-08-10,28.8,33.1,24.1,0.0,1.2,4.2,63.0,18.2,1.0,6.123233995736766e-17,223,8,2024,8.0,9.0,12.0,14.0,8.714285714285714,9.2,-0.6420547132365636,-0.7666588193001592,10.0,2
2024-08-11,29.6,34.2,25.6,0.0,1.2,5.2,64.0,20.9,1.0,6.123233995736766e-17,224,8,2024,10.0,11.0,5.0,14.0,8.857142857142858,9.133333333333333,-0.655156357209085,-0.7554933140726804,11.0,2
2024-08-12,29.9,34.9,25.8,0.0,1.2,5.1,61.0,22.0,0.9238795325112868,0.3826834323650898,225,8,2024,11.0,10.0,5.0,13.0,8.857142857142858,9.333333333333334,-0.6680638642135333,-0.7441039398713608,11.0,2
2024-08-13,28.1,33.4,22.1,5.1,1.4,11.2,60.0,18.5,0.9238795325112868,0.3826834323650898,226,8,2024,11.0,11.0,6.0,11.0,9.0,9.533333333333331,-0.6807734094770159,-0.7324940716135792,7.0,2
2024-08-14,24.5,31.6,20.1,31.8,1.9,13.6,67.0,17.5,-0.3826834323650896,-0.9238795325112868,227,8,2024,7.0,6.0,7.0,13.0,8.428571428571429,9.566666666666666,-0.6932812268869771,-0.7206671495538615,5.0,2
2024-08-15,24.0,29.7,19.7,2.2,1.4,6.3,67.0,15.1,-0.3826834323650896,-0.9238795325112868,228,8,2024,5.0,6.0,7.0,13.0,8.285714285714286,9.5,-0.7055836101071774,-0.70862667826446,5.0,2
2024-08-16,25.5,29.3,21.6,0.0,1.3,4.9,61.0,15.1,-0.7071067811865475,-0.7071067811865477,229,8,2024,5.0,8.0,8.0,12.0,8.142857142857142,9.433333333333334,-0.7176769136759615,-0.6963762255968726,5.0,2
2024-08-17,26.3,31.5,21.3,0.8,1.4,5.1,61.0,21.4,-0.7071067811865475,-0.7071067811865477,230,8,2024,5.0,10.0,11.0,13.0,7.714285714285714,9.333333333333334,-0.7295575540864876,-0.6839194216246105,8.0,2
2024-08-18,23.2,26.6,20.7,0.2,1.9,6.6,72.0,15.5,0.9238795325112868,0.3826834323650898,231,8,2024,8.0,11.0,13.0,16.0,7.428571428571429,9.233333333333333,-0.7412220108485957,-0.6712599575675315,5.0,2
2024-08-19,25.7,31.4,20.9,0.0,1.6,5.9,57.0,22.6,-0.7071067811865475,-0.7071067811865477,232,8,2024,5.0,11.0,7.0,23.0,6.571428571428571,8.966666666666667,-0.7526668275320083,-0.6584015846980489,5.0,2
2024-08-20,26.5,30.8,22.1,0.0,1.3,6.5,57.0,23.9,1.0,6.123233995736766e-17,233,8,2024,5.0,7.0,7.0,17.0,5.714285714285714,8.9,-0.7638886127905429,-0.64534811322955,5.0,2
2024-08-21,27.4,32.5,22.0,0.0,1.2,4.9,53.0,23.5,0.9238795325112868,0.3826834323650898,234,8,2024,5.0,5.0,5.0,15.0,5.428571428571429,8.833333333333334,-0.7748840413670406,-0.6321034111873488,11.0,2
2024-08-22,26.2,29.9,22.7,0.0,1.9,6.9,64.0,21.0,0.9238795325112868,0.3826834323650898,235,8,2024,11.0,5.0,9.0,17.0,6.285714285714286,9.033333333333331,-0.7856498550787144,-0.6186714032625032,13.0,2
2024-08-23,27.2,31.4,23.9,0.0,1.2,4.7,66.0,15.5,0.9238795325112868,0.3826834323650898,236,8,2024,13.0,5.0,11.0,18.0,7.428571428571429,9.166666666666666,-0.7961828637826154,-0.6050560696488494,15.0,2
2024-08-24,27.4,32.0,24.2,0.0,1.6,5.6,63.0,20.0,0.9238795325112868,0.3826834323650898,237,8,2024,15.0,8.0,9.0,16.0,8.857142857142858,9.3,-0.8064799463209447,-0.5912614448635782,13.0,2
2024-08-25,27.3,31.8,23.0,0.0,1.1,4.7,58.0,18.5,1.0,6.123233995736766e-17,238,8,2024,13.0,5.0,9.0,10.0,9.571428571428571,9.433333333333334,-0.8165380514459157,-0.5772916165517278,12.0,2
2024-08-26,25.5,28.8,22.8,0.0,2.0,8.3,61.0,17.5,0.9238795325112868,0.3826834323650898,239,8,2024,12.0,5.0,10.0,5.0,10.571428571428571,9.533333333333331,-0.8263541987239094,-0.5631507242749187,10.0,2
2024-08-27,25.0,30.2,20.6,22.3,1.3,6.2,64.0,16.0,0.9238795325112868,0.3826834323650898,240,8,2024,10.0,5.0,12.0,5.0,11.285714285714286,9.533333333333331,-0.8359254794186365,-0.5488429582847199,9.0,2
2024-08-28,26.5,31.3,21.6,0.0,1.1,4.8,58.0,21.0,1.0,6.123233995736766e-17,241,8,2024,9.0,11.0,10.0,5.0,11.857142857142858,9.433333333333334,-0.8452490573530634,-0.5343725582809785,17.0,2
2024-08-29,27.3,32.8,22.3,0.0,1.2,4.8,52.0,22.1,-0.7071067811865475,-0.7071067811865477,242,8,2024,17.0,13.0,11.0,5.0,12.714285714285714,9.666666666666666,-0.8543221697498269,-0.5197438121555157,16.0,2
2024-08-30,27.5,32.7,21.3,0.0,1.1,4.5,51.0,21.2,0.9238795325112868,0.3826834323650898,243,8,2024,16.0,15.0,13.0,7.0,13.142857142857142,9.833333333333334,-0.8631421280499115,-0.5049610547215202,18.0,2
2024-08-31,27.6,32.5,22.9,0.0,1.1,4.8,52.0,19.0,0.3826834323650899,-0.9238795325112868,244,8,2024,18.0,13.0,16.0,7.0,13.571428571428571,10.0,-0.8717063187093217,-0.4900286664290594,19.0,2
2024-09-01,26.4,31.3,23.0,1.0,1.3,7.4,57.0,16.7,-0.7071067811865475,-0.7071067811865477,245,9,2024,19.0,12.0,12.0,9.0,14.428571428571429,10.1,-0.8800122039735356,-0.4749510720670502,16.0,3
2024-09-02,23.3,26.2,19.6,2.6,1.6,10.8,67.0,13.2,-0.7071067811865475,-0.7071067811865477,246,9,2024,16.0,10.0,9.0,10.0,15.0,10.233333333333333,-0.888057322629493,-0.4597327394521046,9.0,3
2024-09-03,24.2,29.6,19.0,50.0,1.5,8.4,66.0,18.0,0.9238795325112868,0.3826834323650898,247,9,2024,9.0,9.0,11.0,13.0,14.857142857142858,10.233333333333333,-0.8958392907349089,-0.4443781781046134,9.0,3
2024-09-04,22.0,25.6,19.3,13.4,1.1,12.4,78.0,10.5,0.9238795325112868,0.3826834323650898,248,9,2024,9.0,17.0,10.0,10.0,14.857142857142858,10.166666666666666,-0.9033558023246842,-0.4288919379124841,6.0,3
2024-09-05,20.1,22.8,17.5,17.5,2.1,11.3,84.0,11.4,0.3826834323650898,0.9238795325112868,249,9,2024,6.0,16.0,11.0,11.0,13.285714285714286,10.033333333333331,-0.9106046300942162,-0.4132786077829044,5.0,3
2024-09-06,21.8,25.8,18.5,0.2,1.3,4.6,76.0,15.5,0.7071067811865476,0.7071067811865476,250,9,2024,5.0,18.0,6.0,12.0,11.714285714285714,9.833333333333334,-0.9175836260593934,-0.3975428142825566,6.0,3
2024-09-07,22.7,26.2,19.4,0.0,1.3,5.0,73.0,13.3,0.9238795325112868,0.3826834323650898,251,9,2024,6.0,19.0,6.0,15.0,10.0,9.833333333333334,-0.9242907221930934,-0.3816892202666586,8.0,3
2024-09-08,20.3,22.3,18.5,10.2,1.0,3.4,86.0,2.5,0.9238795325112868,0.3826834323650898,252,9,2024,8.0,16.0,8.0,16.0,8.428571428571429,9.9,-0.9307239310379792,-0.3657225234972692,8.0,3
2024-09-09,22.7,29.0,16.6,0.0,2.2,12.1,59.0,21.2,-0.9238795325112866,0.38268343236509,253,9,2024,8.0,9.0,10.0,16.0,7.285714285714286,9.9,-0.9368813462954316,-0.3496474552512282,5.0,3
2024-09-10,22.7,28.2,17.1,0.0,1.3,5.3,47.0,20.5,1.2246467991473532e-16,-1.0,254,9,2024,5.0,9.0,11.0,17.0,6.714285714285714,9.733333333333333,-0.9427611433904206,-0.333468778918187,5.0,3
2024-09-11,20.5,23.5,16.2,0.0,1.4,5.8,66.0,12.9,0.9238795325112868,0.3826834323650898,255,9,2024,5.0,6.0,11.0,17.0,6.142857142857143,9.533333333333331,-0.9483615800121716,-0.3171912885891059,10.0,3
2024-09-12,18.8,23.4,14.4,2.2,1.5,8.5,64.0,12.5,0.7071067811865476,0.7071067811865476,256,9,2024,10.0,5.0,7.0,9.0,6.714285714285714,9.5,-0.9536809966304456,-0.300819807635668,8.0,3
2024-09-13,17.2,22.8,11.8,0.0,1.6,11.3,33.0,21.2,0.9238795325112868,0.3826834323650898,257,9,2024,8.0,6.0,5.0,8.0,7.142857142857143,9.533333333333331,-0.9587178169872964,-0.2843591872810036,5.0,3
2024-09-14,17.8,23.4,11.0,0.0,1.3,4.7,34.0,18.1,-0.3826834323650896,-0.9238795325112868,258,9,2024,5.0,8.0,5.0,6.0,7.0,9.533333333333331,-0.9634705485641486,-0.2678143051621748,5.0,3
2024-09-15,19.9,27.5,13.1,0.0,1.4,6.3,47.0,20.3,-0.3826834323650896,-0.9238795325112868,259,9,2024,5.0,8.0,5.0,12.0,6.571428571428571,9.533333333333331,-0.9679377830240642,-0.2511900638848195,8.0,3
2024-09-16,19.1,23.7,14.9,0.0,1.3,5.5,47.0,16.5,0.9238795325112868,0.3826834323650898,260,9,2024,8.0,5.0,8.0,9.0,6.571428571428571,9.633333333333333,-0.9721181966290612,-0.2344913895704105,8.0,3
2024-09-17,16.7,18.9,14.2,0.0,1.6,7.7,64.0,7.3,0.7071067811865476,0.7071067811865476,261,9,2024,8.0,5.0,5.0,13.0,7.0,9.633333333333333,-0.9760105506323682,-0.2177232303965322,7.0,3
2024-09-18,14.6,16.1,13.2,11.2,1.5,6.3,78.0,2.2,-0.7071067811865477,0.7071067811865474,262,9,2024,7.0,10.0,5.0,10.0,7.285714285714286,9.7,-0.97961369164549,-0.2008905551306352,5.0,3
2024-09-19,18.4,22.1,14.6,0.2,1.3,5.1,64.0,11.1,-0.3826834323650896,-0.9238795325112868,263,9,2024,5.0,8.0,5.0,7.0,6.571428571428571,9.7,-0.9829265519799822,-0.1839983516576798,8.0,3
2024-09-20,18.1,20.3,15.6,0.0,0.9,3.8,68.0,6.2,-0.3826834323650896,-0.9238795325112868,264,9,2024,8.0,5.0,11.0,6.0,6.571428571428571,9.8,-0.9859481499638304,-0.1670516255021195,11.0,3
2024-09-21,19.2,23.5,16.3,0.0,0.9,4.9,64.0,13.0,0.9238795325112868,0.3826834323650898,265,9,2024,11.0,5.0,13.0,7.0,7.428571428571429,9.8,-0.9886775902323404,-0.1500553983446526,12.0,3
2024-09-22,18.7,22.2,15.5,0.0,0.8,3.3,70.0,8.9,0.9238795325112868,0.3826834323650898,266,9,2024,12.0,8.0,15.0,5.0,8.428571428571429,9.766666666666667,-0.9911140639934546,-0.1330147065341963,15.0,3
2024-09-23,16.1,17.8,15.2,15.8,1.4,5.1,90.0,1.4,0.0,1.0,267,9,2024,15.0,8.0,13.0,5.0,9.428571428571429,9.766666666666667,-0.9932568492674144,-0.1159345995955006,11.0,3
2024-09-24,16.8,20.5,13.7,0.0,0.9,3.8,79.0,11.4,-0.3826834323650895,0.9238795325112868,268,9,2024,11.0,7.0,12.0,7.0,9.857142857142858,9.7,-0.9951053111006974,-0.0988201387328721,10.0,3
2024-09-25,17.4,21.2,14.1,0.0,1.1,4.7,75.0,12.5,0.9238795325112868,-0.3826834323650897,269,9,2024,10.0,5.0,10.0,10.0,10.285714285714286,9.633333333333333,-0.99665890175417,-0.0816763953304228,9.0,3
2024-09-26,16.5,18.8,15.3,2.8,1.3,5.3,87.0,3.9,0.7071067811865476,0.7071067811865476,270,9,2024,9.0,8.0,9.0,13.0,10.857142857142858,9.6,-0.9979171608653922,-0.0645084494493162,12.0,3
2024-09-27,18.6,23.2,14.0,0.0,1.5,11.8,74.0,16.6,0.7071067811865476,0.7071067811865476,271,9,2024,12.0,11.0,17.0,14.0,11.428571428571429,9.7,-0.9988797155850336,-0.0473213883224323,8.0,3
2024-09-28,19.4,24.5,13.8,0.0,1.7,10.5,35.0,17.7,-0.7071067811865475,-0.7071067811865477,272,9,2024,8.0,12.0,16.0,16.0,11.0,9.4,-0.9995462806873572,-0.0301203048469083,5.0,3
2024-09-29,17.4,21.0,12.8,0.0,1.1,4.8,49.0,15.1,1.0,6.123233995736766e-17,273,9,2024,5.0,15.0,18.0,20.0,10.0,9.033333333333331,-0.999916658654738,-0.0129102960750088,5.0,3
2024-09-30,16.9,19.4,14.6,0.0,1.4,5.4,64.0,11.0,0.9238795325112868,0.3826834323650898,274,9,2024,5.0,11.0,19.0,21.0,8.571428571428571,8.6,-0.99999073973619,0.0043035382962438,6.0,3
2024-10-01,16.4,19.3,14.0,0.0,1.1,3.8,72.0,8.3,1.0,6.123233995736766e-17,275,10,2024,6.0,10.0,16.0,27.0,7.857142857142857,8.166666666666666,-0.9997685019798908,0.0215160974362222,9.0,3
2024-10-02,17.1,19.8,14.3,0.0,1.0,3.8,75.0,9.7,0.0,1.0,276,10,2024,9.0,9.0,9.0,21.0,7.714285714285714,7.933333333333334,-0.9992500112396836,0.0387222808921739,17.0,3
2024-10-03,14.4,16.3,12.9,45.2,1.6,6.9,87.0,2.8,-0.3826834323650896,-0.9238795325112868,277,10,2024,17.0,12.0,9.0,20.0,8.857142857142858,8.2,-0.9984354211555644,0.055916990100603,6.0,3
2024-10-04,14.9,17.8,12.0,0.0,1.4,7.2,73.0,9.6,-0.3826834323650896,-0.9238795325112868,278,10,2024,6.0,8.0,6.0,26.0,8.0,8.1,-0.9973249731081556,0.0730951298980777,6.0,3
2024-10-05,14.0,18.7,9.6,0.0,1.1,3.4,76.0,14.9,0.7071067811865476,0.7071067811865476,279,10,2024,6.0,5.0,5.0,23.0,7.714285714285714,8.1,-0.9959189961471792,0.0902516100310407,8.0,3
2024-10-06,14.2,16.8,12.6,0.0,1.3,4.7,75.0,9.1,0.7071067811865476,0.7071067811865476,280,10,2024,8.0,5.0,6.0,28.0,8.142857142857142,8.2,-0.994217906893952,0.107381346664163,9.0,3
2024-10-07,13.6,15.4,12.2,5.2,1.3,4.2,81.0,3.6,0.9238795325112868,0.3826834323650898,281,10,2024,9.0,6.0,8.0,16.0,8.714285714285714,8.3,-0.9922222094179324,0.1244792638867886,10.0,3
2024-10-08,13.8,15.5,12.4,19.6,1.2,5.7,93.0,2.7,0.0,1.0,282,10,2024,10.0,9.0,8.0,15.0,9.285714285714286,8.366666666666667,-0.989932495087353,0.141540295217043,10.0,3
2024-10-09,14.2,18.0,11.4,1.0,0.9,3.5,91.0,6.9,0.3826834323650898,0.9238795325112868,283,10,2024,10.0,17.0,5.0,13.0,9.428571428571429,8.433333333333334,-0.9873494423939864,0.1585593851031347,10.0,3
2024-10-10,17.8,23.5,14.3,3.0,1.3,10.6,66.0,12.4,-0.9238795325112866,0.38268343236509,284,10,2024,10.0,6.0,5.0,14.0,8.428571428571429,8.6,-0.9844738167520924,0.1755314904214277,10.0,3
2024-10-11,15.9,21.4,11.2,0.0,1.1,3.9,62.0,14.6,0.9238795325112868,0.3826834323650898,285,10,2024,10.0,6.0,10.0,20.0,9.0,8.766666666666667,-0.9813064702716092,0.1924515819708299,6.0,3
2024-10-12,15.2,18.2,12.9,0.0,1.3,5.5,75.0,9.3,0.7071067811865476,0.7071067811865476,286,10,2024,6.0,8.0,8.0,16.0,9.0,8.633333333333333,-0.9778483415056568,0.2093146459630488,10.0,3
2024-10-13,16.3,18.9,13.8,0.0,0.8,3.3,77.0,7.2,0.9238795325112868,0.3826834323650898,287,10,2024,10.0,9.0,5.0,16.0,9.285714285714286,8.7,-0.9741004551724206,0.226115685508288,15.0,3
2024-10-14,15.7,20.3,12.5,0.0,0.9,3.7,80.0,7.7,0.0,1.0,288,10,2024,15.0,10.0,5.0,14.0,10.142857142857142,9.033333333333331,-0.970063921851507,0.2428497220959358,15.0,3
2024-10-15,16.8,19.7,14.0,0.0,0.8,3.2,83.0,7.7,0.9238795325112868,0.3826834323650898,289,10,2024,15.0,10.0,8.0,5.0,10.857142857142858,9.366666666666667,-0.965739937654855,0.2595117970697994,17.0,3
2024-10-16,15.2,16.1,14.7,27.6,2.1,7.1,98.0,0.3,0.3826834323650898,0.9238795325112868,290,10,2024,17.0,10.0,8.0,9.0,11.857142857142858,9.666666666666666,-0.9611297838723007,0.2760969730974688,9.0,3
2024-10-17,15.3,16.0,14.6,20.8,1.6,5.4,98.0,0.9,0.3826834323650898,0.9238795325112868,291,10,2024,9.0,10.0,7.0,17.0,11.714285714285714,9.7,-0.9562348265919058,0.2926003356333479,5.0,3
2024-10-18,16.8,20.1,15.3,24.7,1.4,5.2,87.0,7.6,0.7071067811865476,0.7071067811865476,292,10,2024,5.0,6.0,5.0,24.0,11.0,9.633333333333333,-0.9510565162951536,0.3090169943749472,5.0,3
2024-10-19,16.5,19.3,14.3,7.0,1.1,4.1,84.0,7.7,-0.3826834323650896,-0.9238795325112868,293,10,2024,5.0,10.0,8.0,10.0,10.857142857142858,9.633333333333333,-0.9455963874271428,0.3253420847119795,5.0,3
2024-10-20,16.2,18.2,14.6,19.0,1.0,5.6,93.0,1.4,0.0,1.0,294,10,2024,5.0,15.0,11.0,11.0,10.142857142857142,9.533333333333331,-0.9398560579418952,0.341570769167856,5.0,3
2024-10-21,17.4,21.3,14.6,0.0,0.8,3.9,86.0,8.0,0.9238795325112868,0.3826834323650898,295,10,2024,5.0,15.0,12.0,11.0,8.714285714285714,9.333333333333334,-0.9338372288229252,0.3576982388331254,10.0,3
2024-10-22,18.4,22.2,15.8,0.0,0.7,4.6,80.0,11.4,1.0,6.123233995736766e-17,296,10,2024,10.0,17.0,15.0,11.0,8.0,9.266666666666667,-0.9275416835791964,0.3737197147904692,13.0,3
2024-10-23,17.6,21.3,15.7,6.4,1.1,4.7,86.0,6.7,0.3826834323650898,0.9238795325112868,297,10,2024,13.0,9.0,11.0,11.0,7.428571428571429,9.2,-0.9209712877166348,0.3896304495307877,16.0,3
2024-10-24,15.5,16.2,14.7,20.9,1.3,4.1,96.0,1.2,0.0,1.0,298,10,2024,16.0,5.0,10.0,11.0,8.428571428571429,9.366666666666667,-0.9141279881853336,0.4054257283599973,8.0,3
2024-10-25,14.7,15.2,14.1,5.4,1.5,4.4,98.0,1.1,0.3826834323650898,0.9238795325112868,299,10,2024,8.0,5.0,9.0,18.0,8.857142857142858,9.3,-0.9070138128026362,0.4211008707960891,9.0,3
2024-10-26,15.4,16.1,14.8,25.0,1.5,6.9,98.0,1.2,0.7071067811865476,0.7071067811865476,300,10,2024,9.0,5.0,12.0,6.0,9.428571428571429,9.3,-0.8996308696522434,0.4366512319560638,5.0,3
2024-10-27,16.1,17.6,14.6,24.3,1.3,6.8,94.0,2.8,-0.3826834323650896,-0.9238795325112868,301,10,2024,5.0,5.0,8.0,7.0,9.428571428571429,9.066666666666666,-0.8919813464595487,0.4520722039323037,5.0,3
2024-10-28,15.9,20.2,12.7,0.0,0.6,3.6,89.0,9.8,0.9238795325112868,0.3826834323650898,302,10,2024,5.0,10.0,5.0,15.0,9.428571428571429,8.966666666666667,-0.8840675099433637,0.467359217158002,8.0,3
2024-10-29,15.7,20.0,12.5,0.0,0.8,3.4,86.0,9.8,-0.3826834323650896,-0.9238795325112868,303,10,2024,8.0,13.0,5.0,14.0,9.142857142857142,9.066666666666666,-0.8758917051442433,0.4825077417612176,13.0,3
2024-10-30,15.9,21.5,11.4,0.0,0.8,3.5,82.0,10.5,-0.7071067811865475,-0.7071067811865477,304,10,2024,13.0,16.0,6.0,10.0,9.142857142857142,9.333333333333334,-0.8674563547295971,0.4975132889071803,14.0,3
2024-10-31,16.1,21.7,12.1,0.0,0.5,3.6,78.0,10.1,-0.3826834323650896,-0.9238795325112868,305,10,2024,14.0,8.0,9.0,13.0,8.857142857142858,9.6,-0.858763958275803,0.5123714121284235,16.0,3
2024-11-01,15.6,21.2,11.4,0.0,0.6,2.7,77.0,10.2,-0.7071067811865475,-0.7071067811865477,306,11,2024,16.0,9.0,17.0,13.0,10.0,9.833333333333334,-0.8498170915275277,0.5270777086423724,19.0,3
2024-11-02,14.9,20.9,10.6,0.0,0.7,2.5,76.0,10.0,-0.3826834323650895,0.9238795325112868,307,11,2024,19.0,5.0,6.0,7.0,11.428571428571429,9.9,-0.8406184056344783,0.5416278206559811,20.0,3
2024-11-03,13.6,17.9,10.4,0.0,1.0,4.1,79.0,9.6,0.7071067811865476,0.7071067811865476,308,11,2024,20.0,5.0,6.0,9.0,13.571428571428571,10.366666666666667,-0.8311706263658079,0.5560174366570446,24.0,3
2024-11-04,12.6,16.2,10.5,0.0,1.2,3.8,88.0,8.5,-0.7071067811865475,-0.7071067811865477,309,11,2024,24.0,8.0,8.0,11.0,16.285714285714285,10.966666666666669,-0.8214765533024145,0.5702422926917867,26.0,3
2024-11-05,11.7,17.4,8.6,0.0,0.9,3.3,85.0,9.2,0.9238795325112868,0.3826834323650898,310,11,2024,26.0,13.0,9.0,12.0,18.857142857142858,11.566666666666666,-0.8115390590073611,0.5842981736283683,25.0,3
2024-11-06,11.3,15.3,8.7,0.0,0.8,3.1,84.0,6.8,1.0,6.123233995736766e-17,311,11,2024,25.0,14.0,10.0,17.0,20.571428571428573,12.1,-0.801361088174677,0.5981809144059158,30.0,3
2024-11-07,11.7,17.2,8.1,0.0,0.6,3.1,74.0,8.7,0.7071067811865476,0.7071067811865476,312,11,2024,30.0,16.0,10.0,23.0,22.857142857142858,12.766666666666667,-0.7909456567567774,0.6118864012687242,31.0,3
2024-11-08,10.2,13.8,7.3,0.0,0.8,3.0,81.0,6.7,0.7071067811865476,0.7071067811865476,313,11,2024,31.0,19.0,10.0,15.0,25.0,13.466666666666669,-0.780295851070776,0.6254105729852457,36.0,3
2024-11-09,10.2,14.1,7.8,0.0,0.9,3.5,85.0,6.1,-0.3826834323650896,-0.9238795325112868,314,11,2024,36.0,20.0,10.0,19.0,27.428571428571427,14.333333333333334,-0.7694148268839381,0.6387494220515268,46.0,3
2024-11-10,10.7,17.0,6.7,0.0,0.6,3.3,73.0,8.7,-0.7071067811865475,-0.7071067811865477,315,11,2024,46.0,24.0,6.0,15.0,31.142857142857142,15.533333333333331,-0.7583058084785625,0.6518989958787125,39.0,3
2024-11-11,10.4,15.2,6.8,0.0,0.9,4.5,69.0,8.6,0.7071067811865476,0.7071067811865476,316,11,2024,39.0,26.0,10.0,9.0,33.285714285714285,16.633333333333333,-0.7469720876965551,0.6648553979642866,33.0,3
2024-11-12,9.4,11.9,6.6,0.0,1.0,4.5,71.0,3.9,0.9238795325112868,0.3826834323650898,317,11,2024,33.0,25.0,15.0,24.0,34.285714285714285,17.4,-0.7354170229639858,0.6776147890466887,18.0,3
2024-11-13,8.7,13.4,5.2,0.0,1.0,4.1,68.0,8.7,0.7071067811865476,0.7071067811865476,318,11,2024,18.0,30.0,15.0,30.0,33.285714285714285,17.5,-0.7236440382959124,0.690173388242972,21.0,3
2024-11-14,8.4,12.6,5.5,0.0,0.8,3.2,73.0,7.8,0.3826834323650898,0.9238795325112868,319,11,2024,21.0,31.0,17.0,5.0,32.0,17.7,-0.711656622281775,0.7025274741691566,36.0,3
2024-11-15,7.6,12.2,4.2,0.0,0.8,3.1,79.0,7.6,0.9238795325112868,0.3826834323650898,320,11,2024,36.0,36.0,9.0,19.0,32.714285714285715,18.33333333333333,-0.6994583270516471,0.7146733860429608,36.0,3
2024-11-16,7.0,10.8,4.3,0.0,1.0,3.3,81.0,7.5,-0.3826834323650896,-0.9238795325112868,321,11,2024,36.0,46.0,5.0,9.0,32.714285714285715,19.23333333333333,-0.6870527672236675,0.7266075247685652,36.0,3
2024-11-17,5.6,9.4,1.7,0.0,1.2,3.7,86.0,7.7,-0.3826834323650896,-0.9238795325112868,322,11,2024,36.0,39.0,5.0,18.0,31.285714285714285,20.266666666666666,-0.6744436188329457,0.7383263540031063,56.0,3
2024-11-18,8.1,13.5,4.9,0.0,1.1,3.7,85.0,6.8,-0.7071067811865475,-0.7071067811865477,323,11,2024,56.0,33.0,5.0,22.0,33.714285714285715,21.966666666666665,-0.661634618242279,0.749826401204568,56.0,3
2024-11-19,7.6,10.1,4.9,0.0,0.9,3.3,91.0,2.7,-0.3826834323650896,-0.9238795325112868,324,11,2024,56.0,18.0,5.0,34.0,37.0,23.666666666666668,-0.6486295610349818,0.7611042586607742,56.0,3
2024-11-20,8.7,15.5,4.0,0.0,2.1,12.1,59.0,7.7,-0.9238795325112866,0.38268343236509,325,11,2024,56.0,21.0,10.0,38.0,42.42857142857143,25.366666666666667,-0.6354323008901775,0.7721565844991641,56.0,3
2024-11-21,3.3,6.9,0.5,5.4,1.5,7.9,69.0,2.5,0.7071067811865476,0.7071067811865476,326,11,2024,56.0,36.0,13.0,21.0,47.42857142857143,26.9,-0.622046748440868,0.7829801036770624,8.0,3
2024-11-22,5.5,10.3,1.2,0.0,2.9,13.0,55.0,8.4,-0.9238795325112866,0.38268343236509,327,11,2024,8.0,36.0,16.0,19.0,43.42857142857143,26.73333333333333,-0.6084768701151264,0.7935716089521472,8.0,3
2024-11-23,5.2,9.5,1.4,0.0,0.9,3.1,47.0,7.8,0.7071067811865476,0.7071067811865476,328,11,2024,8.0,36.0,8.0,23.0,39.42857142857143,26.466666666666665,-0.594726686960764,0.8039279618328208,8.0,3
2024-11-24,6.1,11.4,2.9,0.0,0.8,3.2,49.0,6.6,-0.3826834323650895,0.9238795325112868,329,11,2024,8.0,56.0,9.0,5.0,35.42857142857143,26.466666666666665,-0.5808002734538013,0.8140460935082175,8.0,3
2024-11-25,7.2,10.8,3.1,0.0,1.2,4.1,61.0,6.7,-0.3826834323650896,-0.9238795325112868,330,11,2024,8.0,56.0,5.0,18.0,28.571428571428573,26.433333333333334,-0.5667017562911184,0.8239230057575536,8.0,3
2024-11-26,8.7,12.4,6.6,0.4,1.1,3.5,76.0,6.2,-0.3826834323650896,-0.9238795325112868,331,11,2024,8.0,56.0,5.0,26.0,21.714285714285715,26.53333333333333,-0.5524353131676203,0.8335557718385695,8.0,3
2024-11-27,9.0,13.4,6.6,0.0,0.8,3.3,84.0,6.8,-0.3826834323650895,0.9238795325112868,332,11,2024,8.0,56.0,8.0,17.0,14.857142857142858,26.633333333333333,-0.5380051715382992,0.8429415373547832,29.0,3
2024-11-28,7.8,12.0,4.9,0.0,1.0,4.0,85.0,4.0,-0.3826834323650896,-0.9238795325112868,333,11,2024,29.0,8.0,13.0,17.0,11.0,27.33333333333333,-0.5234156073655503,0.8520775211013093,42.0,3
2024-11-29,7.7,10.7,6.0,0.0,1.3,4.4,90.0,6.4,0.7071067811865476,0.7071067811865476,334,11,2024,42.0,8.0,14.0,19.0,15.857142857142858,28.3,-0.5086709438521042,0.8609610158889945,40.0,3
2024-11-30,7.2,9.5,4.7,0.0,1.2,4.1,83.0,3.8,-0.7071067811865477,0.7071067811865474,335,11,2024,40.0,8.0,16.0,27.0,20.428571428571427,29.166666666666668,-0.4937755501599773,0.8695893893466109,23.0,3
2024-12-01,6.0,10.8,2.5,0.0,1.0,3.7,75.0,7.2,-0.3826834323650896,-0.9238795325112868,336,12,2024,23.0,8.0,19.0,8.0,22.571428571428573,29.4,-0.4787338401157883,0.8779600847008883,33.0,0
2024-12-02,6.7,11.9,2.9,0.0,0.7,2.5,70.0,6.5,-0.3826834323650896,-0.9238795325112868,337,12,2024,33.0,8.0,20.0,12.0,26.142857142857142,29.866666666666667,-0.4635502709028512,0.8860706215341378,34.0,0
2024-12-03,6.8,11.0,4.1,0.0,0.8,2.7,72.0,5.8,-0.3826834323650896,-0.9238795325112868,338,12,2024,34.0,8.0,24.0,22.0,29.857142857142858,30.33333333333333,-0.4482293417404106,0.893918596519257,43.0,0
2024-12-04,6.9,11.4,3.6,0.0,0.9,3.3,72.0,6.0,-0.7071067811865475,-0.7071067811865477,339,12,2024,43.0,29.0,26.0,25.0,34.857142857142854,30.966666666666665,-0.4327755925504317,0.9015016841318838,41.0,0
2024-12-05,5.3,9.0,2.4,0.0,1.0,3.4,70.0,6.3,0.7071067811865476,0.7071067811865476,340,12,2024,41.0,42.0,25.0,29.0,36.57142857142857,31.466666666666665,-0.4171936026123169,0.9088176373395028,29.0,0
2024-12-06,4.8,8.6,1.4,0.0,1.2,5.7,74.0,6.3,-0.3826834323650896,-0.9238795325112868,341,12,2024,29.0,40.0,30.0,31.0,34.714285714285715,31.6,-0.4014879892059737,0.9158642882672868,43.0,0
2024-12-07,2.1,5.0,-0.5,0.2,1.3,4.3,89.0,3.0,0.3826834323650898,0.9238795325112868,342,12,2024,43.0,23.0,31.0,27.0,35.142857142857146,32.03333333333333,-0.3856634062436074,0.9226395488404876,53.0,0
2024-12-08,5.5,9.4,2.0,0.0,1.3,3.6,74.0,5.2,-0.3826834323650896,-0.9238795325112868,343,12,2024,53.0,33.0,36.0,31.0,39.42857142857143,32.766666666666666,-0.3697245428906732,0.9291414114031744,41.0,0
2024-12-09,5.7,7.7,2.5,0.0,1.1,4.0,87.0,2.5,-0.7071067811865475,-0.7071067811865477,344,12,2024,41.0,34.0,46.0,27.0,40.57142857142857,32.93333333333333,-0.3536761221763721,0.935367949313148,28.0,0
2024-12-10,6.3,7.3,4.8,0.8,0.9,3.0,87.0,1.6,0.0,1.0,345,12,2024,28.0,43.0,39.0,31.0,39.71428571428572,32.333333333333336,-0.3375228995941134,0.941317317512847,27.0,0
2024-12-11,7.8,12.4,4.4,0.0,1.1,3.9,74.0,6.5,-0.7071067811865475,-0.7071067811865477,346,12,2024,27.0,41.0,33.0,34.0,37.42857142857143,31.933333333333334,-0.3212696616923651,0.9469877530760752,13.0,0
2024-12-12,4.9,8.8,1.6,0.0,0.9,3.0,82.0,5.8,0.9238795325112868,0.3826834323650898,347,12,2024,13.0,29.0,18.0,35.0,33.42857142857143,31.266666666666666,-0.3049212246562894,0.9523775757303972,34.0,0
2024-12-13,2.8,5.0,0.8,0.0,1.0,2.9,94.0,2.3,0.9238795325112868,0.3826834323650898,348,12,2024,34.0,43.0,21.0,28.0,34.142857142857146,31.8,-0.2884824328806098,0.9574851883550388,43.0,0
2024-12-14,2.1,5.6,-0.8,0.0,1.7,4.8,95.0,4.0,-0.7071067811865475,-0.7071067811865477,349,12,2024,43.0,53.0,36.0,26.0,34.142857142857146,32.53333333333333,-0.2719581575341052,0.9623090774541488,43.0,0
2024-12-15,4.6,12.4,-1.0,0.0,1.3,4.2,73.0,7.0,-0.7071067811865475,-0.7071067811865477,350,12,2024,43.0,41.0,36.0,34.0,32.714285714285715,32.766666666666666,-0.2553532951161881,0.9668478136052772,30.0,0
2024-12-16,7.3,14.8,2.6,0.0,1.2,4.8,61.0,6.4,-0.7071067811865475,-0.7071067811865477,351,12,2024,30.0,28.0,36.0,47.0,31.142857142857142,32.56666666666667,-0.2386727660059499,0.9711000518829505,36.0,0
2024-12-17,6.7,10.3,3.5,0.0,0.6,2.6,74.0,4.4,-0.3826834323650895,0.9238795325112868,352,12,2024,36.0,27.0,56.0,52.0,32.285714285714285,32.56666666666667,-0.2219215130041667,0.9750645322571944,60.0,0
2024-12-18,8.0,11.3,5.5,0.0,0.8,3.5,75.0,5.0,-0.3826834323650896,-0.9238795325112868,353,12,2024,60.0,13.0,56.0,50.0,37.0,32.7,-0.2051044998686192,0.9787400799669153,46.0,0
2024-12-19,6.5,7.7,5.5,0.0,1.0,3.9,89.0,1.2,0.0,1.0,354,12,2024,46.0,34.0,56.0,46.0,41.71428571428572,32.36666666666667,-0.1882267098432439,0.9821256058680006,44.0,0
2024-12-20,8.4,13.6,4.4,0.0,1.6,10.1,47.0,6.7,-0.3826834323650896,-0.9238795325112868,355,12,2024,44.0,43.0,56.0,34.0,43.142857142857146,31.966666666666665,-0.1712931441814778,0.9852201067560606,16.0,0
2024-12-21,5.4,9.9,2.6,0.0,1.0,3.3,53.0,6.3,0.9238795325112868,0.3826834323650898,356,12,2024,16.0,43.0,8.0,5.0,39.285714285714285,30.633333333333333,-0.154308820664281,0.9880226656636976,21.0,0
2024-12-22,4.0,7.7,0.6,0.0,1.5,6.8,62.0,4.5,0.3826834323650898,0.9238795325112868,357,12,2024,21.0,30.0,8.0,15.0,36.142857142857146,31.066666666666663,-0.1372787721132651,0.9905324521322229,30.0,0
2024-12-23,8.2,11.4,3.1,0.0,1.4,9.3,31.0,6.5,-1.0,-1.8369701987210292e-16,358,12,2024,30.0,36.0,8.0,12.0,36.142857142857146,31.8,-0.1202080448993527,0.9927487224577402,5.0,0
2024-12-24,8.3,12.3,3.2,0.0,1.5,6.8,32.0,6.5,-0.7071067811865475,-0.7071067811865477,359,12,2024,5.0,60.0,8.0,17.0,31.714285714285715,31.7,-0.1031016974474354,0.9946708199115212,11.0,0
2024-12-25,5.7,10.3,2.1,0.0,0.7,2.5,49.0,6.4,1.0,6.123233995736766e-17,360,12,2024,11.0,46.0,8.0,28.0,24.714285714285715,31.8,-0.0859647987374467,0.9962981749346076,36.0,0
2024-12-26,4.7,9.8,0.4,0.0,0.9,4.0,56.0,6.4,-0.7071067811865475,-0.7071067811865477,361,12,2024,36.0,44.0,8.0,33.0,23.285714285714285,32.733333333333334,-0.0688024268023206,0.9976303053065856,35.0,0
2024-12-27,5.1,10.5,0.7,0.0,1.0,3.4,56.0,6.5,-0.7071067811865475,-0.7071067811865477,362,12,2024,35.0,16.0,29.0,36.0,22.0,33.63333333333333,-0.0516196672232541,0.998666816288476,48.0,0
2024-12-28,6.4,12.8,1.7,0.0,1.0,4.2,51.0,6.5,-0.7071067811865475,-0.7071067811865477,363,12,2024,48.0,21.0,42.0,36.0,26.571428571428573,34.266666666666666,-0.0344216116227458,0.9994074007397048,49.0,0
2024-12-29,7.2,14.0,2.7,0.0,0.7,3.4,55.0,6.4,-0.7071067811865475,-0.7071067811865477,364,12,2024,49.0,30.0,40.0,26.0,30.571428571428573,34.5,-0.0172133561558352,0.9998518392091162,47.0,0
2024-12-30,7.1,13.0,3.1,0.0,0.7,2.4,58.0,6.4,-0.7071067811865475,-0.7071067811865477,365,12,2024,47.0,5.0,23.0,31.0,33.0,34.733333333333334,6.432490598706546e-16,1.0,54.0,0
2024-12-31,6.4,12.1,2.4,0.0,0.7,2.8,61.0,6.2,1.0,6.123233995736766e-17,366,12,2024,54.0,11.0,33.0,47.0,40.0,35.766666666666666,0.0172133561558339,0.9998518392091162,65.0,0
2025-01-01,5.4,10.1,2.1,0.0,0.6,2.3,67.0,5.9,0.0,1.0,1,1,2025,65.0,36.0,34.0,29.0,47.71428571428572,36.833333333333336,0.0172133561558346,0.9998518392091162,134.0,0
2025-01-02,5.1,7.9,2.7,0.0,0.9,3.0,73.0,4.1,-0.7071067811865475,-0.7071067811865477,2,1,2025,134.0,35.0,43.0,31.0,61.71428571428572,40.16666666666666,0.0344216116227457,0.9994074007397048,52.0,0
2025-01-03,5.8,11.8,1.6,0.0,1.2,4.3,67.0,6.7,-0.7071067811865475,-0.7071067811865477,3,1,2025,52.0,48.0,41.0,20.0,64.14285714285714,40.46666666666667,0.0516196672232537,0.998666816288476,43.0,0
2025-01-04,3.8,4.7,2.5,0.0,1.0,2.9,79.0,1.1,-0.7071067811865475,-0.7071067811865477,4,1,2025,43.0,49.0,29.0,13.0,63.42857142857143,40.53333333333333,0.0688024268023198,0.9976303053065856,44.0,0
2025-01-05,4.1,5.4,2.9,0.0,1.4,3.9,77.0,1.6,-0.7071067811865475,-0.7071067811865477,5,1,2025,44.0,47.0,43.0,14.0,62.71428571428572,41.03333333333333,0.0859647987374464,0.9962981749346078,43.0,0
2025-01-06,3.3,4.0,2.9,1.0,1.1,3.1,91.0,0.4,0.9238795325112868,0.3826834323650898,6,1,2025,43.0,54.0,53.0,16.0,62.142857142857146,41.03333333333333,0.1031016974474348,0.9946708199115212,37.0,0
2025-01-07,5.0,8.4,2.9,0.0,1.3,4.7,85.0,6.6,-0.3826834323650896,-0.9238795325112868,7,1,2025,37.0,65.0,41.0,9.0,59.71428571428572,40.5,0.1202080448993527,0.9927487224577402,34.0,0
2025-01-08,5.5,7.8,2.1,0.0,0.9,3.5,82.0,2.5,-0.7071067811865475,-0.7071067811865477,8,1,2025,34.0,134.0,28.0,11.0,55.285714285714285,40.266666666666666,0.1372787721132647,0.9905324521322229,34.0,0
2025-01-09,6.5,9.3,4.8,0.0,1.1,4.1,88.0,3.0,-0.3826834323650896,-0.9238795325112868,9,1,2025,34.0,52.0,27.0,15.0,41.0,40.46666666666667,0.1543088206642811,0.9880226656636976,30.0,0
2025-01-10,6.7,11.7,2.7,0.0,1.4,5.5,72.0,6.2,0.7071067811865476,0.7071067811865476,10,1,2025,30.0,43.0,13.0,27.0,37.85714285714285,40.56666666666667,0.1712931441814776,0.9852201067560606,21.0,0
2025-01-11,4.5,7.2,2.1,0.0,0.9,3.7,74.0,4.7,0.0,1.0,11,1,2025,21.0,44.0,34.0,40.0,34.714285714285715,40.833333333333336,0.1882267098432442,0.9821256058680006,21.0,0
2025-01-12,3.9,8.5,0.6,0.0,0.8,3.3,64.0,7.3,0.0,1.0,12,1,2025,21.0,43.0,43.0,40.0,31.428571428571427,40.4,0.2051044998686192,0.9787400799669153,33.0,0
2025-01-13,2.8,7.3,-1.0,0.0,1.2,5.0,67.0,7.2,1.0,6.123233995736766e-17,13,1,2025,33.0,37.0,43.0,40.0,30.0,40.06666666666667,0.2219215130041655,0.9750645322571948,30.0,0
2025-01-14,2.0,5.0,-0.3,0.0,0.9,3.8,67.0,6.0,0.0,1.0,14,1,2025,30.0,34.0,30.0,35.0,29.0,39.63333333333333,0.2386727660059501,0.9711000518829505,30.0,0
2025-01-15,2.4,7.9,-0.9,0.0,1.3,5.4,70.0,6.5,-0.7071067811865475,-0.7071067811865477,15,1,2025,30.0,34.0,36.0,42.0,28.428571428571427,39.63333333333333,0.255353295116187,0.9668478136052776,50.0,0
2025-01-16,3.7,7.5,0.1,0.0,0.9,4.0,64.0,5.0,0.3826834323650898,0.9238795325112868,16,1,2025,50.0,30.0,60.0,43.0,30.714285714285715,40.1,0.2719581575341055,0.9623090774541486,34.0,0
2025-01-17,3.4,7.0,0.6,0.0,1.2,4.4,70.0,7.2,0.3826834323650898,0.9238795325112868,17,1,2025,34.0,21.0,46.0,33.0,31.285714285714285,39.23333333333333,0.288482432880609,0.9574851883550392,23.0,0
2025-01-18,4.8,9.5,0.5,0.0,1.2,6.2,63.0,2.8,-0.3826834323650896,-0.9238795325112868,18,1,2025,23.0,21.0,44.0,16.0,31.571428571428573,38.46666666666667,0.304921224656289,0.9523775757303974,31.0,0
2025-01-19,6.4,9.8,4.8,3.0,1.6,7.2,81.0,1.6,-0.7071067811865475,-0.7071067811865477,19,1,2025,31.0,33.0,16.0,13.0,33.0,38.03333333333333,0.3212696616923644,0.9469877530760752,15.0,0
2025-01-20,6.2,6.9,5.4,15.6,0.9,4.2,94.0,1.1,-0.3826834323650895,0.9238795325112868,20,1,2025,15.0,30.0,21.0,26.0,30.428571428571427,38.0,0.3375228995941133,0.9413173175128472,15.0,0
2025-01-21,7.4,10.8,4.7,6.8,1.3,4.7,86.0,6.2,-0.3826834323650896,-0.9238795325112868,21,1,2025,15.0,30.0,30.0,37.0,28.285714285714285,37.8,0.3536761221763716,0.9353679493131484,11.0,0
2025-01-22,5.5,6.7,3.7,4.4,1.0,2.9,96.0,1.3,0.9238795325112868,0.3826834323650898,22,1,2025,11.0,50.0,5.0,30.0,25.571428571428573,37.16666666666666,0.3697245428906731,0.9291414114031744,25.0,0
2025-01-23,6.7,9.2,5.6,0.2,1.2,3.8,90.0,2.5,0.9238795325112868,0.3826834323650898,23,1,2025,25.0,34.0,11.0,44.0,22.0,37.833333333333336,0.385663406243607,0.9226395488404876,24.0,0
2025-01-24,6.2,11.0,2.3,0.0,0.9,3.6,83.0,8.2,0.9238795325112868,0.3826834323650898,24,1,2025,24.0,23.0,36.0,53.0,20.571428571428573,38.266666666666666,0.401487989205973,0.9158642882672872,32.0,0
2025-01-25,6.8,8.3,5.5,0.4,1.0,3.2,84.0,1.9,0.0,1.0,25,1,2025,32.0,31.0,35.0,58.0,21.857142857142858,38.13333333333333,0.4171936026123168,0.9088176373395028,34.0,0
2025-01-26,7.8,10.6,5.4,6.2,1.1,5.2,82.0,6.0,0.0,1.0,26,1,2025,34.0,15.0,48.0,47.0,22.285714285714285,38.1,0.4327755925504312,0.901501684131884,16.0,0
2025-01-27,7.2,7.6,6.7,0.0,1.0,3.8,90.0,0.8,0.9238795325112868,0.3826834323650898,27,1,2025,16.0,15.0,49.0,38.0,22.428571428571427,37.03333333333333,0.4482293417404106,0.893918596519257,18.0,0
2025-01-28,8.2,13.5,6.1,1.8,1.4,7.4,86.0,8.6,0.7071067811865476,0.7071067811865476,28,1,2025,18.0,11.0,47.0,42.0,22.857142857142858,36.0,0.4635502709028509,0.886070621534138,15.0,0
2025-01-29,7.0,10.8,2.8,1.0,1.2,5.0,82.0,8.2,0.7071067811865476,0.7071067811865476,29,1,2025,15.0,25.0,54.0,58.0,23.428571428571427,34.93333333333333,0.4787338401157884,0.8779600847008882,21.0,0
2025-01-30,7.3,8.6,6.4,2.2,1.1,4.5,88.0,1.8,1.0,6.123233995736766e-17,30,1,2025,21.0,24.0,65.0,57.0,22.857142857142858,33.833333333333336,0.4937755501599771,0.869589389346611,23.0,0
2025-01-31,6.9,9.3,5.8,4.8,1.2,5.1,88.0,3.2,0.7071067811865476,0.7071067811865476,31,1,2025,23.0,32.0,134.0,48.0,22.714285714285715,32.43333333333333,0.5086709438521044,0.8609610158889943,29.0,0
2025-02-01,6.6,7.6,5.6,21.6,1.4,5.8,94.0,1.1,0.0,1.0,32,2,2025,29.0,34.0,52.0,36.0,22.285714285714285,28.933333333333334,0.5234156073655503,0.8520775211013093,3.0,0
2025-02-02,8.9,12.8,6.7,0.4,0.9,4.3,80.0,9.8,-0.3826834323650896,-0.9238795325112868,33,2,2025,3.0,16.0,43.0,29.0,17.857142857142858,27.3,0.5380051715382996,0.8429415373547828,8.0,0
2025-02-03,8.4,13.9,4.6,0.0,0.8,3.9,72.0,10.4,0.0,1.0,34,2,2025,8.0,18.0,44.0,16.0,16.714285714285715,26.133333333333333,0.5524353131676196,0.8335557718385699,17.0,0
2025-02-04,5.6,7.2,3.7,0.0,0.9,3.6,86.0,2.0,0.7071067811865476,0.7071067811865476,35,2,2025,17.0,15.0,43.0,11.0,16.571428571428573,25.23333333333333,0.5667017562911176,0.8239230057575542,32.0,0
2025-02-05,6.9,12.5,2.1,0.0,1.0,3.1,79.0,10.3,-0.7071067811865475,-0.7071067811865477,36,2,2025,32.0,21.0,37.0,33.0,19.0,24.866666666666667,0.5808002734538009,0.8140460935082178,29.0,0
2025-02-06,6.7,11.8,3.3,0.0,1.1,5.3,73.0,10.5,0.7071067811865476,0.7071067811865476,37,2,2025,29.0,23.0,34.0,29.0,20.142857142857142,24.6,0.5947266869607634,0.8039279618328213,42.0,0
2025-02-07,4.2,5.6,2.0,0.0,1.2,3.9,76.0,3.2,0.9238795325112868,0.3826834323650898,38,2,2025,42.0,29.0,34.0,32.0,22.857142857142858,24.866666666666667,0.6084768701151261,0.7935716089521474,28.0,0
2025-02-08,4.0,5.1,3.0,3.4,1.1,3.3,85.0,1.0,0.9238795325112868,0.3826834323650898,39,2,2025,28.0,3.0,30.0,17.0,22.714285714285715,24.666666666666668,0.6220467484408675,0.7829801036770629,24.0,0
2025-02-09,6.5,11.1,3.3,0.4,1.1,3.9,81.0,8.2,-0.3826834323650896,-0.9238795325112868,40,2,2025,24.0,8.0,21.0,5.0,25.714285714285715,24.466666666666665,0.6354323008901774,0.7721565844991642,14.0,0
2025-02-10,8.0,11.3,5.5,0.0,0.8,3.9,79.0,7.4,-0.3826834323650896,-0.9238795325112868,41,2,2025,14.0,17.0,21.0,7.0,26.571428571428573,24.23333333333333,0.6486295610349814,0.7611042586607747,21.0,0
2025-02-11,8.1,9.4,6.4,2.4,0.7,2.4,88.0,2.4,0.0,1.0,42,2,2025,21.0,32.0,33.0,17.0,27.142857142857142,24.23333333333333,0.6616346182422783,0.7498264012045686,32.0,0
2025-02-12,8.6,10.2,7.2,1.2,0.9,2.6,88.0,2.7,0.0,1.0,43,2,2025,32.0,29.0,30.0,17.0,27.142857142857142,24.2,0.6744436188329455,0.7383263540031065,30.0,0
2025-02-13,8.9,10.8,7.3,0.0,1.1,3.9,87.0,4.0,0.9238795325112868,0.3826834323650898,44,2,2025,30.0,42.0,30.0,23.0,27.285714285714285,24.2,0.6870527672236669,0.7266075247685656,33.0,0
2025-02-14,6.8,9.0,3.7,0.0,1.4,6.2,79.0,4.9,-0.3826834323650896,-0.9238795325112868,45,2,2025,33.0,28.0,50.0,31.0,26.0,24.3,0.699458327051647,0.7146733860429609,20.0,0
2025-02-15,5.5,10.2,1.3,0.0,1.1,3.8,65.0,12.3,-0.3826834323650895,0.9238795325112868,46,2,2025,20.0,24.0,34.0,41.0,24.857142857142858,23.3,0.7116566222817746,0.7025274741691571,20.0,0
2025-02-16,4.7,7.1,1.8,0.0,1.3,4.4,72.0,6.9,0.9238795325112868,0.3826834323650898,47,2,2025,20.0,14.0,23.0,46.0,24.285714285714285,22.83333333333333,0.7236440382959124,0.6901733882429719,20.0,0
2025-02-17,4.7,5.4,4.0,0.0,1.1,3.6,75.0,0.9,0.0,1.0,48,2,2025,20.0,21.0,31.0,49.0,25.142857142857142,22.73333333333333,0.7354170229639855,0.6776147890466889,20.0,0
2025-02-18,4.7,5.5,3.8,0.0,1.3,3.6,66.0,1.8,0.9238795325112868,0.3826834323650898,49,2,2025,20.0,32.0,15.0,53.0,25.0,22.366666666666667,0.7469720876965552,0.6648553979642865,20.0,0
2025-02-19,3.7,4.5,2.9,0.0,1.5,4.1,68.0,3.2,0.9238795325112868,0.3826834323650898,50,2,2025,20.0,30.0,15.0,36.0,23.285714285714285,22.53333333333333,0.7583058084785624,0.6518989958787126,20.0,0
2025-02-20,5.6,9.6,2.1,0.0,0.9,4.1,65.0,11.8,0.9238795325112868,0.3826834323650898,51,2,2025,20.0,33.0,11.0,36.0,21.857142857142858,22.7,0.7694148268839378,0.6387494220515272,20.0,0
2025-02-21,6.9,11.5,2.7,0.0,0.8,3.2,70.0,8.1,-0.3826834323650896,-0.9238795325112868,52,2,2025,20.0,20.0,25.0,43.0,20.0,23.0,0.7802958510707755,0.6254105729852463,20.0,0
2025-02-22,7.8,8.7,6.9,0.0,1.0,3.8,80.0,3.0,0.9238795325112868,0.3826834323650898,53,2,2025,20.0,20.0,24.0,11.0,20.0,22.83333333333333,0.7909456567567772,0.6118864012687243,20.0,0
2025-02-23,9.6,14.6,5.2,0.0,0.9,4.0,79.0,10.2,0.9238795325112868,0.3826834323650898,54,2,2025,20.0,20.0,32.0,18.0,20.0,22.7,0.8013610881746766,0.5981809144059165,20.0,0
2025-02-24,9.5,13.0,5.6,0.0,1.0,3.2,82.0,8.3,0.9238795325112868,0.3826834323650898,55,2,2025,20.0,20.0,34.0,11.0,20.0,22.3,0.8115390590073611,0.5842981736283684,20.0,0
2025-02-25,9.2,11.3,7.3,0.0,1.0,3.1,89.0,2.3,0.9238795325112868,0.3826834323650898,56,2,2025,20.0,20.0,16.0,5.0,20.0,21.83333333333333,0.8214765533024142,0.5702422926917871,20.0,0
2025-02-26,11.2,16.5,7.4,0.0,1.4,8.8,60.0,13.5,-0.7071067811865475,-0.7071067811865477,57,2,2025,20.0,20.0,18.0,5.0,20.0,21.966666666666665,0.8311706263658079,0.5560174366570446,19.0,0
2025-02-27,9.2,13.6,5.1,0.0,1.2,4.7,58.0,14.2,0.7071067811865476,0.7071067811865476,58,2,2025,19.0,20.0,15.0,6.0,19.857142857142858,22.0,0.8406184056344782,0.5416278206559814,14.0,0
2025-02-28,9.0,13.7,5.0,0.0,1.3,5.2,61.0,13.2,0.7071067811865476,0.7071067811865476,59,2,2025,14.0,20.0,21.0,5.0,19.0,21.966666666666665,0.8498170915275278,0.5270777086423722,19.0,0
2025-03-01,7.7,9.0,5.3,18.5,1.7,6.8,77.0,2.9,0.3826834323650898,0.9238795325112868,60,3,2025,19.0,20.0,23.0,5.0,18.857142857142858,21.9,0.8587639582758029,0.5123714121284237,19.0,1
2025-03-02,9.5,13.0,7.0,0.0,0.9,4.0,62.0,12.2,0.9238795325112868,0.3826834323650898,61,3,2025,19.0,20.0,29.0,7.0,18.714285714285715,21.766666666666666,0.8674563547295969,0.4975132889071806,28.0,1
2025-03-03,9.4,15.5,4.1,0.0,0.8,3.6,57.0,15.7,0.9238795325112868,0.3826834323650898,62,3,2025,28.0,20.0,3.0,5.0,19.857142857142858,21.73333333333333,0.8758917051442429,0.4825077417612184,28.0,1
2025-03-04,10.2,16.0,4.8,0.0,0.7,3.7,53.0,15.0,-0.3826834323650895,0.9238795325112868,63,3,2025,28.0,20.0,8.0,5.0,21.0,22.566666666666663,0.8840675099433636,0.4673592171580022,25.0,1
2025-03-05,11.5,17.7,6.1,0.0,0.9,3.8,49.0,15.5,0.9238795325112868,0.3826834323650898,64,3,2025,25.0,19.0,17.0,8.0,21.714285714285715,23.133333333333333,0.8919813464595485,0.4520722039323043,28.0,1
2025-03-06,11.5,17.2,6.7,0.0,0.9,4.5,45.0,15.2,0.9238795325112868,0.3826834323650898,65,3,2025,28.0,14.0,32.0,5.0,23.0,23.5,0.8996308696522433,0.436651231956064,26.0,1
2025-03-07,11.7,16.5,8.2,0.0,0.9,3.8,45.0,12.1,0.7071067811865476,0.7071067811865476,66,3,2025,26.0,19.0,29.0,7.0,24.714285714285715,23.3,0.907013812802636,0.4211008707960896,30.0,1
2025-03-08,11.7,17.3,6.8,0.0,0.9,5.1,47.0,14.7,0.7071067811865476,0.7071067811865476,67,3,2025,30.0,19.0,42.0,14.0,26.285714285714285,23.33333333333333,0.9141279881853336,0.4054257283599973,32.0,1
2025-03-09,9.5,11.5,7.5,12.6,0.9,3.9,60.0,1.8,0.0,1.0,68,3,2025,32.0,28.0,28.0,5.0,28.142857142857142,23.0,0.9209712877166346,0.3896304495307879,34.0,1
2025-03-10,9.1,12.1,6.2,9.2,1.7,8.0,83.0,9.7,0.7071067811865476,0.7071067811865476,69,3,2025,34.0,28.0,24.0,5.0,29.0,23.2,0.9275416835791966,0.373719714790469,34.0,1
2025-03-11,9.7,12.2,8.0,6.2,1.6,4.2,84.0,8.1,0.7071067811865476,0.7071067811865476,70,3,2025,34.0,25.0,14.0,6.0,29.857142857142858,23.53333333333333,0.9338372288229252,0.3576982388331254,10.0,1
2025-03-12,10.0,12.2,8.1,5.8,1.2,4.6,82.0,6.9,0.0,1.0,71,3,2025,10.0,28.0,21.0,7.0,27.714285714285715,23.4,0.9398560579418954,0.3415707691678556,7.0,1
2025-03-13,11.3,15.8,8.6,0.0,1.4,5.4,73.0,11.4,-0.3826834323650896,-0.9238795325112868,72,3,2025,7.0,26.0,32.0,6.0,24.714285714285715,22.933333333333334,0.9455963874271426,0.3253420847119801,11.0,1
2025-03-14,9.7,12.2,8.2,10.4,1.9,5.7,83.0,7.4,0.7071067811865476,0.7071067811865476,73,3,2025,11.0,30.0,30.0,5.0,22.571428571428573,22.23333333333333,0.9510565162951536,0.3090169943749474,6.0,1
2025-03-15,9.1,10.6,8.0,19.2,1.6,5.4,93.0,2.7,0.0,1.0,74,3,2025,6.0,32.0,33.0,13.0,19.142857142857142,21.433333333333334,0.9562348265919056,0.2926003356333483,3.0,1
2025-03-16,9.9,13.0,7.9,1.0,1.5,7.0,73.0,15.4,0.7071067811865476,0.7071067811865476,75,3,2025,3.0,34.0,20.0,10.0,15.0,20.433333333333334,0.9611297838723007,0.2760969730974688,4.0,1
2025-03-17,11.2,16.6,5.9,0.0,1.2,8.0,59.0,18.9,-0.3826834323650896,-0.9238795325112868,76,3,2025,4.0,34.0,20.0,12.0,10.714285714285714,19.9,0.9657399376548548,0.2595117970697999,10.0,1
2025-03-18,7.2,9.6,5.5,0.8,2.5,10.1,70.0,4.1,0.7071067811865476,0.7071067811865476,77,3,2025,10.0,10.0,20.0,17.0,7.285714285714286,19.566666666666663,0.9700639218515072,0.2428497220959356,9.0,1
2025-03-19,8.6,12.6,5.8,0.0,1.3,5.0,57.0,16.3,-0.7071067811865475,-0.7071067811865477,78,3,2025,9.0,7.0,20.0,14.0,7.142857142857143,19.2,0.9741004551724204,0.2261156855082882,15.0,1
2025-03-20,10.1,14.5,5.2,0.0,0.9,4.8,56.0,16.9,-0.3826834323650895,0.9238795325112868,79,3,2025,15.0,11.0,20.0,19.0,8.285714285714286,19.03333333333333,0.9778483415056568,0.2093146459630484,21.0,1
2025-03-21,9.4,11.8,7.6,6.4,1.2,5.3,71.0,5.7,0.9238795325112868,0.3826834323650898,80,3,2025,21.0,6.0,20.0,26.0,9.714285714285714,19.066666666666663,0.9813064702716092,0.1924515819708299,17.0,1
2025-03-22,7.8,8.7,6.9,13.8,1.5,5.7,95.0,1.7,0.0,1.0,81,3,2025,17.0,3.0,20.0,32.0,11.285714285714286,18.966666666666665,0.9844738167520922,0.1755314904214282,5.0,1
2025-03-23,9.3,11.8,7.0,9.8,1.5,5.4,83.0,7.6,0.7071067811865476,0.7071067811865476,82,3,2025,5.0,4.0,20.0,19.0,11.571428571428571,18.466666666666665,0.9873494423939864,0.1585593851031347,5.0,1
2025-03-24,11.2,14.7,9.1,3.4,0.8,3.3,80.0,8.5,-0.3826834323650895,0.9238795325112868,83,3,2025,5.0,10.0,20.0,5.0,11.714285714285714,17.966666666666665,0.989932495087353,0.141540295217043,5.0,1
2025-03-25,13.6,19.3,7.7,0.0,1.0,4.4,63.0,20.4,0.7071067811865476,0.7071067811865476,84,3,2025,5.0,9.0,20.0,5.0,11.0,17.466666666666665,0.9922222094179324,0.1244792638867891,5.0,1
2025-03-26,13.8,18.4,10.5,3.2,1.1,11.6,66.0,16.4,-0.7071067811865475,-0.7071067811865477,85,3,2025,5.0,15.0,20.0,6.0,10.428571428571429,16.966666666666665,0.994217906893952,0.107381346664163,8.0,1
2025-03-27,14.7,19.7,9.4,0.0,1.1,5.5,53.0,16.5,1.2246467991473532e-16,-1.0,86,3,2025,8.0,21.0,20.0,5.0,9.428571428571429,16.566666666666666,0.995918996147179,0.0902516100310411,10.0,1
2025-03-28,14.8,20.3,9.9,0.0,1.1,4.5,54.0,20.7,0.3826834323650898,0.9238795325112868,87,3,2025,10.0,17.0,19.0,9.0,7.857142857142857,16.233333333333334,0.9973249731081556,0.0730951298980777,11.0,1
2025-03-29,13.7,18.8,10.4,0.0,1.4,8.5,62.0,9.5,0.7071067811865476,0.7071067811865476,88,3,2025,11.0,5.0,14.0,9.0,7.0,15.966666666666669,0.9984354211555644,0.0559169901006034,15.0,1
2025-03-30,16.3,22.3,9.0,0.0,1.4,6.8,49.0,21.1,-0.3826834323650896,-0.9238795325112868,89,3,2025,15.0,5.0,19.0,14.0,8.428571428571429,16.0,0.9992500112396836,0.0387222808921744,13.0,1
2025-03-31,16.0,20.5,11.2,0.0,1.7,8.7,35.0,22.1,-0.3826834323650896,-0.9238795325112868,90,3,2025,13.0,5.0,19.0,6.0,9.571428571428571,15.8,0.9997685019798908,0.0215160974362222,10.0,1
2025-04-01,12.8,16.4,9.3,0.0,1.6,8.0,35.0,12.2,1.0,6.123233995736766e-17,91,4,2025,10.0,5.0,28.0,5.0,10.285714285714286,15.5,0.99999073973619,0.0043035382962442,6.0,1
2025-04-02,10.2,11.4,8.7,2.0,1.5,4.4,68.0,4.2,-0.7071067811865475,-0.7071067811865477,92,4,2025,6.0,8.0,28.0,5.0,10.428571428571429,14.766666666666667,0.999916658654738,-0.0129102960750088,8.0,1
2025-04-03,15.3,20.1,10.6,0.0,0.9,5.3,54.0,20.1,-0.3826834323650896,-0.9238795325112868,93,4,2025,8.0,10.0,25.0,6.0,10.428571428571429,14.1,0.9995462806873572,-0.0301203048469081,12.0,1
2025-04-04,16.3,21.5,10.9,0.0,1.0,6.4,53.0,21.3,1.0,6.123233995736766e-17,94,4,2025,12.0,11.0,28.0,7.0,10.714285714285714,13.666666666666666,0.9988797155850336,-0.0473213883224318,14.0,1
2025-04-05,17.3,23.1,11.5,0.0,1.2,5.6,50.0,22.1,0.9238795325112868,0.3826834323650898,95,4,2025,14.0,15.0,26.0,5.0,11.142857142857142,13.2,0.9979171608653922,-0.0645084494493162,18.0,1
2025-04-06,16.7,25.2,11.2,0.0,2.5,10.0,50.0,22.5,0.7071067811865476,0.7071067811865476,96,4,2025,18.0,13.0,30.0,9.0,11.571428571428571,12.933333333333334,0.9966589017541702,-0.0816763953304224,14.0,1
2025-04-07,12.3,16.0,9.3,0.0,1.8,6.5,40.0,20.9,0.7071067811865476,0.7071067811865476,97,4,2025,14.0,10.0,32.0,11.0,11.714285714285714,12.4,0.9951053111006976,-0.0988201387328714,8.0,1
2025-04-08,10.0,13.5,7.7,0.0,1.7,5.6,54.0,11.8,0.7071067811865476,0.7071067811865476,98,4,2025,8.0,6.0,34.0,13.0,11.428571428571429,11.6,0.9932568492674144,-0.1159345995955004,10.0,1
2025-04-09,12.0,17.1,7.8,0.0,1.1,4.6,56.0,18.0,-0.3826834323650895,0.9238795325112868,99,4,2025,10.0,8.0,34.0,9.0,12.0,10.8,0.9911140639934548,-0.1330147065341959,21.0,1
2025-04-10,15.8,22.5,8.9,0.0,1.2,5.8,47.0,23.4,-0.3826834323650896,-0.9238795325112868,100,4,2025,21.0,12.0,10.0,5.0,13.857142857142858,10.366666666666667,0.9886775902323404,-0.1500553983446526,21.0,1
2025-04-11,16.8,23.6,10.7,0.0,1.6,7.4,52.0,23.5,-0.3826834323650896,-0.9238795325112868,101,4,2025,21.0,14.0,7.0,6.0,15.142857142857142,10.733333333333333,0.9859481499638304,-0.1670516255021192,16.0,1
2025-04-12,15.3,18.1,10.7,0.0,1.2,4.8,71.0,12.1,0.9238795325112868,0.3826834323650898,102,4,2025,16.0,18.0,11.0,10.0,15.428571428571429,11.033333333333331,0.9829265519799822,-0.18399835165768,14.0,1
2025-04-13,14.2,16.1,12.2,1.6,1.1,3.9,69.0,7.2,-0.7071067811865477,0.7071067811865474,103,4,2025,14.0,14.0,6.0,13.0,14.857142857142858,11.133333333333333,0.97961369164549,-0.200890555130635,9.0,1
2025-04-14,12.0,13.0,11.4,9.8,1.8,5.5,93.0,3.8,0.7071067811865476,0.7071067811865476,104,4,2025,9.0,8.0,3.0,12.0,14.142857142857142,11.233333333333333,0.9760105506323684,-0.2177232303965317,9.0,1
2025-04-15,14.3,17.8,11.4,11.6,2.0,6.8,82.0,14.9,0.9238795325112868,0.3826834323650898,105,4,2025,9.0,10.0,4.0,12.0,14.285714285714286,11.433333333333334,0.9721181966290612,-0.2344913895704098,2.0,1
2025-04-16,14.0,15.5,11.5,32.3,2.0,7.7,91.0,3.3,0.7071067811865476,0.7071067811865476,106,4,2025,2.0,21.0,10.0,12.0,13.142857142857142,11.366666666666667,0.9679377830240642,-0.2511900638848193,4.0,1
2025-04-17,12.1,14.0,10.0,51.4,2.3,9.3,91.0,5.1,0.0,1.0,107,4,2025,4.0,21.0,9.0,5.0,10.714285714285714,11.166666666666666,0.9634705485641488,-0.2678143051621742,2.0,1
2025-04-18,14.8,20.0,10.6,0.0,1.3,6.7,68.0,22.6,1.2246467991473532e-16,-1.0,108,4,2025,2.0,16.0,15.0,5.0,8.0,10.933333333333334,0.9587178169872964,-0.2843591872810034,5.0,1
2025-04-19,12.6,13.8,11.8,0.4,1.7,5.6,87.0,3.9,0.3826834323650898,0.9238795325112868,109,4,2025,5.0,14.0,21.0,5.0,6.428571428571429,10.6,0.9536809966304456,-0.3008198076356673,6.0,1
2025-04-20,12.9,16.8,10.6,9.0,1.8,6.3,84.0,10.8,0.3826834323650898,0.9238795325112868,110,4,2025,6.0,9.0,17.0,5.0,5.285714285714286,10.1,0.9483615800121716,-0.3171912885891061,6.0,1
2025-04-21,15.0,19.9,10.5,0.0,1.1,5.7,65.0,24.9,0.9238795325112868,0.3826834323650898,111,4,2025,6.0,9.0,5.0,5.0,4.857142857142857,9.733333333333333,0.9427611433904208,-0.3334687789181868,6.0,1
2025-04-22,17.2,22.7,11.7,0.0,0.9,4.6,58.0,21.3,1.0,6.123233995736766e-17,112,4,2025,6.0,2.0,5.0,5.0,4.428571428571429,9.766666666666667,0.9368813462954316,-0.3496474552512284,9.0,1
2025-04-23,17.2,23.5,13.1,16.2,1.5,11.0,61.0,20.5,0.9238795325112868,0.3826834323650898,113,4,2025,9.0,4.0,5.0,5.0,5.428571428571429,9.9,0.9307239310379796,-0.3657225234972689,11.0,1
2025-04-24,17.5,22.6,11.9,0.0,1.6,7.2,51.0,26.9,-0.7071067811865475,-0.7071067811865477,114,4,2025,11.0,2.0,5.0,5.0,6.428571428571429,10.1,0.9242907221930932,-0.3816892202666588,6.0,1
2025-04-25,18.0,23.0,12.6,0.0,1.3,6.6,44.0,25.8,0.9238795325112868,0.3826834323650898,115,4,2025,6.0,5.0,8.0,5.0,7.0,10.133333333333333,0.9175836260593936,-0.3975428142825559,8.0,1
2025-04-26,17.4,22.4,11.8,0.0,1.6,6.2,54.0,23.6,0.9238795325112868,0.3826834323650898,116,4,2025,8.0,6.0,10.0,7.0,7.428571428571429,10.133333333333333,0.9106046300942162,-0.4132786077829042,8.0,1
2025-04-27,15.8,19.7,13.0,7.0,1.5,5.4,74.0,11.2,0.0,1.0,117,4,2025,8.0,6.0,11.0,8.0,7.714285714285714,10.066666666666666,0.9033558023246844,-0.4288919379124835,8.0,1
2025-04-28,18.1,22.7,14.2,0.0,1.0,4.2,63.0,19.4,-0.3826834323650896,-0.9238795325112868,118,4,2025,8.0,6.0,15.0,5.0,8.0,9.966666666666669,0.895839290734909,-0.4443781781046132,8.0,1
2025-04-29,19.3,24.6,13.4,0.0,1.1,5.9,55.0,24.9,0.9238795325112868,0.3826834323650898,119,4,2025,8.0,9.0,13.0,7.0,8.285714285714286,9.733333333333333,0.8880573226294932,-0.4597327394521039,7.0,1
2025-04-30,20.7,26.5,14.4,0.0,1.0,5.7,46.0,26.5,0.9238795325112868,0.3826834323650898,120,4,2025,7.0,11.0,10.0,8.0,8.0,9.533333333333331,0.8800122039735357,-0.4749510720670499,12.0,1
2025-05-01,21.7,27.7,14.7,0.0,1.3,5.9,40.0,27.2,-0.3826834323650896,-0.9238795325112868,121,5,2025,12.0,6.0,6.0,5.0,8.142857142857142,9.6,0.8717063187093218,-0.4900286664290592,12.0,1
2025-05-02,22.2,28.0,16.0,0.0,1.2,5.5,43.0,25.4,0.7071067811865476,0.7071067811865476,122,5,2025,12.0,8.0,8.0,5.0,9.0,9.8,0.8631421280499114,-0.5049610547215204,11.0,1
2025-05-03,20.9,24.6,17.5,0.0,1.3,5.1,52.0,16.6,0.9238795325112868,0.3826834323650898,123,5,2025,11.0,8.0,12.0,5.0,9.428571428571429,9.9,0.854322169749827,-0.5197438121555155,13.0,1
2025-05-04,18.0,21.0,15.0,0.0,1.4,6.4,70.0,11.1,0.0,1.0,124,5,2025,13.0,8.0,14.0,5.0,10.142857142857142,9.933333333333334,0.8452490573530633,-0.5343725582809786,11.0,1
2025-05-05,15.3,17.0,13.8,5.4,1.8,6.9,86.0,9.1,0.3826834323650898,0.9238795325112868,125,5,2025,11.0,8.0,18.0,5.0,10.571428571428571,9.833333333333334,0.8359254794186372,-0.548842958284719,7.0,1
2025-05-06,14.4,18.2,12.6,15.6,1.8,7.1,85.0,11.7,0.9238795325112868,0.3826834323650898,126,5,2025,7.0,7.0,14.0,5.0,10.428571428571429,9.466666666666669,0.8263541987239096,-0.5631507242749186,6.0,1
2025-05-07,13.3,17.4,10.8,2.0,2.0,9.5,79.0,11.5,0.7071067811865476,0.7071067811865476,127,5,2025,6.0,12.0,8.0,5.0,10.285714285714286,9.2,0.8165380514459161,-0.5772916165517272,6.0,1
2025-05-08,13.7,18.5,8.8,3.4,1.2,4.3,73.0,15.1,0.7071067811865476,0.7071067811865476,128,5,2025,6.0,12.0,10.0,5.0,9.428571428571429,9.133333333333333,0.8064799463209448,-0.5912614448635781,8.0,1
2025-05-09,13.8,17.0,11.2,4.4,1.8,5.7,82.0,11.1,0.7071067811865476,0.7071067811865476,129,5,2025,8.0,11.0,21.0,5.0,8.857142857142858,9.066666666666666,0.7961828637826158,-0.6050560696488488,7.0,1
2025-05-10,15.4,18.7,12.6,7.6,1.0,4.8,77.0,14.0,0.7071067811865476,0.7071067811865476,130,5,2025,7.0,13.0,21.0,6.0,8.285714285714286,8.6,0.7856498550787147,-0.6186714032625031,12.0,1
2025-05-11,16.2,21.8,13.1,11.3,1.4,9.8,75.0,19.3,1.0,6.123233995736766e-17,131,5,2025,12.0,11.0,16.0,8.0,8.142857142857142,8.3,0.7748840413670407,-0.6321034111873487,11.0,1
2025-05-12,17.5,22.4,12.8,0.0,1.1,4.5,64.0,18.5,-0.7071067811865475,-0.7071067811865477,132,5,2025,11.0,7.0,14.0,8.0,8.142857142857142,8.133333333333333,0.7638886127905428,-0.6453481132295501,10.0,1
2025-05-13,16.8,21.5,13.5,1.4,1.5,5.5,70.0,15.1,0.7071067811865476,0.7071067811865476,133,5,2025,10.0,6.0,9.0,5.0,8.571428571428571,8.0,0.7526668275320085,-0.6584015846980488,9.0,1
2025-05-14,17.7,22.1,13.6,0.8,1.0,5.3,69.0,16.4,0.0,1.0,134,5,2025,9.0,6.0,9.0,5.0,9.0,8.0,0.7412220108485958,-0.6712599575675313,11.0,1
2025-05-15,20.4,26.1,13.9,0.8,1.1,5.9,56.0,28.0,0.9238795325112868,-0.3826834323650897,135,5,2025,11.0,8.0,2.0,5.0,9.714285714285714,8.066666666666666,0.7295575540864875,-0.6839194216246106,13.0,1
2025-05-16,17.7,21.0,14.2,0.2,1.9,8.1,58.0,20.1,0.7071067811865476,0.7071067811865476,136,5,2025,13.0,7.0,4.0,5.0,10.428571428571429,8.433333333333334,0.717676913675962,-0.6963762255968722,9.0,1
2025-05-17,18.1,22.4,14.6,0.0,1.8,6.5,52.0,25.2,-0.3826834323650896,-0.9238795325112868,137,5,2025,9.0,12.0,2.0,5.0,10.714285714285714,8.6,0.705583610107178,-0.7086266782644596,9.0,1
2025-05-18,18.4,24.0,12.9,0.0,1.4,6.5,59.0,26.7,-0.3826834323650896,-0.9238795325112868,138,5,2025,9.0,11.0,5.0,5.0,10.285714285714286,8.833333333333334,0.6932812268869777,-0.7206671495538609,9.0,1
2025-05-19,18.8,22.1,14.7,0.0,1.4,5.5,67.0,16.4,1.2246467991473532e-16,-1.0,139,5,2025,9.0,10.0,6.0,5.0,10.0,8.966666666666667,0.6807734094770161,-0.7324940716135789,13.0,1
2025-05-20,16.2,17.9,14.7,18.9,1.8,6.7,83.0,6.5,0.3826834323650898,0.9238795325112868,140,5,2025,13.0,9.0,6.0,5.0,10.428571428571429,9.2,0.6680638642135335,-0.7441039398713607,5.0,1
2025-05-21,18.8,24.6,13.8,0.0,1.5,6.1,67.0,25.8,0.3826834323650898,0.9238795325112868,141,5,2025,5.0,11.0,6.0,5.0,9.857142857142858,9.166666666666666,0.6551563572090853,-0.7554933140726803,3.0,1
2025-05-22,16.3,19.4,13.5,1.0,2.3,7.8,77.0,12.6,0.7071067811865476,0.7071067811865476,142,5,2025,3.0,13.0,9.0,5.0,8.714285714285714,9.066666666666666,0.6420547132365637,-0.766658819300159,5.0,1
2025-05-23,17.8,22.2,12.1,0.0,1.5,6.7,54.0,26.2,0.7071067811865476,0.7071067811865476,143,5,2025,5.0,9.0,11.0,5.0,7.571428571428571,8.933333333333334,0.6287628145958344,-0.7775971469736269,9.0,1
2025-05-24,17.4,21.0,14.1,0.0,1.6,5.5,58.0,21.2,0.3826834323650898,0.9238795325112868,144,5,2025,9.0,9.0,6.0,5.0,7.571428571428571,8.866666666666667,0.6152845999633276,-0.7883050558305255,9.0,1
2025-05-25,19.1,23.9,13.8,0.0,1.3,5.5,58.0,25.6,0.7071067811865476,0.7071067811865476,145,5,2025,9.0,9.0,8.0,5.0,7.571428571428571,8.966666666666667,0.6016240632249226,-0.7987793728863649,14.0,1
2025-05-26,21.2,26.0,15.6,0.0,1.2,6.2,59.0,20.0,0.9238795325112868,0.3826834323650898,146,5,2025,14.0,13.0,8.0,6.0,8.285714285714286,9.166666666666666,0.5877852522924732,-0.8090169943749473,12.0,1
2025-05-27,19.6,22.9,15.8,2.5,1.8,7.9,68.0,23.8,0.7071067811865476,0.7071067811865476,147,5,2025,12.0,5.0,8.0,6.0,8.142857142857142,9.3,0.5737722679043246,-0.8190148866680801,12.0,1
2025-05-28,21.9,27.0,16.9,0.0,1.3,5.9,59.0,26.0,1.0,6.123233995736766e-17,148,5,2025,12.0,3.0,8.0,5.0,9.142857142857142,9.433333333333334,0.5595892624101765,-0.8287700871745038,14.0,1
2025-05-29,23.6,28.5,17.0,0.0,1.4,6.4,44.0,29.5,1.2246467991473532e-16,-1.0,149,5,2025,14.0,5.0,7.0,8.0,10.714285714285714,9.633333333333333,0.545240438540651,-0.8382797052177744,14.0,1
2025-05-30,24.0,28.6,19.3,0.0,1.5,7.1,53.0,28.6,0.7071067811865476,0.7071067811865476,150,5,2025,14.0,9.0,12.0,7.0,12.0,9.866666666666667,0.5307300481619334,-0.8475409228928311,18.0,1
2025-05-31,24.5,28.9,19.1,0.0,1.5,5.7,59.0,23.9,0.9238795325112868,0.3826834323650898,151,5,2025,18.0,9.0,12.0,5.0,13.285714285714286,10.066666666666666,0.5160623910158528,-0.8565509959010036,24.0,1
2025-06-01,24.5,28.9,21.1,1.4,1.4,8.6,64.0,20.2,0.9238795325112868,0.3826834323650898,152,6,2025,24.0,14.0,11.0,5.0,15.428571428571429,10.466666666666669,0.5012418134457758,-0.865307254363206,23.0,2
2025-06-02,21.6,24.9,19.1,0.4,1.7,5.5,75.0,10.6,-0.7071067811865475,-0.7071067811865477,153,6,2025,23.0,12.0,13.0,5.0,16.714285714285715,10.866666666666667,0.4862727071086899,-0.8738071036110808,11.0,2
2025-06-03,21.1,24.6,18.7,0.2,1.6,6.2,76.0,12.5,1.0,6.123233995736766e-17,154,6,2025,11.0,12.0,11.0,5.0,16.571428571428573,10.8,0.4711595076738638,-0.8820480249558537,11.0,2
2025-06-04,17.7,20.5,16.0,7.2,1.4,6.0,79.0,4.3,0.9238795325112868,0.3826834323650898,155,6,2025,11.0,14.0,7.0,5.0,16.428571428571427,10.8,0.4559066935084588,-0.8900275764346767,9.0,2
2025-06-05,20.8,25.2,16.4,0.0,1.2,5.1,72.0,21.6,1.0,6.123233995736766e-17,156,6,2025,9.0,14.0,6.0,5.0,15.714285714285714,10.866666666666667,0.440518784350495,-0.8977433935342337,13.0,2
2025-06-06,22.3,26.5,18.5,0.0,1.4,6.6,69.0,16.1,1.0,6.123233995736766e-17,157,6,2025,13.0,18.0,6.0,6.0,15.571428571428571,11.1,0.4250003399695541,-0.9051931898913974,18.0,2
2025-06-07,22.6,26.3,19.0,0.0,1.3,5.2,70.0,16.2,1.0,6.123233995736766e-17,158,6,2025,18.0,24.0,8.0,7.0,15.571428571428571,11.5,0.4093559588156213,-0.9123747579707272,14.0,2
2025-06-08,24.2,30.1,19.6,0.0,1.4,5.6,62.0,26.2,-0.3826834323650896,-0.9238795325112868,159,6,2025,14.0,23.0,7.0,9.0,14.142857142857142,11.7,0.3935902766564667,-0.9192859697186104,17.0,2
2025-06-09,24.2,28.1,20.3,0.0,1.5,6.2,50.0,26.0,0.9238795325112868,0.3826834323650898,160,6,2025,17.0,11.0,12.0,6.0,13.285714285714286,12.033333333333331,0.3777079652039649,-0.9259247771938498,27.0,2
2025-06-10,24.4,29.0,20.9,0.0,1.5,5.8,59.0,20.8,0.7071067811865476,0.7071067811865476,161,6,2025,27.0,11.0,11.0,5.0,15.571428571428571,12.533333333333331,0.3617137307297676,-0.9322892131745132,26.0,2
2025-06-11,26.4,32.0,19.5,0.0,1.5,5.7,55.0,28.1,0.9238795325112868,0.3826834323650898,162,6,2025,26.0,9.0,10.0,5.0,17.714285714285715,13.033333333333331,0.3456123126707335,-0.938377391740864,28.0,2
2025-06-12,27.1,31.9,22.2,0.0,1.5,5.3,56.0,21.5,0.9238795325112868,0.3826834323650898,163,6,2025,28.0,13.0,9.0,5.0,20.428571428571427,13.633333333333333,0.3294084822245304,-0.9441875088341992,31.0,2
2025-06-13,28.3,33.0,23.7,0.0,1.4,5.4,58.0,23.5,0.7071067811865476,0.7071067811865476,164,6,2025,31.0,18.0,11.0,5.0,23.0,14.366666666666667,0.3131070409358269,-0.9497178427914316,29.0,2
2025-06-14,28.5,33.6,25.0,0.2,1.5,8.1,58.0,21.4,0.9238795325112868,0.3826834323650898,165,6,2025,29.0,14.0,13.0,5.0,24.571428571428573,14.966666666666669,0.2967128192734907,-0.9549667548552552,34.0,2
2025-06-15,28.5,32.7,24.3,0.0,1.2,7.8,55.0,21.6,0.9238795325112868,0.3826834323650898,166,6,2025,34.0,17.0,9.0,6.0,27.428571428571427,15.666666666666666,0.2802306751992158,-0.9599326896597448,34.0,2
2025-06-16,27.3,32.2,22.5,0.0,2.2,8.1,47.0,29.1,0.9238795325112868,0.3826834323650898,167,6,2025,34.0,27.0,9.0,5.0,29.857142857142858,16.5,0.263665492728007,-0.9646141756912436,34.0,2
2025-06-17,24.0,28.5,19.6,0.0,2.0,6.8,53.0,26.3,0.7071067811865476,0.7071067811865476,168,6,2025,34.0,26.0,9.0,6.0,30.857142857142858,17.333333333333332,0.2470221804809355,-0.9690098257244062,34.0,2
2025-06-18,26.2,31.3,20.9,0.0,1.3,5.3,49.0,28.8,0.9238795325112868,0.3826834323650898,169,6,2025,34.0,28.0,13.0,7.0,32.0,18.166666666666668,0.2303056702306122,-0.973118337233262,34.0,2
2025-06-19,28.0,33.3,21.7,0.0,1.2,5.4,48.0,28.8,1.0,6.123233995736766e-17,170,6,2025,34.0,31.0,5.0,9.0,32.857142857142854,18.866666666666667,0.2135209154397961,-0.9769384927771816,34.0,2
2025-06-20,28.7,33.3,24.0,0.0,1.7,11.9,48.0,22.5,0.9238795325112868,0.3826834323650898,171,6,2025,34.0,29.0,3.0,8.0,33.285714285714285,19.83333333333333,0.1966728897935764,-0.980469160361632,34.0,2
2025-06-21,25.4,30.4,20.8,3.4,2.4,13.3,56.0,25.9,0.7071067811865476,0.7071067811865476,172,6,2025,34.0,34.0,5.0,5.0,34.0,20.866666666666667,0.1797665857255624,-0.9837092937736096,34.0,2
2025-06-22,25.5,30.8,18.8,0.0,1.4,5.3,58.0,29.3,1.0,6.123233995736766e-17,173,6,2025,34.0,34.0,9.0,5.0,34.0,21.83333333333333,0.1628070129385171,-0.986657932891657,34.0,2
2025-06-23,27.2,31.8,22.3,0.0,1.3,7.8,56.0,25.2,1.0,6.123233995736766e-17,174,6,2025,34.0,34.0,9.0,5.0,34.0,22.666666666666668,0.1457991969198751,-0.9893142039703664,34.0,2
2025-06-24,27.7,31.8,22.7,0.0,1.3,6.7,60.0,23.6,1.0,6.123233995736766e-17,175,6,2025,34.0,34.0,14.0,5.0,34.0,23.5,0.1287481774525813,-0.99167731989929,34.0,2
2025-06-25,29.0,33.5,23.9,0.0,1.3,5.6,57.0,20.8,-0.7071067811865475,-0.7071067811865477,176,6,2025,34.0,34.0,12.0,5.0,34.0,24.166666666666668,0.1116590071216951,-0.993746580436178,34.0,2
2025-06-26,27.9,31.2,25.0,0.6,1.7,7.7,53.0,22.8,0.9238795325112868,0.3826834323650898,177,6,2025,34.0,34.0,12.0,5.0,34.0,24.9,0.0945367498171991,-0.9955213724144752,34.0,2
2025-06-27,28.5,33.5,22.2,0.0,1.5,5.7,45.0,27.1,0.7071067811865476,0.7071067811865476,178,6,2025,34.0,34.0,14.0,5.0,34.0,25.633333333333333,0.077386479233463,-0.9970011699250152,34.0,2
2025-06-28,30.5,35.6,23.8,0.0,1.3,5.3,43.0,29.0,1.2246467991473532e-16,-1.0,179,6,2025,34.0,34.0,14.0,5.0,34.0,26.3,0.060213277365793,-0.9981855344718586,34.0,2
2025-06-29,30.2,34.8,25.1,0.0,1.9,5.8,50.0,27.7,0.9238795325112868,0.3826834323650898,180,6,2025,34.0,34.0,18.0,5.0,34.0,26.966666666666665,0.0430222330045305,-0.99907411510223,34.0,2
2025-06-30,28.6,32.8,25.0,0.0,1.9,11.3,55.0,16.7,1.0,6.123233995736766e-17,181,6,2025,34.0,34.0,24.0,12.0,34.0,27.5,0.025818440227133,-0.9996666485105112,34.0,2
2025-07-01,28.5,34.7,21.9,7.4,1.8,10.9,52.0,28.6,-0.7071067811865475,-0.7071067811865477,182,7,2025,34.0,34.0,23.0,5.0,34.0,27.83333333333333,0.0086069968886886,-0.9999629591162656,34.0,2
2025-07-02,25.7,30.9,21.3,4.8,1.5,7.4,64.0,18.5,-0.7071067811865475,-0.7071067811865477,183,7,2025,34.0,34.0,11.0,5.0,34.0,28.2,-0.008606996888688,-0.9999629591162656,8.0,2
2025-07-03,28.7,34.9,24.0,0.0,1.3,5.2,52.0,26.1,-0.3826834323650896,-0.9238795325112868,184,7,2025,8.0,34.0,11.0,5.0,30.285714285714285,28.1,-0.0258184402271323,-0.9996666485105112,8.0,2
2025-07-04,29.4,33.5,24.3,0.0,1.3,5.6,53.0,20.7,0.9238795325112868,0.3826834323650898,185,7,2025,8.0,34.0,9.0,5.0,26.571428571428573,28.0,-0.0430222330045303,-0.99907411510223,8.0,2
2025-07-05,25.4,28.2,21.2,4.8,2.2,8.9,66.0,22.4,0.9238795325112868,0.3826834323650898,186,7,2025,8.0,34.0,13.0,5.0,22.857142857142858,27.966666666666665,-0.0602132773657927,-0.9981855344718586,8.0,2
2025-07-06,24.8,29.8,20.1,0.0,1.9,8.3,64.0,21.4,0.3826834323650898,0.9238795325112868,187,7,2025,8.0,34.0,18.0,6.0,19.142857142857142,27.8,-0.0773864792334632,-0.9970011699250152,8.0,2
2025-07-07,24.1,30.8,19.1,0.0,1.8,11.7,56.0,28.6,0.7071067811865476,0.7071067811865476,188,7,2025,8.0,34.0,14.0,7.0,15.428571428571429,27.466666666666665,-0.0945367498171993,-0.9955213724144752,8.0,2
2025-07-08,23.0,28.6,17.6,0.0,2.9,14.1,37.0,30.9,-0.9238795325112866,0.38268343236509,189,7,2025,8.0,34.0,17.0,5.0,11.714285714285714,27.266666666666666,-0.1116590071216944,-0.993746580436178,8.0,2
2025-07-09,22.6,27.3,15.8,0.0,1.5,5.9,29.0,30.6,0.3826834323650899,-0.9238795325112868,190,7,2025,8.0,8.0,27.0,5.0,8.0,26.966666666666665,-0.1287481774525806,-0.99167731989929,8.0,2
2025-07-10,23.8,29.1,17.4,2.8,1.6,6.4,40.0,29.7,0.9238795325112868,0.3826834323650898,191,7,2025,8.0,8.0,26.0,14.0,8.0,26.33333333333333,-0.1457991969198744,-0.9893142039703664,8.0,2
2025-07-11,24.9,30.0,19.8,0.0,1.7,6.7,46.0,28.0,0.7071067811865476,0.7071067811865476,192,7,2025,8.0,8.0,28.0,12.0,8.0,25.73333333333333,-0.1628070129385164,-0.9866579328916572,8.0,2
2025-07-12,23.1,26.7,18.6,0.0,1.8,6.4,59.0,18.4,0.9238795325112868,0.3826834323650898,193,7,2025,8.0,8.0,31.0,5.0,8.0,25.066666666666663,-0.1797665857255621,-0.9837092937736098,6.0,2
2025-07-13,22.6,26.3,19.7,20.7,1.7,6.5,74.0,16.4,0.9238795325112868,0.3826834323650898,194,7,2025,6.0,8.0,29.0,5.0,7.714285714285714,24.23333333333333,-0.1966728897935762,-0.980469160361632,8.0,2
2025-07-14,25.3,30.3,20.3,0.0,1.3,5.8,64.0,21.6,0.9238795325112868,0.3826834323650898,195,7,2025,8.0,8.0,34.0,6.0,7.714285714285714,23.53333333333333,-0.2135209154397959,-0.9769384927771816,9.0,2
2025-07-15,27.1,31.4,22.0,0.0,1.7,6.7,60.0,27.1,0.9238795325112868,0.3826834323650898,196,7,2025,9.0,8.0,34.0,7.0,7.857142857142857,22.7,-0.2303056702306119,-0.973118337233262,10.0,2
2025-07-16,27.8,33.2,22.1,0.0,1.7,6.6,47.0,28.4,0.9238795325112868,0.3826834323650898,197,7,2025,10.0,8.0,34.0,7.0,8.142857142857142,21.9,-0.2470221804809352,-0.9690098257244064,7.0,2
2025-07-17,27.5,32.6,22.2,0.0,1.9,7.5,52.0,27.7,0.7071067811865476,0.7071067811865476,198,7,2025,7.0,8.0,34.0,8.0,8.0,21.0,-0.2636654927280072,-0.9646141756912436,9.0,2
2025-07-18,26.4,30.2,22.5,0.0,2.1,6.2,52.0,26.8,0.7071067811865476,0.7071067811865476,199,7,2025,9.0,8.0,34.0,11.0,8.142857142857142,20.166666666666668,-0.2802306751992161,-0.9599326896597444,6.0,2
2025-07-19,25.1,27.6,23.2,0.0,1.7,5.2,63.0,11.1,0.9238795325112868,0.3826834323650898,200,7,2025,6.0,6.0,34.0,13.0,7.857142857142857,19.23333333333333,-0.2967128192734901,-0.9549667548552552,10.0,2
2025-07-20,24.8,29.5,22.3,0.4,1.7,6.9,69.0,16.7,0.7071067811865476,0.7071067811865476,201,7,2025,10.0,8.0,34.0,7.0,8.428571428571429,18.433333333333334,-0.3131070409358267,-0.9497178427914316,7.0,2
2025-07-21,24.8,29.6,20.5,1.6,2.1,7.7,63.0,26.3,0.7071067811865476,0.7071067811865476,202,7,2025,7.0,9.0,34.0,7.0,8.285714285714286,17.533333333333335,-0.3294084822245302,-0.9441875088341994,5.0,2
2025-07-22,26.6,32.5,20.4,0.0,1.4,5.6,48.0,28.7,0.7071067811865476,0.7071067811865476,203,7,2025,5.0,10.0,34.0,5.0,7.714285714285714,16.566666666666666,-0.3456123126707333,-0.9383773917408642,4.0,2
2025-07-23,23.6,29.4,19.4,10.5,1.7,15.4,68.0,18.2,0.7071067811865476,0.7071067811865476,204,7,2025,4.0,7.0,34.0,9.0,6.857142857142857,15.566666666666666,-0.3617137307297674,-0.9322892131745134,5.0,2
2025-07-24,22.3,28.3,19.0,25.1,1.8,8.6,73.0,20.3,0.3826834323650898,0.9238795325112868,205,7,2025,5.0,9.0,34.0,11.0,6.571428571428571,14.6,-0.3777079652039646,-0.92592477719385,6.0,2
2025-07-25,20.6,24.0,17.6,1.4,1.6,5.3,69.0,17.3,0.9238795325112868,0.3826834323650898,206,7,2025,6.0,6.0,34.0,9.0,6.142857142857143,13.666666666666666,-0.3935902766564664,-0.9192859697186104,6.0,2
2025-07-26,21.7,25.6,18.1,0.2,1.4,5.2,65.0,19.0,0.9238795325112868,0.3826834323650898,207,7,2025,6.0,10.0,34.0,9.0,6.142857142857143,12.733333333333333,-0.4093559588156211,-0.9123747579707274,6.0,2
2025-07-27,24.9,31.4,18.4,0.0,1.4,6.0,54.0,24.3,-0.3826834323650896,-0.9238795325112868,208,7,2025,6.0,7.0,34.0,10.0,5.571428571428571,11.8,-0.4250003399695539,-0.9051931898913976,6.0,2
2025-07-28,24.8,30.2,19.5,0.0,1.8,9.7,43.0,27.3,0.9238795325112868,0.3826834323650898,209,7,2025,6.0,5.0,34.0,12.0,5.428571428571429,10.866666666666667,-0.4405187843504952,-0.8977433935342336,6.0,2
2025-07-29,24.7,28.8,20.1,0.0,1.6,7.0,33.0,26.8,1.0,6.123233995736766e-17,210,7,2025,6.0,4.0,34.0,10.0,5.571428571428571,9.933333333333334,-0.455906693508459,-0.8900275764346766,6.0,2
2025-07-30,22.8,26.3,19.2,0.0,2.2,8.5,53.0,23.1,0.9238795325112868,0.3826834323650898,211,7,2025,6.0,5.0,34.0,11.0,5.857142857142857,9.0,-0.4711595076738639,-0.8820480249558535,6.0,2
2025-07-31,24.3,29.3,18.5,0.0,1.4,5.7,54.0,20.7,0.9238795325112868,0.3826834323650898,212,7,2025,6.0,6.0,34.0,13.0,6.0,8.066666666666666,-0.4862727071086902,-0.8738071036110807,6.0,2
2025-08-01,23.3,27.4,20.4,0.0,2.0,7.9,63.0,21.3,0.7071067811865476,0.7071067811865476,213,8,2025,6.0,6.0,8.0,16.0,6.0,7.133333333333334,-0.5012418134457756,-0.8653072543632061,6.0,2
2025-08-02,22.0,26.1,19.0,0.0,1.9,6.4,67.0,20.2,0.7071067811865476,0.7071067811865476,214,8,2025,6.0,6.0,8.0,12.0,6.0,7.066666666666666,-0.5160623910158526,-0.8565509959010037,4.0,2
2025-08-03,23.4,28.1,17.9,1.4,1.5,5.6,48.0,27.1,1.0,6.123233995736766e-17,215,8,2025,4.0,6.0,8.0,9.0,5.714285714285714,6.933333333333334,-0.5307300481619331,-0.8475409228928312,2.0,2
2025-08-04,24.0,29.6,18.4,0.0,1.3,4.9,49.0,22.6,0.7071067811865476,0.7071067811865476,216,8,2025,2.0,6.0,8.0,11.0,5.142857142857143,6.733333333333333,-0.5452404385406507,-0.8382797052177745,5.0,2
2025-08-05,24.8,29.9,19.4,0.0,1.7,6.0,58.0,24.6,0.7071067811865476,0.7071067811865476,217,8,2025,5.0,6.0,8.0,10.0,5.0,6.633333333333334,-0.5595892624101763,-0.828770087174504,7.0,2
2025-08-06,24.7,27.9,21.1,0.0,2.0,7.1,63.0,18.3,0.7071067811865476,0.7071067811865476,218,8,2025,7.0,6.0,8.0,11.0,5.142857142857143,6.6,-0.5737722679043243,-0.8190148866680802,7.0,2
2025-08-07,25.1,29.2,21.8,0.0,1.6,5.7,61.0,17.9,0.9238795325112868,0.3826834323650898,219,8,2025,7.0,6.0,8.0,6.0,5.285714285714286,6.566666666666666,-0.5877852522924734,-0.8090169943749472,6.0,2
2025-08-08,27.0,31.9,21.4,0.0,1.2,5.1,59.0,23.1,1.0,6.123233995736766e-17,220,8,2025,6.0,6.0,8.0,6.0,5.285714285714286,6.5,-0.6016240632249227,-0.7987793728863648,10.0,2
2025-08-09,28.9,34.7,23.1,0.0,1.1,4.8,56.0,24.8,0.9238795325112868,0.3826834323650898,221,8,2025,10.0,4.0,8.0,8.0,5.857142857142857,6.566666666666666,-0.6152845999633277,-0.7883050558305253,11.0,2
2025-08-10,30.1,36.3,24.3,0.0,1.2,4.9,55.0,24.1,0.9238795325112868,0.3826834323650898,222,8,2025,11.0,2.0,8.0,10.0,6.857142857142857,6.666666666666667,-0.6287628145958345,-0.7775971469736268,14.0,2
2025-08-11,30.0,34.2,25.7,0.0,1.7,6.3,51.0,24.4,0.9238795325112868,0.3826834323650898,223,8,2025,14.0,5.0,6.0,11.0,8.571428571428571,6.866666666666666,-0.6420547132365636,-0.7666588193001592,12.0,2
2025-08-12,29.7,35.0,24.8,0.0,1.4,5.6,54.0,23.0,0.9238795325112868,0.3826834323650898,224,8,2025,12.0,7.0,8.0,11.0,9.571428571428571,7.066666666666666,-0.655156357209085,-0.7554933140726804,15.0,2
2025-08-13,30.2,35.7,25.3,0.0,1.4,6.0,55.0,23.4,0.0,1.0,225,8,2025,15.0,7.0,9.0,7.0,10.714285714285714,7.3,-0.6680638642135333,-0.7441039398713608,15.0,2
2025-08-14,30.4,35.7,26.7,0.0,1.5,6.2,48.0,21.0,0.9238795325112868,0.3826834323650898,226,8,2025,15.0,6.0,10.0,5.0,11.857142857142858,7.5,-0.6807734094770159,-0.7324940716135792,15.0,2
2025-08-15,29.7,34.8,24.2,0.0,1.3,5.4,43.0,22.3,0.9238795325112868,0.3826834323650898,227,8,2025,15.0,10.0,7.0,5.0,13.142857142857142,7.666666666666667,-0.6932812268869771,-0.7206671495538615,9.0,2
2025-08-16,29.7,35.6,24.3,0.0,1.5,9.2,44.0,23.7,0.9238795325112868,0.3826834323650898,228,8,2025,9.0,11.0,9.0,5.0,13.0,7.733333333333333,-0.7055836101071774,-0.70862667826446,8.0,2
2025-08-17,28.7,33.6,23.3,0.0,1.8,5.5,43.0,23.9,0.7071067811865476,0.7071067811865476,229,8,2025,8.0,14.0,6.0,8.0,12.571428571428571,7.7,-0.7176769136759615,-0.6963762255968726,7.0,2
2025-08-18,27.0,30.9,23.3,0.0,2.2,8.7,56.0,20.0,0.7071067811865476,0.7071067811865476,230,8,2025,7.0,12.0,10.0,5.0,11.571428571428571,7.733333333333333,-0.7295575540864876,-0.6839194216246105,7.0,2
2025-08-19,24.8,28.8,21.4,1.2,1.9,8.1,66.0,13.7,0.7071067811865476,0.7071067811865476,231,8,2025,7.0,15.0,7.0,5.0,10.857142857142858,7.633333333333334,-0.7412220108485957,-0.6712599575675315,12.0,2
2025-08-20,20.5,23.3,17.5,25.3,1.4,12.8,82.0,6.7,0.9238795325112868,0.3826834323650898,232,8,2025,12.0,15.0,5.0,5.0,10.428571428571429,7.8,-0.7526668275320083,-0.6584015846980489,7.0,2
2025-08-21,21.6,27.1,17.9,2.0,1.5,8.1,69.0,20.4,-0.7071067811865475,-0.7071067811865477,233,8,2025,7.0,15.0,4.0,11.0,9.285714285714286,7.866666666666666,-0.7638886127905429,-0.64534811322955,6.0,2
2025-08-22,24.2,30.3,17.0,0.0,1.6,6.1,55.0,24.3,-0.3826834323650896,-0.9238795325112868,234,8,2025,6.0,9.0,5.0,13.0,8.0,7.933333333333334,-0.7748840413670406,-0.6321034111873488,5.0,2
2025-08-23,23.8,27.2,20.5,0.0,1.8,5.8,63.0,18.9,0.9238795325112868,0.3826834323650898,235,8,2025,5.0,8.0,6.0,15.0,7.428571428571429,7.933333333333334,-0.7856498550787144,-0.6186714032625032,8.0,2
2025-08-24,20.8,22.5,18.8,0.0,2.2,8.2,76.0,7.2,0.7071067811865476,0.7071067811865476,236,8,2025,8.0,7.0,6.0,13.0,7.428571428571429,8.0,-0.7961828637826154,-0.6050560696488494,8.0,2
2025-08-25,22.5,26.2,19.3,0.0,1.1,4.7,64.0,15.8,0.3826834323650899,-0.9238795325112868,237,8,2025,8.0,7.0,6.0,12.0,7.571428571428571,8.066666666666666,-0.8064799463209447,-0.5912614448635782,7.0,2
2025-08-26,23.9,29.0,18.8,0.0,1.4,5.2,61.0,21.9,0.9238795325112868,0.3826834323650898,238,8,2025,7.0,12.0,6.0,10.0,7.571428571428571,8.1,-0.8165380514459157,-0.5772916165517278,7.0,2
2025-08-27,22.2,24.4,20.2,5.3,1.7,5.2,79.0,7.5,0.3826834323650898,0.9238795325112868,239,8,2025,7.0,7.0,6.0,9.0,6.857142857142857,8.133333333333333,-0.8263541987239094,-0.5631507242749187,7.0,2
2025-08-28,20.4,22.0,19.6,26.0,1.4,6.3,92.0,4.3,0.7071067811865476,0.7071067811865476,240,8,2025,7.0,6.0,6.0,17.0,6.857142857142857,8.166666666666666,-0.8359254794186365,-0.5488429582847199,6.0,2
2025-08-29,21.0,26.4,16.3,2.2,1.8,8.3,74.0,20.1,0.3826834323650898,0.9238795325112868,241,8,2025,6.0,5.0,6.0,16.0,6.857142857142857,8.166666666666666,-0.8452490573530634,-0.5343725582809785,4.0,2
2025-08-30,20.7,25.9,16.2,0.0,1.3,5.6,60.0,23.3,-0.3826834323650896,-0.9238795325112868,242,8,2025,4.0,8.0,6.0,18.0,6.714285714285714,8.1,-0.8543221697498269,-0.5197438121555157,6.0,2
2025-08-31,21.9,27.0,16.1,0.0,1.3,5.9,59.0,21.2,1.0,6.123233995736766e-17,243,8,2025,6.0,8.0,6.0,19.0,6.428571428571429,8.1,-0.8631421280499115,-0.5049610547215202,3.0,2
2025-09-01,18.9,21.2,17.9,5.4,1.3,5.0,85.0,4.5,0.3826834323650898,0.9238795325112868,244,9,2025,3.0,7.0,4.0,16.0,5.714285714285714,8.0,-0.8717063187093217,-0.4900286664290594,5.0,3
2025-09-02,20.7,24.7,17.0,0.0,1.1,4.7,71.0,14.6,0.3826834323650898,0.9238795325112868,245,9,2025,5.0,7.0,2.0,9.0,5.428571428571429,8.033333333333333,-0.8800122039735356,-0.4749510720670502,6.0,3
2025-09-03,21.8,26.9,16.8,0.0,1.1,4.1,65.0,18.7,0.7071067811865476,0.7071067811865476,246,9,2025,6.0,7.0,5.0,9.0,5.285714285714286,8.166666666666666,-0.888057322629493,-0.4597327394521046,3.0,3
2025-09-04,21.5,26.3,18.1,1.2,1.4,7.3,70.0,11.1,0.9238795325112868,0.3826834323650898,247,9,2025,3.0,6.0,7.0,6.0,4.714285714285714,8.1,-0.8958392907349089,-0.4443781781046134,7.0,3
2025-09-05,21.9,27.7,16.7,0.0,1.3,6.5,63.0,21.7,0.9238795325112868,0.3826834323650898,248,9,2025,7.0,4.0,7.0,5.0,4.857142857142857,8.1,-0.9033558023246842,-0.4288919379124841,6.0,3
2025-09-06,22.0,27.1,17.3,0.0,1.1,5.4,51.0,21.5,1.0,6.123233995736766e-17,249,9,2025,6.0,6.0,6.0,6.0,5.142857142857143,8.066666666666666,-0.9106046300942162,-0.4132786077829044,4.0,3
2025-09-07,22.2,28.0,17.1,0.0,1.0,5.2,57.0,20.9,0.9238795325112868,0.3826834323650898,250,9,2025,4.0,3.0,10.0,8.0,4.857142857142857,8.0,-0.9175836260593934,-0.3975428142825566,7.0,3
2025-09-08,21.4,24.9,18.3,0.0,1.3,5.2,68.0,11.2,0.9238795325112868,0.3826834323650898,251,9,2025,7.0,5.0,11.0,8.0,5.428571428571429,7.9,-0.9242907221930934,-0.3816892202666586,10.0,3
2025-09-09,21.6,25.7,16.8,22.3,1.3,7.9,74.0,10.7,0.9238795325112868,0.3826834323650898,252,9,2025,10.0,6.0,14.0,5.0,6.142857142857143,7.866666666666666,-0.9307239310379792,-0.3657225234972692,12.0,3
2025-09-10,20.2,24.1,17.4,0.0,1.3,4.7,78.0,11.4,0.7071067811865476,0.7071067811865476,253,9,2025,12.0,3.0,12.0,5.0,7.0,7.8,-0.9368813462954316,-0.3496474552512282,6.0,3
2025-09-11,21.3,26.3,17.1,0.0,0.9,4.2,70.0,12.7,0.9238795325112868,0.3826834323650898,254,9,2025,6.0,7.0,15.0,10.0,7.428571428571429,7.6,-0.9427611433904206,-0.333468778918187,8.0,3
2025-09-12,21.6,26.0,17.5,0.0,1.2,5.0,66.0,16.5,0.7071067811865476,0.7071067811865476,255,9,2025,8.0,6.0,15.0,8.0,7.571428571428571,7.366666666666666,-0.9483615800121716,-0.3171912885891059,8.0,3
2025-09-13,19.7,21.7,17.0,0.0,1.2,4.4,79.0,7.4,0.7071067811865476,0.7071067811865476,256,9,2025,8.0,4.0,15.0,5.0,7.857142857142857,7.133333333333334,-0.9536809966304456,-0.300819807635668,7.0,3
2025-09-14,20.8,25.3,17.1,0.0,1.1,4.8,68.0,14.8,-0.3826834323650896,-0.9238795325112868,257,9,2025,7.0,7.0,9.0,5.0,8.285714285714286,6.866666666666666,-0.9587178169872964,-0.2843591872810036,9.0,3
2025-09-15,21.5,25.5,17.3,0.0,1.2,4.5,72.0,13.8,0.9238795325112868,0.3826834323650898,258,9,2025,9.0,10.0,8.0,8.0,8.571428571428571,6.866666666666666,-0.9634705485641486,-0.2678143051621748,7.0,3
2025-09-16,22.6,27.8,18.6,0.0,0.9,4.0,70.0,16.6,0.7071067811865476,0.7071067811865476,259,9,2025,7.0,12.0,7.0,8.0,8.142857142857142,6.833333333333333,-0.9679377830240642,-0.2511900638848195,11.0,3
2025-09-17,20.8,25.5,17.3,0.0,1.2,7.5,66.0,14.0,0.7071067811865476,0.7071067811865476,260,9,2025,11.0,6.0,7.0,7.0,8.0,6.966666666666667,-0.9721181966290612,-0.2344913895704105,10.0,3
2025-09-18,21.3,26.1,17.3,0.0,1.1,3.9,72.0,13.1,0.9238795325112868,0.3826834323650898,261,9,2025,10.0,8.0,12.0,5.0,8.571428571428571,7.066666666666666,-0.9760105506323682,-0.2177232303965322,13.0,3
2025-09-19,22.9,28.1,17.6,0.0,1.0,4.5,68.0,17.9,0.9238795325112868,0.3826834323650898,262,9,2025,13.0,8.0,7.0,8.0,9.285714285714286,7.1,-0.97961369164549,-0.2008905551306352,15.0,3
2025-09-20,23.8,28.4,18.8,0.0,1.1,4.2,67.0,16.0,0.7071067811865476,0.7071067811865476,263,9,2025,15.0,7.0,6.0,11.0,10.285714285714286,7.366666666666666,-0.9829265519799822,-0.1839983516576798,18.0,3
2025-09-21,21.7,25.2,18.0,38.8,1.7,15.9,79.0,11.8,0.3826834323650898,0.9238795325112868,264,9,2025,18.0,9.0,5.0,12.0,11.857142857142858,7.766666666666667,-0.9859481499638304,-0.1670516255021195,17.0,3
2025-09-22,18.6,21.6,17.4,34.3,1.6,5.0,90.0,6.7,0.7071067811865476,0.7071067811865476,265,9,2025,17.0,7.0,8.0,15.0,13.0,8.166666666666666,-0.9886775902323404,-0.1500553983446526,4.0,3
2025-09-23,19.2,23.9,15.4,0.0,1.7,5.9,71.0,15.0,0.7071067811865476,0.7071067811865476,266,9,2025,4.0,11.0,8.0,11.0,12.571428571428571,8.033333333333333,-0.9911140639934546,-0.1330147065341963,5.0,3
2025-09-24,15.0,17.6,12.2,0.0,1.7,9.6,68.0,8.9,0.3826834323650898,0.9238795325112868,267,9,2025,5.0,10.0,7.0,10.0,11.714285714285714,7.933333333333334,-0.9932568492674144,-0.1159345995955006,3.0,3
2025-09-25,14.4,19.0,10.2,0.6,1.6,5.2,70.0,15.8,0.7071067811865476,0.7071067811865476,268,9,2025,3.0,13.0,7.0,9.0,10.714285714285714,7.8,-0.9951053111006974,-0.0988201387328721,6.0,3
2025-09-26,13.0,15.5,11.5,3.6,1.5,4.8,84.0,4.4,0.7071067811865476,0.7071067811865476,269,9,2025,6.0,15.0,7.0,12.0,9.714285714285714,7.766666666666667,-0.99665890175417,-0.0816763953304228,3.0,3
2025-09-27,14.2,17.1,12.3,0.0,1.6,6.3,78.0,11.4,0.7071067811865476,0.7071067811865476,270,9,2025,3.0,18.0,6.0,8.0,8.0,7.633333333333334,-0.9979171608653922,-0.0645084494493162,5.0,3
2025-09-28,15.9,21.8,10.5,0.0,0.8,4.8,65.0,16.8,-0.3826834323650896,-0.9238795325112868,271,9,2025,5.0,17.0,4.0,5.0,6.142857142857143,7.6,-0.9988797155850336,-0.0473213883224323,5.0,3
2025-09-29,16.8,22.9,11.0,0.0,0.9,3.7,63.0,17.3,0.9238795325112868,0.3826834323650898,272,9,2025,5.0,4.0,6.0,5.0,4.428571428571429,7.633333333333334,-0.9995462806873572,-0.0301203048469083,9.0,3
2025-09-30,17.1,21.5,13.5,0.0,0.9,3.8,67.0,12.0,0.9238795325112868,0.3826834323650898,273,9,2025,9.0,5.0,3.0,6.0,5.142857142857143,7.733333333333333,-0.999916658654738,-0.0129102960750088,10.0,3
2025-10-01,15.9,19.1,14.0,0.0,1.7,5.7,76.0,9.9,0.7071067811865476,0.7071067811865476,274,10,2025,10.0,3.0,5.0,9.0,5.857142857142857,7.966666666666667,-0.99999073973619,0.0043035382962438,9.0,3
2025-10-02,15.4,19.1,11.3,0.0,1.3,4.9,57.0,15.0,0.3826834323650898,0.9238795325112868,275,10,2025,9.0,6.0,6.0,17.0,6.714285714285714,8.1,-0.9997685019798908,0.0215160974362222,7.0,3
2025-10-03,13.9,17.9,10.5,0.0,1.0,4.1,65.0,12.1,0.9238795325112868,0.3826834323650898,276,10,2025,7.0,3.0,3.0,6.0,6.857142857142857,8.133333333333333,-0.9992500112396836,0.0387222808921739,10.0,3
2025-10-04,13.4,17.6,10.5,0.0,1.2,4.6,71.0,8.5,0.9238795325112868,0.3826834323650898,277,10,2025,10.0,5.0,7.0,6.0,7.857142857142857,8.366666666666667,-0.9984354211555644,0.055916990100603,14.0,3
2025-10-05,16.3,22.5,10.4,0.0,1.7,10.7,49.0,16.7,-1.0,-1.8369701987210292e-16,278,10,2025,14.0,5.0,6.0,8.0,9.142857142857142,8.6,-0.9973249731081556,0.0730951298980777,4.0,3
2025-10-06,15.0,21.6,8.5,0.0,0.8,4.4,53.0,15.9,1.0,6.123233995736766e-17,279,10,2025,4.0,9.0,4.0,9.0,9.0,8.533333333333333,-0.9959189961471792,0.0902516100310407,7.0,3
2025-10-07,16.7,24.0,10.6,0.0,0.8,4.4,52.0,15.4,-0.7071067811865475,-0.7071067811865477,280,10,2025,7.0,10.0,7.0,10.0,8.714285714285714,8.633333333333333,-0.994217906893952,0.107381346664163,9.0,3
2025-10-08,16.3,21.4,11.6,0.0,1.0,3.6,65.0,13.3,0.9238795325112868,0.3826834323650898,281,10,2025,9.0,9.0,10.0,10.0,8.571428571428571,8.7,-0.9922222094179324,0.1244792638867886,20.0,3
2025-10-09,16.5,21.6,11.8,0.0,0.8,3.6,70.0,13.3,0.9238795325112868,0.3826834323650898,282,10,2025,20.0,7.0,12.0,10.0,10.142857142857142,9.033333333333331,-0.989932495087353,0.141540295217043,30.0,3
2025-10-10,17.9,23.2,13.7,0.0,0.7,3.4,68.0,13.2,-0.3826834323650896,-0.9238795325112868,283,10,2025,30.0,10.0,6.0,10.0,13.428571428571429,9.633333333333333,-0.9873494423939864,0.1585593851031347,33.0,3
2025-10-11,17.5,22.3,12.7,0.0,0.8,3.9,72.0,12.5,0.9238795325112868,0.3826834323650898,284,10,2025,33.0,14.0,8.0,6.0,16.714285714285715,10.533333333333331,-0.9844738167520924,0.1755314904214277,30.0,3
2025-10-12,18.1,21.7,15.4,0.0,0.8,3.2,72.0,8.1,1.0,6.123233995736766e-17,285,10,2025,30.0,4.0,8.0,10.0,19.0,11.266666666666667,-0.9813064702716092,0.1924515819708299,35.0,3
2025-10-13,17.1,19.0,14.9,0.0,0.9,3.1,77.0,4.4,0.9238795325112868,0.3826834323650898,286,10,2025,35.0,7.0,7.0,15.0,23.428571428571427,12.166666666666666,-0.9778483415056568,0.2093146459630488,27.0,3
2025-10-14,16.2,18.8,14.3,0.0,1.1,3.3,80.0,6.1,0.7071067811865476,0.7071067811865476,287,10,2025,27.0,9.0,9.0,15.0,26.285714285714285,12.833333333333334,-0.9741004551724206,0.226115685508288,26.0,3
2025-10-15,15.9,19.6,13.8,0.0,0.8,3.7,78.0,6.0,0.9238795325112868,0.3826834323650898,288,10,2025,26.0,20.0,7.0,17.0,28.714285714285715,13.4,-0.970063921851507,0.2428497220959358,24.0,3
2025-10-16,15.7,18.5,14.2,0.0,1.1,4.1,72.0,8.6,0.9238795325112868,0.3826834323650898,289,10,2025,24.0,30.0,11.0,9.0,29.285714285714285,13.966666666666669,-0.965739937654855,0.2595117970697994,16.0,3
2025-10-17,15.1,18.6,12.6,0.0,1.0,4.0,67.0,8.4,0.9238795325112868,0.3826834323650898,290,10,2025,16.0,33.0,10.0,5.0,27.285714285714285,14.133333333333333,-0.9611297838723007,0.2760969730974688,12.0,3
2025-10-18,14.6,19.3,10.1,0.0,1.0,4.0,66.0,12.1,0.9238795325112868,0.3826834323650898,291,10,2025,12.0,30.0,13.0,5.0,24.285714285714285,14.2,-0.9562348265919058,0.2926003356333479,13.0,3
2025-10-19,14.9,17.5,13.1,0.0,1.2,4.4,63.0,6.2,0.7071067811865476,0.7071067811865476,292,10,2025,13.0,35.0,15.0,5.0,21.857142857142858,14.2,-0.9510565162951536,0.3090169943749472,16.0,3
2025-10-20,12.1,13.6,11.3,2.8,1.1,3.4,83.0,1.2,0.9238795325112868,0.3826834323650898,293,10,2025,16.0,27.0,18.0,5.0,19.142857142857142,14.233333333333333,-0.9455963874271428,0.3253420847119795,20.0,3
2025-10-21,13.0,16.8,10.5,0.0,1.2,4.1,77.0,9.1,-0.7071067811865475,-0.7071067811865477,294,10,2025,20.0,26.0,17.0,10.0,18.142857142857142,14.3,-0.9398560579418952,0.341570769167856,17.0,3
2025-10-22,14.4,18.2,11.6,0.0,0.9,4.2,74.0,9.5,-0.3826834323650896,-0.9238795325112868,295,10,2025,17.0,24.0,4.0,13.0,16.857142857142858,14.3,-0.9338372288229252,0.3576982388331254,14.0,3
2025-10-23,14.3,17.8,11.7,3.4,2.5,14.3,69.0,6.3,-1.0,-1.8369701987210292e-16,296,10,2025,14.0,16.0,5.0,16.0,15.428571428571429,14.633333333333333,-0.9275416835791964,0.3737197147904692,10.0,3
2025-10-24,15.8,19.5,10.7,0.0,3.2,12.9,29.0,5.4,-1.0,-1.8369701987210292e-16,297,10,2025,10.0,12.0,3.0,8.0,14.571428571428571,14.8,-0.9209712877166348,0.3896304495307877,0.0,3
2025-10-25,12.2,15.8,7.7,0.0,1.1,4.5,54.0,4.5,0.7071067811865476,0.7071067811865476,298,10,2025,0.0,13.0,6.0,9.0,12.857142857142858,14.7,-0.9141279881853336,0.4054257283599973,6.0,3
2025-10-26,13.0,18.7,7.9,0.0,2.0,8.2,47.0,3.6,-0.9238795325112866,0.38268343236509,299,10,2025,6.0,16.0,3.0,5.0,11.857142857142858,14.7,-0.9070138128026362,0.4211008707960891,6.0,3
2025-10-27,12.1,18.2,7.0,0.0,1.1,5.0,42.0,2.7,0.7071067811865476,0.7071067811865476,300,10,2025,6.0,20.0,5.0,5.0,10.428571428571429,14.8,-0.8996308696522434,0.4366512319560638,6.0,3
2025-10-28,13.6,19.9,8.3,0.0,1.0,4.4,55.0,1.7999999999999998,-0.3826834323650896,-0.9238795325112868,301,10,2025,6.0,17.0,5.0,8.0,8.428571428571429,14.833333333333334,-0.8919813464595487,0.4520722039323037,9.0,3
2025-10-29,11.6,13.1,10.2,1.4,1.2,5.1,81.0,0.9,0.3826834323650898,0.9238795325112868,302,10,2025,9.0,14.0,9.0,13.0,7.285714285714286,14.966666666666669,-0.8840675099433637,0.467359217158002,15.0,3
2025-10-30,13.1,17.6,10.6,4.6,0.9,3.9,80.0,5.7,-0.3826834323650895,0.9238795325112868,303,10,2025,15.0,10.0,10.0,14.0,7.428571428571429,15.166666666666666,-0.8758917051442433,0.4825077417612176,15.0,3
2025-10-31,14.9,17.8,12.8,0.0,0.8,3.9,81.0,6.7,0.7071067811865476,0.7071067811865476,304,10,2025,15.0,0.0,9.0,16.0,8.142857142857142,15.333333333333334,-0.8674563547295971,0.4975132889071803,12.0,3
2025-11-01,15.2,18.4,13.0,0.0,0.6,3.3,84.0,6.2,0.0,1.0,305,11,2025,12.0,6.0,7.0,19.0,9.857142857142858,15.433333333333334,-0.858763958275803,0.5123714121284235,13.0,3
2025-11-02,13.7,16.5,10.5,0.0,1.0,5.8,89.0,3.6,0.7071067811865476,0.7071067811865476,306,11,2025,13.0,6.0,10.0,20.0,10.857142857142858,15.633333333333333,-0.8498170915275277,0.5270777086423724,15.0,3
2025-11-03,13.1,19.0,7.5,0.0,0.8,4.2,61.0,10.0,-0.3826834323650896,-0.9238795325112868,307,11,2025,15.0,6.0,14.0,24.0,12.142857142857142,15.8,-0.8406184056344783,0.5416278206559811,4.0,3
2025-11-04,11.5,17.1,7.4,0.0,0.8,3.1,61.0,10.1,0.9238795325112868,0.3826834323650898,308,11,2025,4.0,9.0,4.0,26.0,11.857142857142858,15.466666666666669,-0.8311706263658079,0.5560174366570446,7.0,3
2025-11-05,11.0,16.9,7.1,0.0,0.8,3.4,65.0,10.1,-0.3826834323650895,0.9238795325112868,309,11,2025,7.0,15.0,7.0,25.0,11.571428571428571,15.566666666666666,-0.8214765533024145,0.5702422926917867,5.0,3
2025-11-06,10.5,15.5,7.0,0.0,0.8,3.8,64.0,7.7,-0.3826834323650896,-0.9238795325112868,310,11,2025,5.0,15.0,9.0,30.0,10.142857142857142,15.5,-0.8115390590073611,0.5842981736283683,5.0,3
2025-11-07,10.0,13.7,7.3,0.0,0.8,3.6,65.0,5.1,0.9238795325112868,0.3826834323650898,311,11,2025,5.0,12.0,20.0,31.0,8.714285714285714,15.366666666666667,-0.801361088174677,0.5981809144059158,16.0,3
2025-11-08,9.6,14.2,6.0,0.0,0.8,3.9,68.0,9.1,-0.3826834323650895,0.9238795325112868,312,11,2025,16.0,13.0,30.0,36.0,9.285714285714286,15.233333333333333,-0.7909456567567774,0.6118864012687242,19.0,3
2025-11-09,9.7,14.0,6.5,0.0,1.0,3.9,70.0,8.3,-0.3826834323650896,-0.9238795325112868,313,11,2025,19.0,15.0,33.0,46.0,10.142857142857142,14.866666666666667,-0.780295851070776,0.6254105729852457,24.0,3
2025-11-10,10.0,15.6,5.0,0.0,0.9,3.6,70.0,8.6,-0.7071067811865475,-0.7071067811865477,314,11,2025,24.0,4.0,30.0,39.0,11.428571428571429,14.566666666666666,-0.7694148268839381,0.6387494220515268,24.0,3
2025-11-11,10.9,16.4,6.2,0.0,0.8,2.7,66.0,8.2,-0.3826834323650896,-0.9238795325112868,315,11,2025,24.0,7.0,35.0,33.0,14.285714285714286,14.366666666666667,-0.7583058084785625,0.6518989958787125,10.0,3
2025-11-12,11.1,16.5,7.0,0.0,0.6,3.0,67.0,7.8,0.0,1.0,316,11,2025,10.0,5.0,27.0,18.0,14.714285714285714,13.533333333333331,-0.7469720876965551,0.6648553979642866,10.0,3
2025-11-13,11.6,16.4,7.5,0.0,0.8,3.0,68.0,8.0,-0.3826834323650896,-0.9238795325112868,317,11,2025,10.0,5.0,26.0,21.0,15.428571428571429,12.966666666666669,-0.7354170229639858,0.6776147890466887,29.0,3
2025-11-14,12.4,14.4,10.7,0.0,0.7,2.7,66.0,2.7,0.9238795325112868,0.3826834323650898,318,11,2025,29.0,16.0,24.0,36.0,18.857142857142858,13.066666666666666,-0.7236440382959124,0.690173388242972,25.0,3
2025-11-15,10.5,12.2,9.9,0.8,1.1,4.7,96.0,0.7,0.3826834323650898,0.9238795325112868,319,11,2025,25.0,19.0,16.0,36.0,20.142857142857142,13.1,-0.711656622281775,0.7025274741691566,22.0,3
2025-11-16,10.8,11.3,10.3,3.0,0.9,2.8,99.0,0.8,0.7071067811865476,0.7071067811865476,320,11,2025,22.0,24.0,12.0,36.0,20.571428571428573,13.3,-0.6994583270516471,0.7146733860429608,13.0,3
2025-11-17,11.2,14.7,8.9,0.4,0.9,3.7,92.0,6.2,0.7071067811865476,0.7071067811865476,321,11,2025,13.0,24.0,13.0,56.0,19.0,13.333333333333334,-0.6870527672236675,0.7266075247685652,13.0,3
2025-11-18,8.8,11.1,6.4,0.0,1.1,5.7,74.0,2.6,0.9238795325112868,0.3826834323650898,322,11,2025,13.0,10.0,16.0,56.0,17.428571428571427,13.333333333333334,-0.6744436188329457,0.7383263540031063,13.0,3
2025-11-19,6.6,8.0,5.9,0.0,1.5,4.8,78.0,3.3,0.7071067811865476,0.7071067811865476,323,11,2025,13.0,10.0,20.0,56.0,17.857142857142858,13.233333333333333,-0.661634618242279,0.749826401204568,10.0,3
2025-11-20,6.7,9.8,4.7,0.0,1.0,4.3,72.0,6.8,0.0,1.0,324,11,2025,10.0,29.0,17.0,56.0,17.857142857142858,12.9,-0.6486295610349818,0.7611042586607742,10.0,3
2025-11-21,5.3,7.4,2.7,0.6,1.8,7.6,62.0,3.6,0.7071067811865476,0.7071067811865476,325,11,2025,10.0,25.0,14.0,8.0,15.142857142857142,12.666666666666666,-0.6354323008901775,0.7721565844991641,10.0,3
2025-11-22,5.4,10.4,1.6,0.0,0.9,4.6,54.0,8.2,-0.3826834323650896,-0.9238795325112868,326,11,2025,10.0,22.0,10.0,8.0,13.0,12.533333333333331,-0.622046748440868,0.7829801036770624,10.0,3
2025-11-23,3.5,6.9,0.2,0.0,0.9,3.5,64.0,7.2,0.0,1.0,327,11,2025,10.0,13.0,0.0,8.0,11.285714285714286,12.533333333333331,-0.6084768701151264,0.7935716089521472,10.0,3
2025-11-24,3.6,5.0,2.3,0.0,1.0,3.1,72.0,2.3,0.9238795325112868,0.3826834323650898,328,11,2025,10.0,13.0,6.0,8.0,10.857142857142858,12.866666666666667,-0.594726686960764,0.8039279618328208,10.0,3
2025-11-25,5.6,12.6,0.2,0.0,1.7,8.7,62.0,7.8,-0.3826834323650896,-0.9238795325112868,329,11,2025,10.0,13.0,6.0,8.0,10.428571428571429,13.0,-0.5808002734538013,0.8140460935082175,10.0,3
2025-11-26,7.7,13.5,3.7,0.0,1.2,5.9,43.0,6.5,-0.7071067811865475,-0.7071067811865477,330,11,2025,10.0,10.0,6.0,8.0,10.0,13.133333333333333,-0.5667017562911184,0.8239230057575536,10.0,3
2025-11-27,6.4,11.5,2.4,0.0,0.8,4.2,45.0,7.7,-0.3826834323650896,-0.9238795325112868,331,11,2025,10.0,10.0,9.0,29.0,10.0,13.266666666666667,-0.5524353131676203,0.8335557718385695,11.0,3
2025-11-28,4.9,9.6,1.4,0.0,0.8,3.5,56.0,7.4,-0.3826834323650896,-0.9238795325112868,332,11,2025,11.0,10.0,15.0,42.0,10.142857142857142,13.333333333333334,-0.5380051715382992,0.8429415373547832,20.0,3
2025-11-29,5.8,11.1,2.1,0.0,0.8,3.4,56.0,7.1,-0.7071067811865475,-0.7071067811865477,333,11,2025,20.0,10.0,15.0,40.0,11.571428571428571,13.5,-0.5234156073655503,0.8520775211013093,31.0,3
2025-11-30,6.1,10.4,3.0,0.0,0.6,2.4,56.0,5.2,-0.3826834323650896,-0.9238795325112868,334,11,2025,31.0,10.0,12.0,23.0,14.571428571428571,14.033333333333331,-0.5086709438521042,0.8609610158889945,41.0,3
2025-12-01,6.3,7.0,5.5,1.4,1.2,3.5,84.0,1.4,0.9238795325112868,0.3826834323650898,335,12,2025,41.0,10.0,13.0,33.0,19.0,15.0,-0.4937755501599773,0.8695893893466109,30.0,0
2025-12-02,7.6,9.9,6.2,0.0,0.9,2.8,87.0,4.0,0.9238795325112868,0.3826834323650898,336,12,2025,30.0,10.0,15.0,34.0,21.857142857142858,15.566666666666666,-0.4787338401157883,0.8779600847008883,28.0,0
2025-12-03,7.7,8.9,6.5,6.2,1.0,3.6,94.0,1.4,-0.3826834323650896,-0.9238795325112868,337,12,2025,28.0,10.0,4.0,43.0,24.428571428571427,16.0,-0.4635502709028512,0.8860706215341378,22.0,0
2025-12-04,8.3,10.2,6.8,4.4,0.8,2.8,88.0,3.0,-0.3826834323650896,-0.9238795325112868,338,12,2025,22.0,11.0,7.0,41.0,26.142857142857142,16.6,-0.4482293417404106,0.893918596519257,5.0,0
2025-12-05,8.1,12.0,5.2,0.0,0.8,3.5,79.0,5.3,-0.3826834323650896,-0.9238795325112868,339,12,2025,5.0,20.0,5.0,29.0,25.285714285714285,16.533333333333335,-0.4327755925504317,0.9015016841318838,16.0,0
2025-12-06,6.5,10.4,4.0,0.0,1.0,3.9,79.0,5.9,-0.3826834323650896,-0.9238795325112868,340,12,2025,16.0,31.0,5.0,43.0,24.714285714285715,16.9,-0.4171936026123169,0.9088176373395028,20.0,0
2025-12-07,6.9,11.7,3.4,0.0,1.0,4.8,77.0,5.9,-0.3826834323650896,-0.9238795325112868,341,12,2025,20.0,41.0,16.0,53.0,23.142857142857142,17.4,-0.4014879892059737,0.9158642882672868,32.0,0
2025-12-08,8.1,13.9,4.0,0.0,1.0,3.9,71.0,6.6,-0.7071067811865475,-0.7071067811865477,342,12,2025,32.0,30.0,19.0,41.0,21.857142857142858,17.933333333333334,-0.3856634062436074,0.9226395488404876,24.0,0
2025-12-09,8.1,13.5,4.4,0.0,0.7,3.3,73.0,6.5,-0.3826834323650896,-0.9238795325112868,343,12,2025,24.0,28.0,24.0,28.0,21.0,18.1,-0.3697245428906732,0.9291414114031744,47.0,0
2025-12-10,8.1,13.2,4.7,0.0,0.6,3.0,73.0,6.1,-0.3826834323650896,-0.9238795325112868,344,12,2025,47.0,22.0,24.0,27.0,23.714285714285715,18.866666666666667,-0.3536761221763721,0.935367949313148,35.0,0
2025-12-11,7.8,11.9,5.1,0.0,0.8,3.4,77.0,5.9,0.3826834323650898,0.9238795325112868,345,12,2025,35.0,5.0,10.0,13.0,25.571428571428573,19.23333333333333,-0.3375228995941134,0.941317317512847,35.0,0
2025-12-12,7.8,13.5,4.1,0.0,1.0,4.0,78.0,6.4,-0.7071067811865475,-0.7071067811865477,346,12,2025,35.0,16.0,10.0,34.0,29.857142857142858,20.066666666666663,-0.3212696616923651,0.9469877530760752,29.0,0
2025-12-13,8.2,14.5,4.4,0.0,0.9,3.3,73.0,6.5,-0.3826834323650896,-0.9238795325112868,347,12,2025,29.0,20.0,29.0,43.0,31.714285714285715,20.7,-0.3049212246562894,0.9523775757303972,25.0,0
2025-12-14,7.4,13.7,3.2,0.0,0.6,3.7,70.0,6.4,-0.3826834323650895,0.9238795325112868,348,12,2025,25.0,32.0,25.0,43.0,32.42857142857143,20.566666666666663,-0.2884824328806098,0.9574851883550388,31.0,0
2025-12-15,6.4,9.1,3.9,0.0,0.8,3.6,72.0,4.0,0.9238795325112868,0.3826834323650898,349,12,2025,31.0,24.0,22.0,30.0,32.285714285714285,20.766666666666666,-0.2719581575341052,0.9623090774541488,35.0,0
2025-12-16,5.7,6.9,5.0,25.4,1.3,4.3,96.0,0.7,-0.3826834323650896,-0.9238795325112868,350,12,2025,35.0,47.0,13.0,36.0,33.857142857142854,21.2,-0.2553532951161881,0.9668478136052772,14.0,0
2025-12-17,8.9,11.3,6.9,1.6,1.2,4.1,92.0,4.1,-0.3826834323650896,-0.9238795325112868,351,12,2025,14.0,35.0,13.0,60.0,29.142857142857142,21.23333333333333,-0.2386727660059499,0.9711000518829505,9.0,0
2025-12-18,8.4,10.0,7.1,0.0,0.9,3.1,93.0,2.5,-0.7071067811865475,-0.7071067811865477,352,12,2025,9.0,35.0,13.0,46.0,25.428571428571427,21.1,-0.2219215130041667,0.9750645322571944,21.0,0
2025-12-19,8.9,10.9,6.2,0.0,1.1,5.2,87.0,4.5,-0.3826834323650896,-0.9238795325112868,353,12,2025,21.0,29.0,10.0,44.0,23.428571428571427,21.366666666666667,-0.2051044998686192,0.9787400799669153,29.0,0
2025-12-20,7.8,9.2,6.2,1.4,1.1,3.4,97.0,1.5,-0.3826834323650896,-0.9238795325112868,354,12,2025,29.0,25.0,10.0,16.0,23.428571428571427,22.0,-0.1882267098432439,0.9821256058680006,24.0,0
2025-12-21,8.4,9.4,7.7,3.4,0.9,3.6,96.0,1.8,0.3826834323650898,0.9238795325112868,355,12,2025,24.0,31.0,10.0,21.0,23.285714285714285,22.466666666666665,-0.1712931441814778,0.9852201067560606,21.0,0
2025-12-22,8.0,8.3,7.6,9.0,0.7,4.0,95.0,0.7,0.3826834323650898,0.9238795325112868,356,12,2025,21.0,35.0,10.0,30.0,21.857142857142858,22.83333333333333,-0.154308820664281,0.9880226656636976,12.0,0
2025-12-23,7.5,8.4,6.7,24.4,1.3,4.0,98.0,0.6,-0.3826834323650896,-0.9238795325112868,357,12,2025,12.0,14.0,10.0,5.0,18.571428571428573,22.9,-0.1372787721132651,0.9905324521322229,4.0,0
2025-12-24,6.5,8.7,2.9,26.0,1.6,9.4,98.0,0.7,0.3826834323650898,0.9238795325112868,358,12,2025,4.0,9.0,10.0,11.0,17.142857142857142,22.7,-0.1202080448993527,0.9927487224577402,5.0,0
2025-12-25,4.8,6.1,4.1,31.0,1.2,6.9,96.0,0.8,-0.3826834323650895,0.9238795325112868,359,12,2025,5.0,21.0,10.0,36.0,16.571428571428573,22.53333333333333,-0.1031016974474354,0.9946708199115212,-1.0,0
2025-12-26,5.8,9.2,3.8,5.2,1.6,6.9,81.0,5.5,-0.3826834323650896,-0.9238795325112868,360,12,2025,-1.0,29.0,10.0,35.0,13.428571428571429,22.166666666666668,-0.0859647987374467,0.9962981749346076,2.0,0
2025-12-27,6.8,11.4,3.5,0.0,1.5,5.6,75.0,6.8,-0.3826834323650896,-0.9238795325112868,361,12,2025,2.0,24.0,11.0,48.0,9.571428571428571,21.9,-0.0688024268023206,0.9976303053065856,9.0,0
2025-12-28,6.3,12.0,2.5,0.0,1.1,5.1,71.0,6.8,-0.7071067811865475,-0.7071067811865477,362,12,2025,9.0,21.0,20.0,49.0,7.428571428571429,21.83333333333333,-0.0516196672232541,0.998666816288476,9.0,0
2025-12-29,5.7,10.7,2.2,0.0,1.2,4.4,68.0,6.9,-0.7071067811865475,-0.7071067811865477,363,12,2025,9.0,12.0,31.0,47.0,5.714285714285714,21.466666666666665,-0.0344216116227458,0.9994074007397048,9.0,0
2025-12-30,4.5,9.8,1.9,0.0,1.3,8.5,79.0,6.7,-0.7071067811865475,-0.7071067811865477,364,12,2025,9.0,4.0,41.0,54.0,5.285714285714286,20.73333333333333,-0.0172133561558352,0.9998518392091162,34.0,0
2025-12-31,5.0,8.0,2.7,0.0,1.0,4.1,80.0,6.2,0.9238795325112868,0.3826834323650898,365,12,2025,34.0,5.0,30.0,65.0,9.571428571428571,20.5,6.432490598706546e-16,1.0,30.0,0
2026-01-01,0.8,2.8,-1.8,0.0,2.3,7.0,91.0,3.8,0.6293203910498374,-0.7771459614569709,1,1,2026,30.0,-1.0,28.0,134.0,13.142857142857142,20.5,0.0172133561558346,0.9998518392091162,63.0,0
2026-01-02,0.2,4.9,-2.8,0.0,2.5,5.9,88.0,6.61,-0.3255681544571567,-0.9455185755993168,2,1,2026,63.0,2.0,22.0,52.0,22.285714285714285,21.666666666666668,0.0344216116227457,0.9994074007397048,32.0,0
2026-01-03,0.7,7.4,-2.8,0.0,2.3,4.6,76.0,7.01,-0.2079116908177595,-0.9781476007338056,3,1,2026,32.0,9.0,5.0,43.0,26.571428571428573,22.0,0.0516196672232537,0.998666816288476,35.0,0
2026-01-04,-0.5,5.9,-3.7,0.0,2.2,5.4,69.0,7.19,-0.9993908270190958,0.0348994967025012,4,1,2026,35.0,9.0,16.0,44.0,30.285714285714285,23.0,0.0688024268023198,0.9976303053065856,30.0,0
2026-01-05,-1.2,3.8,-3.5,0.0,2.5,4.9,70.0,6.79,-0.6946583704589973,-0.7193398003386511,5,1,2026,30.0,9.0,20.0,43.0,33.285714285714285,23.466666666666665,0.0859647987374464,0.9962981749346078,22.0,0
2026-01-06,-1.5,4.9,-5.6,0.0,2.0,5.9,65.0,7.3,-0.0697564737441256,0.9975640502598242,6,1,2026,22.0,34.0,32.0,37.0,35.142857142857146,23.53333333333333,0.1031016974474348,0.9946708199115212,36.0,0
2026-01-07,-1.9,3.3,-4.7,0.0,3.2,8.0,63.0,7.36,-0.3255681544571567,0.9455185755993168,7,1,2026,36.0,30.0,24.0,34.0,35.42857142857143,23.666666666666668,0.1202080448993527,0.9927487224577402,39.0,0
2026-01-08,-1.1,4.2,-4.3,0.1,2.4,4.8,67.0,5.51,0.1908089953765448,0.981627183447664,8,1,2026,39.0,63.0,47.0,34.0,36.71428571428572,24.166666666666668,0.1372787721132647,0.9905324521322229,46.0,0
2026-01-09,-0.6,3.8,-3.0,0.5,2.3,4.9,88.0,6.65,0.3420201433256689,-0.9396926207859084,9,1,2026,46.0,32.0,35.0,30.0,34.285714285714285,24.133333333333333,0.1543088206642811,0.9880226656636976,46.0,0
2026-01-10,2.3,9.1,-2.0,0.0,6.4,11.6,67.0,5.79,-0.8191520442889916,-0.5735764363510464,10,1,2026,46.0,35.0,35.0,21.0,36.285714285714285,24.5,0.1712931441814776,0.9852201067560606,6.0,0
2026-01-11,2.1,9.6,-1.9,0.0,3.1,6.1,63.0,7.47,-0.9986295347545738,0.0523359562429439,11,1,2026,6.0,30.0,29.0,21.0,32.142857142857146,23.53333333333333,0.1882267098432442,0.9821256058680006,11.0,0
2026-01-12,0.5,5.8,-2.5,0.0,1.9,5.9,75.0,7.14,-0.0174524064372836,-0.9998476951563912,12,1,2026,11.0,22.0,25.0,33.0,29.428571428571427,22.933333333333334,0.2051044998686192,0.9787400799669153,26.0,0
2026-01-13,1.1,7.2,-2.5,0.0,2.5,6.1,84.0,7.07,-0.5735764363510462,-0.8191520442889918,13,1,2026,26.0,36.0,31.0,30.0,30.0,22.966666666666665,0.2219215130041655,0.9750645322571948,44.0,0
2026-01-14,3.1,8.5,-0.8,0.0,2.6,4.5,86.0,6.65,-0.5000000000000001,-0.8660254037844386,14,1,2026,44.0,39.0,35.0,30.0,31.142857142857142,23.4,0.2386727660059501,0.9711000518829505,43.0,0
2026-01-15,4.4,7.4,2.2,0.0,2.5,4.2,91.0,3.55,-0.1736481776669304,-0.984807753012208,15,1,2026,43.0,46.0,14.0,50.0,31.714285714285715,23.666666666666668,0.255353295116187,0.9668478136052776,53.0,0
2026-01-16,5.5,8.6,3.8,2.8,2.7,5.6,94.0,3.29,-0.8090169943749473,-0.5877852522924732,16,1,2026,53.0,46.0,9.0,34.0,32.714285714285715,24.966666666666665,0.2719581575341055,0.9623090774541486,57.0,0
2026-01-17,5.9,6.5,5.2,13.7,3.5,5.9,98.0,0.9,-0.6946583704589976,0.7193398003386509,17,1,2026,57.0,6.0,21.0,23.0,34.285714285714285,26.566666666666663,0.288482432880609,0.9574851883550392,17.0,0
2026-01-18,7.2,8.8,6.1,1.3,5.9,10.4,87.0,1.96,0.2419218955996677,0.9702957262759964,18,1,2026,17.0,11.0,29.0,31.0,35.857142857142854,26.433333333333334,0.304921224656289,0.9523775757303974,18.0,0
2026-01-19,5.3,6.2,4.0,4.3,5.0,11.2,84.0,1.44,-0.2588190451025207,0.9659258262890684,19,1,2026,18.0,26.0,24.0,15.0,36.85714285714285,26.066666666666663,0.3212696616923644,0.9469877530760752,19.0,0
2026-01-20,2.8,4.4,0.4,0.0,3.3,6.1,78.0,3.81,-0.2588190451025208,-0.9659258262890684,20,1,2026,19.0,44.0,21.0,15.0,35.857142857142854,25.9,0.3375228995941133,0.9413173175128472,33.0,0
2026-01-21,1.8,7.6,-2.3,0.0,1.4,4.3,87.0,8.01,0.2756373558169991,0.9612616959383188,21,1,2026,33.0,43.0,12.0,11.0,34.285714285714285,26.3,0.3536761221763716,0.9353679493131484,43.0,0
2026-01-22,0.3,4.4,-2.8,0.0,2.9,5.8,92.0,6.03,-0.275637355816999,-0.9612616959383188,22,1,2026,43.0,53.0,4.0,25.0,34.285714285714285,27.33333333333333,0.3697245428906731,0.9291414114031744,54.0,0
2026-01-23,0.3,4.0,-2.9,1.3,1.7,5.0,91.0,3.06,-0.4694715627858908,0.882947592858927,23,1,2026,54.0,57.0,5.0,24.0,34.42857142857143,29.0,0.385663406243607,0.9226395488404876,54.0,0
2026-01-24,2.3,5.2,-0.1,4.4,2.9,6.5,95.0,2.56,-0.798635510047293,0.6018150231520479,24,1,2026,54.0,17.0,-1.0,32.0,34.0,30.633333333333333,0.401487989205973,0.9158642882672872,34.0,0
2026-01-25,4.2,7.4,2.7,7.7,3.4,6.0,92.0,3.73,-0.7986355100472928,-0.6018150231520483,25,1,2026,34.0,18.0,2.0,34.0,36.42857142857143,31.8,0.4171936026123168,0.9088176373395028,10.0,0
2026-01-26,3.9,9.3,0.4,0.0,1.8,3.7,89.0,8.26,-0.7771459614569706,-0.6293203910498378,26,1,2026,10.0,19.0,9.0,16.0,35.285714285714285,32.06666666666667,0.4327755925504312,0.901501684131884,23.0,0
2026-01-27,1.9,5.9,-1.9,3.4,2.6,6.3,91.0,4.94,-0.8480480961564261,0.5299192642332047,27,1,2026,23.0,33.0,9.0,18.0,35.857142857142854,32.53333333333333,0.4482293417404106,0.893918596519257,31.0,0
2026-01-28,3.1,6.4,0.9,16.1,3.8,6.4,94.0,3.47,-0.6946583704589973,-0.7193398003386511,28,1,2026,31.0,43.0,9.0,15.0,35.57142857142857,33.266666666666666,0.4635502709028509,0.886070621534138,8.0,0
2026-01-29,4.0,10.4,0.5,0.3,1.9,4.9,90.0,9.05,-0.7880107536067221,-0.6156614753256581,29,1,2026,8.0,54.0,34.0,21.0,30.571428571428573,33.233333333333334,0.4787338401157884,0.8779600847008882,25.0,0
2026-01-30,3.2,6.5,-1.0,0.0,3.0,6.2,95.0,2.78,-0.5877852522924734,0.8090169943749473,30,1,2026,25.0,54.0,30.0,23.0,26.428571428571427,32.93333333333333,0.4937755501599771,0.869589389346611,22.0,0
2026-01-31,3.2,7.8,-0.1,0.0,1.9,4.2,93.0,5.69,-0.7313537016191705,-0.6819983600624986,31,1,2026,22.0,34.0,63.0,29.0,21.857142857142858,32.666666666666664,0.5086709438521044,0.8609610158889943,33.0,0
2026-02-01,2.8,9.4,-1.8,0.0,2.5,6.6,91.0,8.65,0.754709580222772,0.6560590289905073,32,2,2026,33.0,10.0,32.0,3.0,21.714285714285715,31.666666666666668,0.5234156073655503,0.8520775211013093,34.0,0
2026-02-02,3.5,5.5,2.5,1.3,2.7,4.5,93.0,2.38,-0.1391731009600655,-0.9902680687415704,33,2,2026,34.0,23.0,35.0,8.0,25.142857142857142,31.73333333333333,0.5380051715382996,0.8429415373547828,35.0,0
2026-02-03,2.5,4.8,0.2,8.0,3.6,7.9,93.0,5.81,1.0,6.123233995736766e-17,34,2,2026,35.0,31.0,30.0,17.0,26.857142857142858,31.73333333333333,0.5524353131676196,0.8335557718385699,11.0,0
2026-02-04,3.4,5.6,1.2,6.9,3.7,6.8,97.0,1.72,-0.8090169943749473,-0.5877852522924732,35,2,2026,11.0,8.0,22.0,32.0,24.0,31.1,0.5667017562911176,0.8239230057575542,18.0,0
2026-02-05,3.7,10.4,-2.0,6.4,4.8,13.0,88.0,9.41,-0.9961946980917455,0.0871557427476578,36,2,2026,18.0,25.0,36.0,29.0,25.428571428571427,30.966666666666665,0.5808002734538009,0.8140460935082178,14.0,0
2026-02-06,7.1,12.2,4.1,11.8,4.5,15.6,86.0,10.07,-0.9781476007338056,0.2079116908177594,37,2,2026,14.0,22.0,39.0,42.0,23.857142857142858,30.23333333333333,0.5947266869607634,0.8039279618328213,7.0,0
2026-02-07,5.2,11.9,0.8,4.1,2.6,5.2,90.0,8.42,0.3583679495453002,0.9335804264972016,38,2,2026,7.0,33.0,46.0,28.0,21.714285714285715,29.166666666666668,0.6084768701151261,0.7935716089521474,25.0,0
2026-02-08,5.6,11.6,0.8,3.9,2.0,5.2,92.0,7.69,-0.2079116908177598,0.9781476007338056,39,2,2026,25.0,34.0,46.0,24.0,20.571428571428573,28.466666666666665,0.6220467484408675,0.7829801036770629,37.0,0
2026-02-09,7.2,11.6,4.3,1.0,2.6,5.7,88.0,8.56,-0.4226182617406992,0.90630778703665,40,2,2026,37.0,35.0,6.0,14.0,21.0,28.166666666666668,0.6354323008901774,0.7721565844991642,21.0,0
2026-02-10,6.9,8.6,5.7,3.8,4.0,6.5,93.0,3.03,0.2756373558169991,0.9612616959383188,41,2,2026,21.0,11.0,11.0,21.0,19.0,28.666666666666668,0.6486295610349814,0.7611042586607747,17.0,0
2026-02-11,7.1,11.4,4.8,1.0,2.9,6.4,87.0,9.55,-0.2923717047227371,0.9563047559630352,42,2,2026,17.0,18.0,26.0,32.0,19.857142857142858,28.866666666666667,0.6616346182422783,0.7498264012045686,22.0,0
2026-02-12,7.9,12.7,5.0,2.5,3.7,7.6,86.0,8.0,0.754709580222772,0.6560590289905073,43,2,2026,22.0,14.0,44.0,30.0,20.428571428571427,28.73333333333333,0.6744436188329455,0.7383263540031065,24.0,0
2026-02-13,8.1,14.6,3.0,0.8,4.7,12.7,69.0,9.7,-0.1564344650402311,0.9876883405951375,44,2,2026,24.0,7.0,43.0,33.0,21.857142857142858,28.066666666666663,0.6870527672236669,0.7266075247685656,7.0,0
2026-02-14,7.5,10.1,5.9,10.2,7.4,12.8,87.0,4.35,-0.5735764363510465,0.8191520442889916,45,2,2026,7.0,25.0,53.0,20.0,21.857142857142858,26.866666666666667,0.699458327051647,0.7146733860429609,6.0,0
2026-02-15,6.8,13.8,1.2,0.0,3.2,7.2,73.0,11.44,-0.4226182617406993,-0.90630778703665,46,2,2026,6.0,37.0,57.0,20.0,19.142857142857142,25.3,0.7116566222817746,0.7025274741691571,17.0,0
2026-02-16,5.0,8.1,2.7,1.1,5.1,7.3,84.0,5.8,-0.4067366430758001,0.913545457642601,47,2,2026,17.0,21.0,17.0,20.0,16.285714285714285,23.966666666666665,0.7236440382959124,0.6901733882429719,15.0,0
2026-02-17,7.5,14.6,1.6,0.0,9.1,18.4,62.0,11.6,-0.9702957262759964,-0.2419218955996677,48,2,2026,15.0,17.0,18.0,20.0,15.428571428571429,23.9,0.7354170229639855,0.6776147890466889,2.0,0
2026-02-18,5.4,11.4,-0.2,0.0,3.3,7.2,64.0,11.87,0.3420201433256687,0.9396926207859084,49,2,2026,2.0,22.0,19.0,20.0,13.285714285714286,23.366666666666667,0.7469720876965552,0.6648553979642865,12.0,0
2026-02-19,5.6,9.8,2.0,8.9,4.3,7.6,79.0,10.16,-0.9510565162951536,0.3090169943749472,50,2,2026,12.0,24.0,33.0,20.0,11.857142857142858,23.133333333333333,0.7583058084785624,0.6518989958787126,13.0,0
2026-02-20,8.4,18.4,0.2,0.0,3.4,6.9,70.0,12.7,-0.5299192642332048,-0.8480480961564261,51,2,2026,13.0,7.0,43.0,20.0,10.285714285714286,22.466666666666665,0.7694148268839378,0.6387494220515272,15.0,0
2026-02-21,7.9,15.1,2.5,0.0,2.3,4.5,78.0,11.75,0.573576436351046,0.8191520442889918,52,2,2026,15.0,6.0,54.0,20.0,11.428571428571429,21.53333333333333,0.7802958510707755,0.6254105729852463,30.0,0
2026-02-22,7.2,14.1,1.5,0.0,2.4,5.0,81.0,12.06,0.484809620246337,0.8746197071393957,53,2,2026,30.0,17.0,54.0,20.0,14.857142857142858,20.73333333333333,0.7909456567567772,0.6118864012687243,46.0,0
2026-02-23,7.6,15.6,1.8,0.0,2.7,4.5,85.0,12.56,-0.5877852522924734,0.8090169943749473,54,2,2026,46.0,15.0,34.0,20.0,19.0,20.466666666666665,0.8013610881746766,0.5981809144059165,38.0,0
2026-02-24,10.3,19.5,3.8,0.0,2.9,14.7,82.0,13.05,0.9396926207859084,0.3420201433256688,55,2,2026,38.0,2.0,10.0,20.0,22.285714285714285,20.6,0.8115390590073611,0.5842981736283684,37.0,0
2026-02-25,9.8,12.4,7.8,0.0,3.6,10.3,85.0,5.49,0.5446390350150271,0.838670567945424,56,2,2026,37.0,12.0,23.0,20.0,27.285714285714285,21.5,0.8214765533024142,0.5702422926917871,42.0,0
2026-02-26,8.6,15.3,2.6,0.0,1.6,3.8,87.0,13.15,-0.0871557427476579,-0.9961946980917455,57,2,2026,42.0,13.0,31.0,19.0,31.571428571428573,22.133333333333333,0.8311706263658079,0.5560174366570446,39.0,0
2026-02-27,9.0,15.3,3.8,0.0,2.7,5.1,87.0,12.94,-0.8987940462991668,-0.4383711467890777,58,2,2026,39.0,15.0,8.0,14.0,35.285714285714285,22.4,0.8406184056344782,0.5416278206559814,29.0,0
2026-02-28,9.0,13.5,4.6,0.2,2.5,5.1,90.0,8.01,0.788010753606722,0.6156614753256583,59,2,2026,29.0,30.0,25.0,19.0,37.285714285714285,23.1,0.8498170915275278,0.5270777086423722,31.0,0
2026-03-01,10.0,13.6,7.7,4.4,2.6,4.9,87.0,6.91,0.4067366430758002,0.9135454576426008,60,3,2026,31.0,46.0,22.0,19.0,37.42857142857143,23.3,0.8587639582758029,0.5123714121284237,45.0,1
2026-03-02,9.8,12.9,7.3,4.0,3.6,7.9,89.0,7.12,0.6156614753256583,0.7880107536067219,61,3,2026,45.0,38.0,33.0,28.0,37.285714285714285,24.066666666666663,0.8674563547295969,0.4975132889071806,34.0,1
2026-03-03,10.1,14.1,7.1,0.4,2.5,4.3,85.0,9.84,0.9902680687415704,-0.1391731009600653,62,3,2026,34.0,37.0,34.0,28.0,36.71428571428572,24.1,0.8758917051442429,0.4825077417612184,30.0,1
2026-03-04,9.1,14.6,3.7,0.0,1.9,4.9,84.0,10.82,0.766044443118978,0.6427876096865394,63,3,2026,30.0,42.0,35.0,25.0,35.714285714285715,23.966666666666665,0.8840675099433636,0.4673592171580022,32.0,1
2026-03-05,8.8,13.4,5.0,0.1,2.9,5.2,85.0,7.89,0.8191520442889918,0.573576436351046,64,3,2026,32.0,39.0,11.0,28.0,34.285714285714285,23.866666666666667,0.8919813464595485,0.4520722039323043,50.0,1
2026-03-06,9.8,16.2,4.9,0.0,2.4,6.1,82.0,13.77,0.6427876096865393,0.766044443118978,65,3,2026,50.0,29.0,18.0,26.0,35.857142857142854,25.166666666666668,0.8996308696522433,0.436651231956064,55.0,1
2026-03-07,9.9,16.4,3.5,0.0,1.9,5.3,79.0,15.32,0.9612616959383188,-0.275637355816999,66,3,2026,55.0,31.0,14.0,30.0,39.57142857142857,26.4,0.907013812802636,0.4211008707960896,39.0,1
2026-03-08,9.9,16.9,3.7,0.0,2.4,6.3,73.0,15.23,0.9135454576426008,-0.4067366430758002,67,3,2026,39.0,45.0,7.0,32.0,40.71428571428572,27.23333333333333,0.9141279881853336,0.4054257283599973,35.0,1
2026-03-09,9.5,14.8,3.2,0.0,2.5,6.4,75.0,12.64,0.3583679495453002,0.9335804264972016,68,3,2026,35.0,34.0,25.0,34.0,39.285714285714285,28.166666666666668,0.9209712877166346,0.3896304495307879,36.0,1
2026-03-10,8.9,11.1,6.1,6.2,2.7,10.0,85.0,4.02,0.0523359562429438,0.9986295347545738,69,3,2026,36.0,30.0,37.0,34.0,39.57142857142857,28.53333333333333,0.9275416835791966,0.373719714790469,33.0,1
2026-03-11,8.5,12.1,4.5,0.0,3.2,5.7,85.0,9.14,-0.6018150231520484,-0.7986355100472928,70,3,2026,33.0,32.0,21.0,10.0,40.0,28.4,0.9338372288229252,0.3576982388331254,20.0,1
2026-03-12,11.1,15.6,7.6,1.5,3.1,6.0,75.0,14.69,0.981627183447664,-0.1908089953765448,71,3,2026,20.0,50.0,17.0,7.0,38.285714285714285,28.366666666666667,0.9398560579418954,0.3415707691678556,33.0,1
2026-03-13,9.7,15.3,3.8,0.0,3.2,7.1,81.0,14.38,-0.9335804264972016,0.3583679495453004,72,3,2026,33.0,55.0,22.0,11.0,35.857142857142854,28.9,0.9455963874271426,0.3253420847119801,26.0,1
2026-03-14,8.2,10.7,6.8,17.5,9.1,16.6,92.0,2.31,0.1564344650402308,0.9876883405951378,73,3,2026,26.0,39.0,24.0,6.0,31.714285714285715,29.03333333333333,0.9510565162951536,0.3090169943749474,12.0,1
2026-03-15,7.0,12.6,2.0,30.8,5.0,16.4,88.0,5.21,-0.8480480961564261,0.5299192642332047,74,3,2026,12.0,35.0,7.0,3.0,27.857142857142858,28.633333333333333,0.9562348265919056,0.2926003356333483,3.0,1
2026-03-16,10.4,17.9,3.3,0.0,3.2,5.6,74.0,17.23,-0.7313537016191705,-0.6819983600624986,75,3,2026,3.0,36.0,6.0,4.0,23.285714285714285,28.5,0.9611297838723007,0.2760969730974688,11.0,1
2026-03-17,10.0,16.2,3.1,0.0,4.1,8.8,68.0,16.53,0.8090169943749475,0.5877852522924731,76,3,2026,11.0,33.0,17.0,10.0,19.714285714285715,28.666666666666668,0.9657399376548548,0.2595117970697999,16.0,1
2026-03-18,8.9,12.1,6.7,0.7,8.1,13.6,64.0,7.71,-0.2079116908177598,0.9781476007338056,77,3,2026,16.0,20.0,15.0,9.0,17.285714285714285,28.633333333333333,0.9700639218515072,0.2428497220959356,8.0,1
2026-03-19,9.8,16.2,3.5,0.0,3.8,7.6,60.0,18.34,-0.6018150231520484,-0.7986355100472928,78,3,2026,8.0,33.0,2.0,15.0,15.571428571428571,28.4,0.9741004551724204,0.2261156855082882,14.0,1
2026-03-20,9.0,14.6,3.8,0.0,3.5,10.5,62.0,18.32,0.6819983600624985,0.7313537016191705,79,3,2026,14.0,26.0,12.0,21.0,12.857142857142858,28.8,0.9778483415056568,0.2093146459630484,18.0,1
2026-03-21,9.2,14.1,4.4,0.3,4.8,12.3,68.0,15.81,0.484809620246337,0.8746197071393957,80,3,2026,18.0,12.0,13.0,17.0,11.714285714285714,29.0,0.9813064702716092,0.1924515819708299,24.0,1
2026-03-22,6.8,9.5,4.7,19.0,8.0,14.4,83.0,5.63,-0.4848096202463369,0.8746197071393959,81,3,2026,24.0,3.0,15.0,5.0,13.428571428571429,29.366666666666667,0.9844738167520922,0.1755314904214282,16.0,1
2026-03-23,8.0,14.6,1.7,0.0,2.4,4.8,70.0,19.07,-0.3907311284892735,-0.9205048534524404,82,3,2026,16.0,11.0,30.0,5.0,15.285714285714286,29.4,0.9873494423939864,0.1585593851031347,18.0,1
