date,temp_mean,temp_max,temp_min,precipitation,wind_speed_mean,wind_speed_max,humidity_mean,solar_radiation,wind_sin,wind_cos
2022-01-01,7.9,14.2,2.9,0.0,1.2,5.1,81.0,6.5,-0.7071067811865475,-0.7071067811865477
2022-01-02,6.3,11.5,3.5,0.0,0.8,2.7,84.0,4.5,-0.7071067811865475,-0.7071067811865477
2022-01-03,6.3,9.0,3.5,0.0,0.9,3.5,84.0,3.1,0.3826834323650898,0.9238795325112868
2022-01-04,6.4,7.6,5.1,0.0,0.9,2.5,98.0,0.6,0.3826834323650898,0.9238795325112868
2022-01-05,7.5,10.4,5.8,0.4,1.0,5.4,85.0,4.6,-0.3826834323650896,-0.9238795325112868
2022-01-06,5.3,9.4,1.5,0.0,1.0,4.4,50.0,6.6,-0.3826834323650896,-0.9238795325112868
2022-01-07,3.4,7.6,0.8,0.0,0.9,3.1,64.0,6.9,0.0,1.0
2022-01-08,1.8,6.5,-2.1,0.0,1.1,4.6,79.0,7.0,0.9238795325112868,0.3826834323650898
2022-01-09,3.0,8.2,-1.6,0.0,1.0,4.5,75.0,7.1,-0.3826834323650896,-0.9238795325112868
2022-01-10,3.1,8.4,-1.6,0.0,1.4,5.8,73.0,7.0,-0.3826834323650896,-0.9238795325112868
2022-01-11,4.6,9.7,0.6,0.0,1.1,6.1,49.0,7.6,-0.3826834323650896,-0.9238795325112868
2022-01-12,3.5,7.9,-0.2,0.0,0.9,4.2,57.0,7.6,0.0,1.0
2022-01-13,4.0,9.2,0.0,0.0,1.0,3.7,58.0,7.4,-0.3826834323650896,-0.9238795325112868
2022-01-14,5.8,11.7,0.3,0.0,1.2,4.3,52.0,7.7,-0.7071067811865475,-0.7071067811865477
2022-01-15,6.9,12.9,2.1,0.0,1.0,4.1,55.0,7.6,-0.7071067811865475,-0.7071067811865477
2022-01-16,6.3,11.2,2.8,0.0,1.0,4.2,60.0,7.7,-0.7071067811865475,-0.7071067811865477
2022-01-17,7.3,13.9,1.9,0.0,1.2,4.5,52.0,8.1,-0.7071067811865475,-0.7071067811865477
2022-01-18,6.4,11.0,1.6,0.0,1.2,4.7,56.0,7.7,0.3826834323650898,0.9238795325112868
2022-01-19,4.2,7.2,1.9,0.0,0.9,3.7,72.0,6.2,-0.7071067811865475,-0.7071067811865477
2022-01-20,5.2,11.2,0.9,0.0,1.1,4.1,63.0,8.4,-0.3826834323650896,-0.9238795325112868
2022-01-21,4.3,10.6,-0.4,0.0,1.3,4.5,63.0,8.4,-0.7071067811865475,-0.7071067811865477
2022-01-22,2.6,7.9,-2.7,0.0,1.6,5.7,74.0,8.1,-0.3826834323650896,-0.9238795325112868
2022-01-23,3.9,8.7,0.5,0.0,1.2,4.7,72.0,7.9,0.7071067811865476,0.7071067811865476
2022-01-24,2.8,8.1,-0.7,0.0,1.1,3.8,79.0,7.9,0.9238795325112868,0.3826834323650898
2022-01-25,0.5,1.9,-0.8,0.0,1.2,3.7,97.0,1.2,-0.7071067811865475,-0.7071067811865477
2022-01-26,0.7,6.0,-1.7,0.0,1.3,4.1,94.0,7.8,-0.3826834323650896,-0.9238795325112868
2022-01-27,1.1,7.1,-2.5,0.0,1.1,3.9,91.0,9.4,0.9238795325112868,0.3826834323650898
2022-01-28,5.8,14.2,-0.8,0.0,1.3,5.8,64.0,9.8,-0.3826834323650896,-0.9238795325112868
2022-01-29,6.3,11.4,1.4,0.0,1.0,3.9,53.0,9.3,0.7071067811865476,0.7071067811865476
2022-01-30,8.2,15.0,1.9,0.0,1.5,5.2,55.0,10.1,-0.7071067811865475,-0.7071067811865477
2022-01-31,7.0,16.4,1.6,0.0,2.4,15.5,60.0,7.2,-0.9238795325112866,0.38268343236509
2022-02-01,8.1,12.4,3.3,0.0,1.4,6.1,31.0,10.3,-0.3826834323650896,-0.9238795325112868
2022-02-02,10.0,17.5,4.0,0.0,1.4,7.0,40.0,10.5,-0.3826834323650896,-0.9238795325112868
2022-02-03,8.9,12.5,6.0,0.0,1.2,5.2,59.0,8.9,0.3826834323650898,0.9238795325112868
2022-02-04,7.9,12.6,4.9,0.0,0.9,3.7,70.0,9.0,-0.3826834323650896,-0.9238795325112868
2022-02-05,8.0,14.8,3.4,0.0,1.1,4.7,73.0,10.1,0.0,1.0
2022-02-06,4.4,7.2,2.8,0.0,1.4,5.3,98.0,4.5,-0.3826834323650896,-0.9238795325112868
2022-02-07,11.5,17.4,2.5,0.0,2.5,14.5,34.0,11.3,-0.7071067811865475,-0.7071067811865477
2022-02-08,8.5,15.4,3.2,0.0,1.2,5.0,34.0,11.6,-0.7071067811865475,-0.7071067811865477
2022-02-09,8.6,14.5,3.7,0.0,0.8,4.1,52.0,11.0,0.7071067811865476,0.7071067811865476
2022-02-10,8.2,12.7,4.7,0.0,0.8,3.1,63.0,7.2,0.7071067811865476,0.7071067811865476
2022-02-11,8.4,12.8,4.7,0.0,1.2,4.2,71.0,8.2,-0.3826834323650896,-0.9238795325112868
2022-02-12,6.2,8.7,4.2,4.2,1.3,5.4,70.0,4.7,0.7071067811865476,0.7071067811865476
2022-02-13,5.4,10.1,1.4,0.0,1.1,3.5,59.0,11.9,0.9238795325112868,0.3826834323650898
2022-02-14,4.6,6.9,2.4,0.2,1.3,4.1,63.0,3.6,0.9238795325112868,0.3826834323650898
2022-02-15,5.4,11.4,1.9,0.0,1.5,5.4,78.0,9.5,-0.3826834323650896,-0.9238795325112868
2022-02-16,4.5,9.9,-0.1,0.0,1.2,3.7,82.0,10.7,0.3826834323650898,0.9238795325112868
2022-02-17,9.3,18.4,2.9,0.0,1.0,5.2,64.0,12.8,-0.3826834323650896,-0.9238795325112868
2022-02-18,6.1,8.7,2.3,0.0,1.5,6.7,94.0,2.3,0.7071067811865476,0.7071067811865476
2022-02-19,9.6,12.9,6.8,0.0,1.4,4.4,84.0,7.8,-0.3826834323650896,-0.9238795325112868
2022-02-20,10.1,17.0,3.9,0.0,0.9,3.5,68.0,12.8,0.9238795325112868,0.3826834323650898
2022-02-21,10.4,15.9,5.9,0.0,2.8,14.2,50.0,13.3,-1.0,-1.8369701987210294e-16
2022-02-22,11.6,17.2,5.6,0.0,1.6,7.7,31.0,14.4,0.9238795325112868,0.3826834323650898
2022-02-23,11.8,18.8,5.5,0.0,1.1,4.4,36.0,14.4,-0.3826834323650896,-0.9238795325112868
2022-02-24,9.5,13.2,6.5,0.0,1.2,4.1,51.0,10.4,0.9238795325112868,0.3826834323650898
2022-02-25,9.5,15.2,4.5,0.0,1.6,9.0,45.0,13.7,0.9238795325112868,0.3826834323650898
2022-02-26,8.9,15.3,3.4,0.0,1.4,6.0,22.0,15.8,-0.3826834323650896,-0.9238795325112868
2022-02-27,7.1,11.5,3.4,0.0,1.3,4.8,33.0,15.3,0.7071067811865476,0.7071067811865476
2022-02-28,7.5,13.9,1.3,0.0,1.2,6.5,32.0,15.8,-0.7071067811865475,-0.7071067811865477
2022-03-01,5.8,9.2,3.8,0.0,1.6,8.0,42.0,9.8,0.3826834323650898,0.9238795325112868
2022-03-02,6.8,11.6,1.9,0.0,0.9,4.7,44.0,14.4,-0.3826834323650896,-0.9238795325112868
2022-03-03,9.2,14.2,5.2,0.0,1.1,4.5,45.0,15.2,0.9238795325112868,0.3826834323650898
2022-03-04,8.1,12.2,3.5,0.0,1.6,6.5,59.0,11.8,0.9238795325112868,0.3826834323650898
2022-03-05,6.9,9.4,4.2,0.0,1.9,7.6,53.0,10.1,0.3826834323650898,0.9238795325112868
2022-03-06,5.8,9.3,3.1,0.0,1.5,4.5,45.0,13.9,0.9238795325112868,0.3826834323650898
2022-03-07,5.7,10.5,0.8,0.0,1.1,4.8,46.0,15.9,0.9238795325112868,0.3826834323650898
2022-03-08,4.6,7.1,1.9,0.0,1.6,5.8,55.0,6.8,0.3826834323650898,0.9238795325112868
2022-03-09,6.5,12.4,0.9,0.0,1.0,4.3,50.0,16.3,-0.3826834323650896,-0.9238795325112868
2022-03-10,8.5,14.7,2.7,0.0,1.0,3.9,46.0,15.5,0.7071067811865476,0.7071067811865476
2022-03-11,7.4,9.8,4.3,0.0,1.8,7.2,57.0,7.4,0.3826834323650898,0.9238795325112868
2022-03-12,6.1,7.8,5.0,0.0,1.7,6.2,56.0,2.7,0.3826834323650898,0.9238795325112868
2022-03-13,6.8,8.7,4.5,0.0,1.3,5.3,57.0,7.0,0.0,1.0
2022-03-14,7.9,10.6,4.5,1.6,1.3,5.0,59.0,10.1,-0.3826834323650896,-0.9238795325112868
2022-03-15,9.2,11.8,7.1,0.6,0.9,3.2,79.0,5.8,0.9238795325112868,0.3826834323650898
2022-03-16,10.6,15.1,7.0,0.0,1.1,5.0,74.0,9.8,-0.3826834323650896,-0.9238795325112868
2022-03-17,10.3,11.5,8.8,0.6,1.2,3.9,85.0,2.5,-0.3826834323650895,0.9238795325112868
2022-03-18,11.7,13.5,9.6,0.0,1.3,5.1,63.0,6.2,0.7071067811865476,0.7071067811865476
2022-03-19,10.8,15.4,7.2,0.0,1.6,6.3,47.0,17.6,0.9238795325112868,0.3826834323650898
2022-03-20,9.6,13.3,5.6,0.0,1.4,5.8,34.0,18.4,0.7071067811865476,0.7071067811865476
2022-03-21,9.7,13.9,6.7,0.0,1.2,4.5,39.0,16.1,0.9238795325112868,0.3826834323650898
2022-03-22,9.9,15.0,3.9,0.0,1.2,5.5,38.0,19.3,0.7071067811865476,0.7071067811865476
2022-03-23,12.1,18.2,4.8,0.0,1.0,4.7,28.0,20.2,0.9238795325112868,0.3826834323650898
2022-03-24,14.2,21.9,6.9,0.0,0.8,4.4,25.0,20.4,-0.3826834323650896,-0.9238795325112868
2022-03-25,14.5,21.0,8.0,0.0,1.0,5.1,25.0,19.7,0.7071067811865476,0.7071067811865476
2022-03-26,14.3,20.5,8.0,0.0,1.1,5.5,25.0,19.8,0.3826834323650898,0.9238795325112868
2022-03-27,14.8,19.3,9.7,0.0,0.8,4.5,28.0,14.1,0.7071067811865476,0.7071067811865476
2022-03-28,15.4,21.5,8.8,0.0,1.1,5.4,27.0,19.9,-0.7071067811865475,-0.7071067811865477
2022-03-29,13.8,18.8,9.1,0.0,1.6,6.1,40.0,18.1,0.3826834323650898,0.9238795325112868
2022-03-30,10.0,11.3,9.0,5.0,1.6,5.5,83.0,3.6,0.7071067811865476,0.7071067811865476
2022-03-31,12.0,16.0,8.9,0.4,1.5,6.5,73.0,18.1,-0.3826834323650896,-0.9238795325112868
2022-04-01,9.5,16.0,5.9,0.6,2.2,9.3,66.0,13.3,-0.3826834323650896,-0.9238795325112868
2022-04-02,6.3,9.1,3.8,2.2,1.9,6.8,68.0,7.3,-0.3826834323650896,-0.9238795325112868
2022-04-03,8.2,11.9,5.1,0.0,1.4,5.7,52.0,16.0,0.9238795325112868,0.3826834323650898
2022-04-04,8.7,12.4,6.0,0.0,1.1,4.3,62.0,10.9,0.0,1.0
2022-04-05,11.9,18.9,5.3,0.0,1.2,6.2,49.0,23.0,-0.7071067811865475,-0.7071067811865477
2022-04-06,12.2,16.0,6.8,0.0,1.4,3.8,58.0,15.6,0.7071067811865476,0.7071067811865476
2022-04-07,15.4,22.3,8.2,0.0,2.7,14.4,46.0,21.4,-0.9238795325112866,0.38268343236509
2022-04-08,17.6,24.8,10.4,0.0,3.1,14.5,42.0,22.7,-0.9238795325112868,-0.3826834323650895
2022-04-09,15.3,19.2,9.9,0.0,3.7,13.8,16.0,25.4,-0.9238795325112866,0.38268343236509
2022-04-10,11.3,16.9,4.0,0.0,1.6,6.5,35.0,25.0,0.9238795325112868,0.3826834323650898
2022-04-11,12.5,17.8,6.3,0.0,1.7,5.8,41.0,23.1,0.7071067811865476,0.7071067811865476
2022-04-12,14.5,19.0,8.9,0.0,1.0,4.6,43.0,18.7,0.9238795325112868,0.3826834323650898
2022-04-13,16.2,21.1,11.1,0.0,1.3,5.1,38.0,22.0,0.9238795325112868,0.3826834323650898
2022-04-14,17.8,23.9,11.4,0.0,1.1,5.5,36.0,23.7,0.7071067811865476,0.7071067811865476
2022-04-15,19.8,27.0,12.5,0.0,0.9,3.9,35.0,23.1,0.7071067811865476,0.7071067811865476
2022-04-16,19.3,25.2,14.4,0.0,2.0,10.0,40.0,23.0,0.7071067811865476,0.7071067811865476
2022-04-17,14.9,20.2,11.1,0.0,2.3,8.9,42.0,23.3,0.7071067811865476,0.7071067811865476
2022-04-18,14.7,20.0,10.4,0.0,1.5,5.3,34.0,25.5,0.7071067811865476,0.7071067811865476
2022-04-19,15.0,21.2,9.1,0.0,1.6,5.9,46.0,23.8,0.3826834323650898,0.9238795325112868
2022-04-20,11.1,13.3,9.2,0.4,1.7,6.6,77.0,2.7,0.0,1.0
2022-04-21,11.5,12.7,10.1,0.6,1.4,4.6,68.0,4.0,0.0,1.0
2022-04-22,14.0,18.7,9.4,0.4,1.8,5.1,67.0,15.1,-0.3826834323650896,-0.9238795325112868
2022-04-23,12.3,14.3,9.7,8.0,2.2,7.1,84.0,4.8,0.3826834323650898,0.9238795325112868
2022-04-24,12.5,16.3,8.9,0.0,1.6,5.5,70.0,15.5,0.7071067811865476,0.7071067811865476
2022-04-25,14.9,19.4,10.6,0.0,1.2,4.6,64.0,16.9,0.0,1.0
2022-04-26,15.7,20.5,11.7,0.0,1.5,5.5,66.0,16.8,0.9238795325112868,0.3826834323650898
2022-04-27,17.2,21.9,12.6,0.0,1.4,5.0,56.0,21.8,0.9238795325112868,0.3826834323650898
2022-04-28,18.3,23.5,14.2,0.0,1.7,5.2,43.0,25.9,0.7071067811865476,0.7071067811865476
2022-04-29,17.9,22.3,13.9,0.0,1.4,5.7,44.0,24.1,0.9238795325112868,0.3826834323650898
2022-04-30,16.9,20.5,13.5,0.0,1.8,7.6,43.0,21.5,0.9238795325112868,0.3826834323650898
2022-05-01,17.2,22.8,12.2,0.0,1.4,6.9,45.0,24.1,0.9238795325112868,0.3826834323650898
2022-05-02,17.5,22.5,12.7,0.0,1.4,6.3,50.0,21.2,0.7071067811865476,0.7071067811865476
2022-05-03,16.2,19.6,14.3,7.8,1.4,9.5,61.0,14.2,1.0,6.123233995736766e-17
2022-05-04,16.0,20.6,13.6,6.4,1.6,5.9,70.0,16.7,0.9238795325112868,0.3826834323650898
2022-05-05,13.4,15.4,11.7,12.0,1.7,6.5,83.0,5.0,0.3826834323650898,0.9238795325112868
2022-05-06,13.2,15.0,11.5,8.4,1.5,4.8,84.0,8.0,0.0,1.0
2022-05-07,15.3,19.4,12.5,4.6,1.2,6.6,77.0,15.2,-0.3826834323650896,-0.9238795325112868
2022-05-08,16.0,20.5,13.2,8.6,1.2,5.1,79.0,16.6,0.9238795325112868,0.3826834323650898
2022-05-09,18.8,23.4,14.6,0.0,0.8,5.4,62.0,19.8,-0.7071067811865475,-0.7071067811865477
2022-05-10,20.5,26.0,14.1,0.0,1.1,6.0,54.0,27.1,-0.3826834323650896,-0.9238795325112868
2022-05-11,22.2,27.7,16.2,0.0,1.2,5.0,51.0,26.2,0.9238795325112868,0.3826834323650898
2022-05-12,22.1,28.0,16.9,0.0,1.5,6.0,58.0,26.9,-0.7071067811865475,-0.7071067811865477
2022-05-13,22.0,26.9,17.3,0.0,1.5,6.2,62.0,18.1,-0.3826834323650896,-0.9238795325112868
2022-05-14,23.0,27.7,17.1,7.8,1.3,6.3,58.0,19.5,0.9238795325112868,-0.3826834323650897
2022-05-15,23.0,27.5,19.1,0.0,1.4,7.1,56.0,18.4,-0.3826834323650896,-0.9238795325112868
2022-05-16,23.6,29.0,18.0,0.0,1.2,5.7,55.0,23.8,0.9238795325112868,0.3826834323650898
2022-05-17,24.5,30.2,18.3,0.0,1.2,5.0,52.0,27.2,0.9238795325112868,0.3826834323650898
2022-05-18,24.4,29.5,19.5,0.4,2.0,6.9,53.0,25.0,0.9238795325112868,0.3826834323650898
2022-05-19,23.8,27.8,20.4,0.0,1.8,6.6,44.0,26.0,0.7071067811865476,0.7071067811865476
2022-05-20,24.2,29.1,18.9,0.0,1.6,5.8,52.0,23.6,-0.3826834323650896,-0.9238795325112868
2022-05-21,25.3,31.8,19.0,0.0,2.0,6.4,57.0,27.8,-0.3826834323650896,-0.9238795325112868
2022-05-22,24.4,29.4,20.3,0.0,1.6,6.6,63.0,20.2,0.9238795325112868,0.3826834323650898
2022-05-23,23.5,27.6,20.0,0.0,1.4,5.7,65.0,15.5,1.0,6.123233995736766e-17
2022-05-24,21.0,26.3,17.7,1.0,1.9,12.3,63.0,18.1,0.9238795325112868,0.3826834323650898
2022-05-25,20.1,23.0,17.5,0.2,1.5,5.6,72.0,13.6,0.9238795325112868,0.3826834323650898
2022-05-26,22.8,27.3,17.7,0.0,1.3,6.8,61.0,23.5,0.9238795325112868,0.3826834323650898
2022-05-27,25.2,30.9,19.1,0.0,1.1,5.0,54.0,26.2,1.0,6.123233995736766e-17
2022-05-28,24.6,30.5,16.6,0.0,2.6,14.3,48.0,28.5,0.7071067811865476,0.7071067811865476
2022-05-29,16.3,18.3,13.5,0.0,2.5,9.5,64.0,9.0,0.3826834323650898,0.9238795325112868
2022-05-30,16.9,19.2,14.4,0.0,1.8,5.4,62.0,11.0,0.9238795325112868,0.3826834323650898
2022-05-31,19.6,22.7,16.0,0.0,1.2,4.4,58.0,15.1,0.0,1.0
2022-06-01,22.0,25.8,17.3,0.0,1.2,6.4,57.0,17.7,0.9238795325112868,0.3826834323650898
2022-06-02,24.7,29.3,19.6,0.0,1.3,5.7,54.0,22.4,0.7071067811865476,0.7071067811865476
2022-06-03,21.6,23.3,20.4,2.0,1.7,6.5,75.0,8.2,0.7071067811865476,0.7071067811865476
2022-06-04,24.5,29.1,20.0,0.0,1.2,4.6,62.0,20.0,-0.3826834323650896,-0.9238795325112868
2022-06-05,25.0,30.3,21.3,0.0,1.8,9.1,61.0,23.9,0.7071067811865476,0.7071067811865476
2022-06-06,25.1,30.2,19.5,0.0,1.6,6.2,55.0,23.1,0.9238795325112868,0.3826834323650898
2022-06-07,24.1,27.8,20.5,0.0,2.2,7.8,56.0,29.4,0.7071067811865476,0.7071067811865476
2022-06-08,22.5,26.2,19.2,0.0,1.7,6.5,56.0,16.8,0.7071067811865476,0.7071067811865476
2022-06-09,23.5,29.4,17.3,0.0,1.9,11.0,38.0,25.5,0.9238795325112868,0.3826834323650898
2022-06-10,24.2,30.2,16.6,0.0,1.6,6.0,23.0,31.8,0.9238795325112868,0.3826834323650898
2022-06-11,25.7,32.0,18.2,0.0,1.5,5.5,31.0,30.6,0.9238795325112868,0.3826834323650898
2022-06-12,27.0,33.4,20.0,0.0,1.4,5.2,37.0,29.5,0.7071067811865476,0.7071067811865476
2022-06-13,27.8,33.2,22.1,0.0,1.9,6.5,40.0,29.6,0.9238795325112868,0.3826834323650898
2022-06-14,26.6,30.6,23.0,0.0,2.3,8.1,46.0,27.3,0.7071067811865476,0.7071067811865476
2022-06-15,26.7,30.4,23.2,0.0,1.8,6.2,51.0,20.5,0.3826834323650898,0.9238795325112868
2022-06-16,29.2,34.9,23.8,0.0,1.5,5.7,51.0,27.8,0.7071067811865476,0.7071067811865476
2022-06-17,29.3,34.3,24.4,0.0,1.7,6.2,45.0,27.6,0.9238795325112868,0.3826834323650898
2022-06-18,28.0,32.0,23.8,0.0,2.2,7.3,46.0,26.7,0.9238795325112868,0.3826834323650898
2022-06-19,28.1,32.4,24.1,0.0,2.0,6.7,44.0,26.2,0.7071067811865476,0.7071067811865476
2022-06-20,28.5,33.7,23.9,0.0,1.7,6.5,40.0,28.5,0.9238795325112868,0.3826834323650898
2022-06-21,27.4,32.3,23.1,0.0,1.4,5.4,57.0,18.2,1.0,6.123233995736766e-17
2022-06-22,23.4,24.9,20.4,1.4,1.8,11.4,72.0,12.4,0.3826834323650898,0.9238795325112868
2022-06-23,23.7,27.6,21.0,1.0,1.5,5.2,71.0,13.0,0.3826834323650898,0.9238795325112868
2022-06-24,23.3,28.2,20.2,0.2,2.2,10.4,64.0,21.6,0.3826834323650898,0.9238795325112868
2022-06-25,24.1,29.3,19.2,0.0,1.5,6.5,59.0,26.0,0.9238795325112868,0.3826834323650898
2022-06-26,24.7,29.5,20.2,0.0,1.9,7.1,62.0,23.3,0.9238795325112868,0.3826834323650898
2022-06-27,27.2,31.4,22.0,0.0,1.7,6.9,52.0,25.8,0.7071067811865476,0.7071067811865476
2022-06-28,22.7,26.1,19.2,9.2,1.9,11.9,69.0,5.7,0.9238795325112868,0.3826834323650898
2022-06-29,25.5,31.8,19.2,0.0,1.7,6.1,54.0,29.8,-0.3826834323650896,-0.9238795325112868
2022-06-30,25.7,30.5,20.5,0.0,1.9,15.9,59.0,22.4,0.9238795325112868,0.3826834323650898
2022-07-01,25.7,30.5,20.3,0.0,1.7,6.3,54.0,29.5,0.0,1.0
2022-07-02,27.7,32.2,22.4,0.0,1.5,7.2,50.0,26.5,0.7071067811865476,0.7071067811865476
2022-07-03,29.3,34.8,23.5,0.0,1.4,8.5,47.0,26.4,0.9238795325112868,0.3826834323650898
2022-07-04,27.0,30.9,23.8,2.6,1.8,8.2,53.0,22.3,0.9238795325112868,0.3826834323650898
2022-07-05,28.3,34.3,21.8,0.0,1.7,7.4,46.0,29.8,0.7071067811865476,0.7071067811865476
2022-07-06,27.5,31.1,24.1,0.0,2.3,9.1,47.0,26.9,0.7071067811865476,0.7071067811865476
2022-07-07,27.8,31.9,23.6,0.0,2.0,6.5,48.0,25.0,0.7071067811865476,0.7071067811865476
2022-07-08,27.0,32.2,20.7,0.0,1.7,7.6,39.0,29.9,0.9238795325112868,0.3826834323650898
2022-07-09,25.9,30.6,21.6,0.0,2.1,7.6,42.0,27.9,0.7071067811865476,0.7071067811865476
2022-07-10,26.9,32.4,20.5,0.0,1.5,6.6,42.0,29.1,0.9238795325112868,0.3826834323650898
2022-07-11,26.7,31.3,21.6,0.0,2.3,7.5,45.0,28.2,0.7071067811865476,0.7071067811865476
2022-07-12,26.6,30.9,22.1,0.0,2.1,7.1,51.0,26.9,0.3826834323650898,0.9238795325112868
2022-07-13,27.0,31.7,22.8,0.0,1.9,7.4,50.0,21.2,0.3826834323650898,0.9238795325112868
2022-07-14,28.8,34.3,24.2,0.0,1.5,6.5,47.0,24.0,-0.3826834323650896,-0.9238795325112868
2022-07-15,30.0,36.9,23.5,0.0,1.4,5.9,44.0,28.3,1.0,6.123233995736766e-17
2022-07-16,29.1,34.0,22.8,0.0,2.0,6.0,48.0,27.9,0.7071067811865476,0.7071067811865476
2022-07-17,28.8,33.5,21.9,15.2,1.8,7.1,49.0,22.3,0.9238795325112868,0.3826834323650898
2022-07-18,29.4,33.9,25.6,0.0,2.0,6.7,46.0,27.1,0.7071067811865476,0.7071067811865476
2022-07-19,29.8,34.2,25.6,0.0,1.8,6.9,42.0,24.3,0.9238795325112868,0.3826834323650898
2022-07-20,30.3,35.2,26.6,0.0,1.7,5.1,39.0,22.5,0.9238795325112868,0.3826834323650898
2022-07-21,30.6,35.5,25.8,0.0,1.8,6.3,39.0,27.3,0.9238795325112868,0.3826834323650898
2022-07-22,30.7,35.9,26.1,0.0,1.9,7.0,41.0,26.0,0.9238795325112868,0.3826834323650898
2022-07-23,29.7,34.0,25.2,0.0,1.7,5.8,46.0,21.4,0.7071067811865476,0.7071067811865476
2022-07-24,30.0,34.7,25.3,0.0,1.6,6.1,54.0,22.4,0.7071067811865476,0.7071067811865476
2022-07-25,29.8,36.6,24.8,0.2,1.8,10.3,53.0,24.0,0.9238795325112868,0.3826834323650898
2022-07-26,27.7,33.9,19.9,11.0,1.8,11.9,58.0,21.0,0.7071067811865476,0.7071067811865476
2022-07-27,26.3,30.9,20.9,0.4,1.7,5.8,56.0,24.6,0.9238795325112868,0.3826834323650898
2022-07-28,26.0,30.4,20.8,8.8,2.3,8.3,56.0,22.0,0.7071067811865476,0.7071067811865476
2022-07-29,23.8,27.7,20.8,1.0,1.3,7.5,66.0,14.0,0.0,1.0
2022-07-30,25.9,31.5,19.4,0.0,1.5,5.8,53.0,27.4,-0.3826834323650896,-0.9238795325112868
2022-07-31,28.4,33.4,23.3,0.0,1.3,5.8,36.0,27.6,-0.7071067811865475,-0.7071067811865477
2022-08-01,29.0,35.3,22.9,0.0,1.4,5.8,38.0,27.2,0.7071067811865476,0.7071067811865476
2022-08-02,27.5,31.9,23.2,0.0,2.0,9.3,44.0,25.8,0.9238795325112868,0.3826834323650898
2022-08-03,28.7,33.0,23.8,0.0,1.4,5.4,44.0,24.5,0.9238795325112868,0.3826834323650898
2022-08-04,29.7,34.7,24.7,0.0,1.5,6.9,44.0,23.2,0.9238795325112868,0.3826834323650898
2022-08-05,29.6,34.9,26.1,0.0,1.7,7.9,44.0,17.4,0.9238795325112868,0.3826834323650898
2022-08-06,29.6,35.7,21.1,1.6,2.0,11.2,40.0,24.2,-0.7071067811865475,-0.7071067811865477
2022-08-07,24.7,30.1,20.2,0.6,2.3,9.4,62.0,20.6,-0.3826834323650896,-0.9238795325112868
2022-08-08,26.2,32.0,20.4,0.0,1.5,5.9,47.0,26.6,0.9238795325112868,0.3826834323650898
2022-08-09,27.1,31.4,22.5,0.0,1.8,5.7,51.0,25.1,0.9238795325112868,0.3826834323650898
2022-08-10,27.3,31.5,23.7,0.0,1.9,6.0,48.0,23.9,0.9238795325112868,0.3826834323650898
2022-08-11,26.6,31.2,21.7,0.2,1.8,5.8,48.0,25.2,0.9238795325112868,0.3826834323650898
2022-08-12,25.6,30.0,21.5,0.0,2.5,10.6,45.0,24.8,0.7071067811865476,0.7071067811865476
2022-08-13,24.7,29.5,20.7,0.0,1.8,8.5,42.0,25.4,1.0,6.123233995736766e-17
2022-08-14,23.8,27.4,20.2,0.0,1.2,4.2,50.0,11.9,0.9238795325112868,0.3826834323650898
2022-08-15,24.7,30.3,19.4,0.0,1.6,5.8,53.0,20.7,0.3826834323650898,0.9238795325112868
2022-08-16,24.8,30.2,20.2,0.0,1.9,6.9,58.0,22.6,0.7071067811865476,0.7071067811865476
2022-08-17,22.9,25.7,19.9,1.4,1.6,5.7,72.0,7.8,0.7071067811865476,0.7071067811865476
2022-08-18,20.8,24.1,18.6,10.0,1.8,7.6,78.0,8.8,0.7071067811865476,0.7071067811865476
2022-08-19,23.6,29.7,18.4,0.0,1.3,5.7,56.0,21.3,-0.3826834323650896,-0.9238795325112868
2022-08-20,26.3,32.7,19.8,0.0,1.3,5.9,46.0,24.9,0.9238795325112868,0.3826834323650898
2022-08-21,26.9,31.8,22.6,0.0,1.3,5.5,40.0,23.8,0.9238795325112868,0.3826834323650898
2022-08-22,26.3,31.4,21.4,0.0,1.6,6.1,45.0,23.6,0.7071067811865476,0.7071067811865476
2022-08-23,27.1,32.3,22.1,0.0,1.6,6.5,39.0,24.2,0.9238795325112868,0.3826834323650898
2022-08-24,25.7,30.5,21.6,0.0,1.8,6.2,45.0,23.4,0.7071067811865476,0.7071067811865476
2022-08-25,27.0,32.1,21.8,0.0,1.3,5.5,47.0,22.7,0.9238795325112868,0.3826834323650898
2022-08-26,25.6,29.5,22.4,0.0,1.8,7.9,54.0,14.6,0.9238795325112868,0.3826834323650898
2022-08-27,24.7,30.4,20.6,13.2,1.7,9.4,58.0,18.5,0.9238795325112868,0.3826834323650898
2022-08-28,24.9,30.4,19.6,0.4,1.1,4.6,64.0,20.9,0.9238795325112868,0.3826834323650898
2022-08-29,25.7,30.9,20.5,12.2,1.3,4.0,65.0,19.1,0.7071067811865476,0.7071067811865476
2022-08-30,23.5,27.4,21.0,2.4,1.8,8.0,70.0,13.4,0.7071067811865476,0.7071067811865476
2022-08-31,23.7,28.0,19.2,0.0,1.3,5.0,66.0,18.8,0.9238795325112868,0.3826834323650898
2022-09-01,23.5,28.4,19.3,8.8,1.9,12.4,65.0,17.5,0.9238795325112868,0.3826834323650898
2022-09-02,21.3,24.8,19.0,1.4,1.3,4.9,69.0,11.5,0.3826834323650898,0.9238795325112868
2022-09-03,21.6,24.9,19.1,0.0,1.7,5.8,69.0,13.4,0.3826834323650898,0.9238795325112868
2022-09-04,23.4,28.8,19.0,0.0,1.0,3.8,60.0,18.3,0.0,1.0
2022-09-05,24.2,29.0,20.4,0.4,1.5,5.1,62.0,14.6,0.9238795325112868,0.3826834323650898
2022-09-06,25.3,29.4,21.2,0.0,1.3,6.5,57.0,17.9,0.7071067811865476,0.7071067811865476
2022-09-07,23.8,27.8,20.9,0.0,1.5,5.8,64.0,13.0,0.7071067811865476,0.7071067811865476
2022-09-08,23.0,27.6,18.8,2.2,1.5,4.9,68.0,18.3,0.7071067811865476,0.7071067811865476
2022-09-09,23.2,28.4,18.6,0.0,1.6,5.3,62.0,19.9,0.3826834323650898,0.9238795325112868
2022-09-10,22.3,27.6,17.4,0.0,1.5,5.2,52.0,21.2,0.7071067811865476,0.7071067811865476
2022-09-11,22.7,28.4,17.7,0.0,1.2,6.1,46.0,20.7,0.7071067811865476,0.7071067811865476
2022-09-12,22.7,28.5,17.3,0.0,1.4,5.1,51.0,20.3,0.9238795325112868,0.3826834323650898
2022-09-13,23.2,27.7,18.6,0.0,1.2,4.7,55.0,15.8,0.9238795325112868,0.3826834323650898
2022-09-14,22.4,25.5,19.9,0.2,1.4,5.7,68.0,10.3,0.7071067811865476,0.7071067811865476
2022-09-15,24.5,30.9,18.9,0.0,1.3,6.4,56.0,19.8,0.9238795325112868,0.3826834323650898
2022-09-16,24.9,31.1,18.7,0.0,1.5,7.9,40.0,19.4,-0.9238795325112866,0.38268343236509
2022-09-17,21.4,24.5,16.9,0.0,2.4,12.2,19.0,21.0,-0.9238795325112866,0.38268343236509
2022-09-18,18.3,24.1,12.5,0.0,1.3,5.9,31.0,20.5,0.9238795325112868,0.3826834323650898
2022-09-19,18.8,24.5,12.2,0.0,1.5,5.8,42.0,19.6,0.7071067811865476,0.7071067811865476
2022-09-20,18.7,23.6,13.8,0.0,1.4,5.0,41.0,19.5,0.9238795325112868,0.3826834323650898
2022-09-21,15.8,17.3,13.6,0.0,1.7,7.1,62.0,4.8,0.3826834323650898,0.9238795325112868
2022-09-22,17.5,22.0,14.1,0.0,1.5,4.6,49.0,17.8,0.9238795325112868,0.3826834323650898
2022-09-23,17.9,22.3,15.0,0.0,1.4,4.2,45.0,15.0,0.7071067811865476,0.7071067811865476
2022-09-24,14.0,16.9,12.8,7.6,1.8,5.8,80.0,1.6,0.3826834323650898,0.9238795325112868
2022-09-25,16.0,20.2,13.0,0.0,0.9,4.4,72.0,12.3,-0.3826834323650895,0.9238795325112868
2022-09-26,16.7,21.7,11.7,0.0,1.0,5.0,66.0,17.1,1.0,6.123233995736766e-17
2022-09-27,17.9,24.3,12.1,0.0,1.9,11.1,48.0,17.7,-0.9238795325112866,0.38268343236509
2022-09-28,16.0,21.2,12.2,0.0,1.6,5.8,56.0,13.6,0.7071067811865476,0.7071067811865476
2022-09-29,16.6,21.4,13.1,0.0,1.5,5.3,65.0,13.7,0.7071067811865476,0.7071067811865476
2022-09-30,13.7,15.2,12.6,5.2,1.9,6.3,85.0,2.4,0.0,1.0
2022-10-01,16.1,21.3,12.5,0.0,1.1,4.8,72.0,16.1,-0.7071067811865475,-0.7071067811865477
2022-10-02,18.0,23.8,12.2,0.0,1.1,4.9,68.0,16.7,-0.3826834323650896,-0.9238795325112868
2022-10-03,19.6,26.9,13.2,0.0,0.9,3.8,59.0,16.2,-0.3826834323650896,-0.9238795325112868
2022-10-04,18.2,22.1,14.2,0.0,1.0,4.0,68.0,9.9,0.7071067811865476,0.7071067811865476
2022-10-05,19.0,21.6,17.4,0.0,1.0,3.3,73.0,5.2,0.9238795325112868,0.3826834323650898
2022-10-06,19.6,24.0,15.4,0.0,1.0,3.7,69.0,13.1,0.7071067811865476,0.7071067811865476
2022-10-07,19.7,24.1,16.5,0.0,0.9,4.4,63.0,13.3,0.9238795325112868,0.3826834323650898
2022-10-08,18.2,22.8,14.4,1.2,1.0,4.3,68.0,10.1,0.9238795325112868,0.3826834323650898
2022-10-09,15.5,16.8,14.8,37.2,1.2,6.6,94.0,1.0,0.0,1.0
2022-10-10,15.4,18.3,13.8,1.6,1.6,5.7,88.0,4.6,0.0,1.0
2022-10-11,16.7,22.4,11.7,0.0,0.8,3.3,78.0,14.6,-0.3826834323650896,-0.9238795325112868
2022-10-12,17.2,21.2,14.1,0.0,0.6,3.2,74.0,10.5,0.7071067811865476,0.7071067811865476
2022-10-13,16.9,20.8,13.9,0.0,0.8,3.2,74.0,10.0,0.9238795325112868,0.3826834323650898
2022-10-14,16.7,20.5,13.6,0.0,0.8,3.3,74.0,8.6,0.9238795325112868,0.3826834323650898
2022-10-15,17.5,20.8,13.9,0.0,1.0,3.4,74.0,10.1,0.9238795325112868,0.3826834323650898
2022-10-16,18.6,21.1,16.1,0.0,1.0,3.5,71.0,7.6,0.9238795325112868,0.3826834323650898
2022-10-17,18.3,21.9,15.9,0.0,0.8,2.6,75.0,7.7,0.7071067811865476,0.7071067811865476
2022-10-18,18.5,23.6,14.7,0.0,0.9,4.7,71.0,12.0,-0.3826834323650896,-0.9238795325112868
2022-10-19,18.8,24.5,14.4,0.0,0.7,3.5,71.0,12.0,0.7071067811865476,0.7071067811865476
2022-10-20,17.6,20.1,14.7,0.0,1.1,3.8,76.0,7.1,0.9238795325112868,0.3826834323650898
2022-10-21,16.3,17.1,15.7,0.4,1.5,5.4,93.0,1.2,0.7071067811865476,0.7071067811865476
2022-10-22,18.1,21.6,15.7,0.0,1.1,4.0,83.0,8.3,0.3826834323650898,0.9238795325112868
2022-10-23,17.2,18.6,16.4,0.0,1.5,4.8,85.0,3.8,0.9238795325112868,0.3826834323650898
2022-10-24,17.4,19.3,16.3,0.0,1.3,5.4,91.0,4.9,0.3826834323650898,0.9238795325112868
2022-10-25,17.7,21.1,14.4,0.0,0.8,3.6,81.0,9.1,0.3826834323650898,0.9238795325112868
2022-10-26,18.4,21.8,16.2,0.0,0.8,3.5,80.0,9.2,1.0,6.123233995736766e-17
2022-10-27,17.8,22.5,14.5,0.0,0.7,3.2,78.0,10.0,0.9238795325112868,0.3826834323650898
2022-10-28,18.1,24.0,14.7,0.0,0.7,3.1,73.0,9.6,-0.3826834323650896,-0.9238795325112868
2022-10-29,18.1,24.8,14.0,0.0,0.7,3.7,69.0,10.5,-0.3826834323650896,-0.9238795325112868
2022-10-30,17.8,23.4,13.4,0.0,0.7,2.9,67.0,9.9,-0.3826834323650896,-0.9238795325112868
2022-10-31,17.3,23.1,13.5,0.0,0.8,3.6,65.0,9.9,0.0,1.0
2022-11-01,14.4,17.4,12.7,1.2,0.9,3.0,83.0,3.8,1.0,6.123233995736766e-17
2022-11-02,13.2,16.7,11.0,0.0,0.9,3.6,90.0,7.2,0.0,1.0
2022-11-03,13.5,17.0,11.6,10.8,1.3,5.1,88.0,4.3,-0.3826834323650896,-0.9238795325112868
2022-11-04,13.1,15.1,10.5,0.0,1.2,6.5,72.0,8.4,-0.3826834323650896,-0.9238795325112868
2022-11-05,13.0,18.2,8.2,0.0,1.3,5.6,48.0,10.9,-0.3826834323650896,-0.9238795325112868
2022-11-06,11.2,15.7,7.5,0.0,0.7,3.3,55.0,9.3,-0.3826834323650895,0.9238795325112868
2022-11-07,11.0,16.3,6.4,0.0,0.7,3.8,61.0,9.9,-0.3826834323650895,0.9238795325112868
2022-11-08,11.6,15.5,9.0,0.0,0.7,3.2,65.0,5.5,-0.3826834323650895,0.9238795325112868
2022-11-09,11.8,16.6,8.3,4.2,0.9,4.5,74.0,7.1,0.0,1.0
2022-11-10,12.7,17.9,9.4,0.0,1.0,3.5,85.0,9.1,-0.3826834323650896,-0.9238795325112868
2022-11-11,12.4,16.0,9.5,0.0,1.1,4.2,87.0,8.0,-0.3826834323650896,-0.9238795325112868
2022-11-12,11.5,14.7,8.0,0.0,1.1,3.5,83.0,4.8,-0.3826834323650896,-0.9238795325112868
2022-11-13,11.9,15.7,8.9,0.0,1.2,5.2,78.0,7.2,0.7071067811865476,0.7071067811865476
2022-11-14,9.9,11.0,8.5,4.0,1.3,3.7,90.0,1.6,0.3826834323650898,0.9238795325112868
2022-11-15,9.3,11.0,8.2,0.4,1.0,3.0,91.0,2.5,0.9238795325112868,0.3826834323650898
2022-11-16,10.1,13.3,7.1,0.0,1.3,4.7,83.0,7.7,-0.3826834323650896,-0.9238795325112868
2022-11-17,9.5,12.2,6.0,0.0,1.1,3.8,88.0,4.1,-0.3826834323650896,-0.9238795325112868
2022-11-18,12.0,18.3,7.6,0.0,1.3,7.5,63.0,8.5,-0.9238795325112866,0.38268343236509
2022-11-19,9.3,13.9,5.6,0.0,0.8,3.8,53.0,7.2,0.0,1.0
2022-11-20,8.1,13.5,4.3,0.0,1.2,5.0,59.0,8.7,-0.3826834323650896,-0.9238795325112868
2022-11-21,6.4,9.4,3.1,0.0,1.4,5.7,67.0,5.0,0.3826834323650898,0.9238795325112868
2022-11-22,8.7,13.2,5.7,3.6,2.0,6.8,69.0,6.3,-0.3826834323650896,-0.9238795325112868
2022-11-23,8.3,13.8,4.1,0.0,0.8,3.2,56.0,8.0,-0.7071067811865475,-0.7071067811865477
2022-11-24,8.7,15.3,3.6,0.0,1.1,5.8,54.0,8.2,0.7071067811865476,0.7071067811865476
2022-11-25,8.5,12.4,5.8,0.0,1.0,4.2,67.0,6.4,0.0,1.0
2022-11-26,8.8,16.5,3.9,0.0,1.0,4.5,63.0,7.9,-0.7071067811865475,-0.7071067811865477
2022-11-27,7.6,12.0,3.9,0.0,0.7,3.2,60.0,7.0,0.9238795325112868,0.3826834323650898
2022-11-28,6.2,7.9,4.3,0.0,0.9,2.6,78.0,2.0,0.9238795325112868,0.3826834323650898
2022-11-29,5.4,6.3,3.9,2.4,0.9,3.0,88.0,1.7,0.9238795325112868,0.3826834323650898
2022-11-30,4.7,7.2,2.8,0.0,1.1,3.7,91.0,6.1,-0.3826834323650896,-0.9238795325112868
2022-12-01,5.9,10.7,1.9,0.0,1.2,4.2,79.0,7.3,-0.3826834323650896,-0.9238795325112868
2022-12-02,5.8,7.9,4.0,0.0,1.4,4.4,84.0,4.0,0.3826834323650898,0.9238795325112868
2022-12-03,5.9,6.3,5.5,11.8,1.1,4.3,90.0,1.0,-0.3826834323650895,0.9238795325112868
2022-12-04,7.2,8.9,5.9,8.2,1.4,4.2,91.0,3.4,-0.3826834323650896,-0.9238795325112868
2022-12-05,8.0,11.0,5.2,0.2,1.0,3.2,85.0,6.4,-0.7071067811865475,-0.7071067811865477
2022-12-06,5.9,10.3,2.7,0.0,1.0,4.0,83.0,7.0,-0.7071067811865475,-0.7071067811865477
2022-12-07,4.2,7.5,2.1,0.0,1.0,3.3,82.0,6.7,-0.3826834323650896,-0.9238795325112868
2022-12-08,3.6,7.2,-0.5,0.0,1.4,4.4,82.0,6.7,-0.3826834323650896,-0.9238795325112868
2022-12-09,3.6,4.6,2.5,3.8,1.2,4.1,90.0,1.4,-0.9238795325112868,-0.3826834323650895
2022-12-10,2.8,5.9,1.2,0.0,1.5,5.2,94.0,5.4,-0.3826834323650896,-0.9238795325112868
2022-12-11,3.2,8.4,-0.7,0.0,1.4,5.5,73.0,7.5,-0.3826834323650896,-0.9238795325112868
2022-12-12,-0.3,2.0,-2.5,0.0,1.2,4.0,85.0,6.0,0.9238795325112868,0.3826834323650898
2022-12-13,1.8,4.0,-0.3,0.0,1.4,4.2,77.0,4.2,-0.3826834323650896,-0.9238795325112868
2022-12-14,2.7,4.8,1.2,0.0,1.1,4.4,73.0,4.1,-0.7071067811865475,-0.7071067811865477
2022-12-15,0.9,2.3,-0.1,15.2,0.6,5.1,90.0,4.35,0.9238795325112868,0.3826834323650898
2022-12-16,2.1,5.5,-0.4,0.0,1.2,5.3,90.0,4.6,-0.7071067811865475,-0.7071067811865477
2022-12-17,1.9,6.1,-2.6,0.0,1.4,5.0,88.0,7.4,-0.7071067811865475,-0.7071067811865477
2022-12-18,3.7,6.2,1.9,0.0,1.1,4.0,90.0,3.5,-0.7071067811865475,-0.7071067811865477
2022-12-19,1.2,2.8,-0.3,0.0,1.3,4.1,97.0,4.3,-0.7071067811865475,-0.7071067811865477
2022-12-20,2.1,5.1,-1.4,0.0,1.4,3.9,83.0,4.1,-0.7071067811865475,-0.7071067811865477
2022-12-21,4.0,6.5,1.6,0.0,1.2,3.7,78.0,2.9,-0.7071067811865475,-0.7071067811865477
2022-12-22,4.2,8.0,1.2,0.0,1.0,4.4,87.0,5.8,-0.7071067811865475,-0.7071067811865477
2022-12-23,4.8,7.9,2.6,0.0,1.2,4.8,93.0,2.7,-0.7071067811865475,-0.7071067811865477
2022-12-24,6.7,8.0,4.6,0.4,0.9,4.2,99.0,1.1,-0.7071067811865475,-0.7071067811865477
2022-12-25,8.1,9.0,6.7,0.4,0.7,2.3,99.0,0.9,-0.7071067811865475,-0.7071067811865477
2022-12-26,9.0,13.2,6.3,0.0,0.9,3.8,89.0,5.3,-0.7071067811865475,-0.7071067811865477
2022-12-27,7.5,12.0,2.8,0.0,1.0,3.5,87.0,6.6,-0.7071067811865475,-0.7071067811865477
2022-12-28,7.2,9.7,5.1,0.0,1.0,4.7,88.0,4.8,-0.3826834323650896,-0.9238795325112868
2022-12-29,6.4,10.0,3.7,0.0,0.7,3.6,78.0,4.6,-0.3826834323650895,0.9238795325112868
2022-12-30,6.0,9.0,3.2,0.0,0.9,3.7,82.0,5.4,-0.7071067811865475,-0.7071067811865477
2022-12-31,6.2,10.1,3.2,0.0,0.9,3.5,85.0,4.3,-0.7071067811865475,-0.7071067811865477
2023-01-01,7.5,8.7,6.4,1.0,0.8,2.7,90.0,1.1,-0.3826834323650896,-0.9238795325112868
2023-01-02,9.4,10.7,7.9,0.0,0.7,2.6,95.0,2.2,-0.3826834323650896,-0.9238795325112868
2023-01-03,10.0,11.6,8.7,0.0,0.8,3.3,90.0,2.6,-0.3826834323650896,-0.9238795325112868
2023-01-04,9.7,12.8,7.1,0.0,1.0,4.8,86.0,6.2,-0.3826834323650896,-0.9238795325112868
2023-01-05,8.6,14.6,4.7,0.0,1.5,4.3,86.0,7.2,-0.7071067811865475,-0.7071067811865477
2023-01-06,5.8,8.0,3.5,0.0,1.3,5.3,98.0,1.0,-0.7071067811865477,0.7071067811865474
2023-01-07,6.3,7.4,4.9,0.0,1.3,3.5,94.0,2.2,-0.3826834323650896,-0.9238795325112868
2023-01-08,6.7,7.2,6.2,1.6,0.9,2.6,98.0,0.4,-0.7071067811865475,-0.7071067811865477
2023-01-09,8.4,14.4,3.9,0.0,2.9,12.6,64.0,7.4,-1.0,-1.8369701987210294e-16
2023-01-10,10.7,15.1,6.0,0.0,1.8,11.3,30.0,8.0,-0.9238795325112866,0.38268343236509
2023-01-11,7.1,10.4,4.5,0.0,0.7,3.4,51.0,5.4,-0.7071067811865475,-0.7071067811865477
2023-01-12,6.4,11.3,3.6,0.0,0.8,3.6,64.0,6.5,-0.7071067811865475,-0.7071067811865477
2023-01-13,6.0,10.7,3.1,0.0,1.0,4.4,65.0,6.0,-0.7071067811865475,-0.7071067811865477
2023-01-14,5.7,8.5,2.3,0.0,1.0,6.2,71.0,7.1,0.3826834323650898,0.9238795325112868
2023-01-15,6.1,8.7,3.4,0.0,0.9,4.8,76.0,5.6,0.9238795325112868,0.3826834323650898
2023-01-16,2.8,5.0,0.5,0.0,1.4,5.1,91.0,2.2,-0.3826834323650896,-0.9238795325112868
2023-01-17,3.2,5.4,1.4,0.0,1.1,5.0,86.0,2.5,0.0,1.0
2023-01-18,2.1,5.7,0.9,0.0,1.2,6.0,93.0,4.5,-0.7071067811865475,-0.7071067811865477
2023-01-19,3.2,7.5,0.4,0.0,1.6,6.6,67.0,7.8,-0.3826834323650896,-0.9238795325112868
2023-01-20,2.6,7.7,-0.9,0.0,1.1,5.4,55.0,8.7,-0.3826834323650896,-0.9238795325112868
2023-01-21,3.6,8.6,-0.9,0.0,1.0,4.1,35.0,8.1,-0.3826834323650896,-0.9238795325112868
2023-01-22,3.4,7.1,0.8,0.0,1.2,4.1,46.0,5.5,-0.3826834323650896,-0.9238795325112868
2023-01-23,3.5,5.3,1.4,2.2,1.2,6.2,67.0,1.2,-0.3826834323650896,-0.9238795325112868
2023-01-24,6.4,9.2,4.3,3.0,1.0,4.6,83.0,3.4,-0.3826834323650896,-0.9238795325112868
2023-01-25,5.7,8.6,3.1,0.0,1.0,5.5,81.0,4.4,0.9238795325112868,0.3826834323650898
2023-01-26,4.8,8.6,2.1,0.0,0.8,3.5,74.0,6.0,0.0,1.0
2023-01-27,3.3,4.8,2.0,0.0,1.0,3.6,78.0,2.1,0.9238795325112868,0.3826834323650898
2023-01-28,4.4,7.9,1.7,0.0,1.1,5.0,66.0,9.0,-0.3826834323650896,-0.9238795325112868
2023-01-29,3.5,7.6,0.1,0.0,0.9,4.3,62.0,9.2,-0.3826834323650896,-0.9238795325112868
2023-01-30,4.5,10.1,-0.2,0.0,1.2,4.5,63.0,9.2,-0.7071067811865475,-0.7071067811865477
2023-01-31,6.0,12.5,0.0,0.0,1.0,3.7,61.0,9.5,-0.3826834323650896,-0.9238795325112868
2023-02-01,7.1,13.7,2.6,0.0,1.0,4.3,59.0,10.0,-0.7071067811865475,-0.7071067811865477
2023-02-02,8.2,15.0,3.6,0.0,1.0,4.5,58.0,10.2,-0.7071067811865475,-0.7071067811865477
2023-02-03,9.2,16.3,4.0,0.0,1.4,7.3,55.0,9.7,-0.7071067811865475,-0.7071067811865477
2023-02-04,12.5,21.0,4.8,0.0,1.4,7.4,51.0,9.7,-0.3826834323650896,-0.9238795325112868
2023-02-05,6.3,8.8,4.0,0.6,1.5,7.3,72.0,9.2,0.7071067811865476,0.7071067811865476
2023-02-06,4.9,6.7,2.6,0.0,1.6,8.7,70.0,5.7,0.7071067811865476,0.7071067811865476
2023-02-07,3.7,7.5,0.4,0.0,1.8,9.4,51.0,11.4,-0.3826834323650896,-0.9238795325112868
2023-02-08,2.6,6.7,-0.3,0.0,1.3,5.9,50.0,11.2,0.9238795325112868,0.3826834323650898
2023-02-09,1.8,4.4,0.2,0.0,1.4,4.7,49.0,9.3,0.7071067811865476,0.7071067811865476
2023-02-10,2.8,8.2,-1.9,0.0,0.8,3.6,47.0,11.9,-0.7071067811865475,-0.7071067811865477
2023-02-11,4.8,10.8,-0.5,0.0,1.0,3.6,45.0,11.3,-0.7071067811865475,-0.7071067811865477
2023-02-12,8.0,16.1,2.3,0.0,1.2,4.2,45.0,11.8,-0.7071067811865475,-0.7071067811865477
2023-02-13,8.3,13.6,3.1,0.0,0.7,3.8,51.0,11.5,-0.3826834323650896,-0.9238795325112868
2023-02-14,9.0,15.4,3.5,0.0,1.0,3.9,54.0,12.0,-0.7071067811865475,-0.7071067811865477
2023-02-15,10.5,18.2,4.4,0.0,0.7,3.8,51.0,12.2,-0.7071067811865475,-0.7071067811865477
2023-02-16,10.4,16.0,6.0,0.0,0.7,4.5,57.0,11.3,-0.7071067811865475,-0.7071067811865477
2023-02-17,9.9,15.5,4.6,0.0,1.0,5.1,65.0,12.1,-0.7071067811865475,-0.7071067811865477
2023-02-18,10.4,16.2,5.3,0.0,1.0,4.7,66.0,12.7,-0.7071067811865475,-0.7071067811865477
2023-02-19,10.1,16.0,5.5,0.0,0.9,4.2,70.0,10.3,-0.7071067811865475,-0.7071067811865477
2023-02-20,7.8,10.7,4.0,0.0,1.1,3.5,90.0,5.0,0.0,1.0
2023-02-21,10.7,14.7,7.9,0.0,0.9,4.6,78.0,11.1,-0.7071067811865475,-0.7071067811865477
2023-02-22,10.4,12.1,9.6,0.0,1.0,3.1,81.0,3.2,0.9238795325112868,0.3826834323650898
2023-02-23,11.5,14.3,8.9,0.0,1.2,4.7,75.0,8.8,0.9238795325112868,0.3826834323650898
2023-02-24,10.8,13.3,8.6,0.0,1.2,4.5,81.0,5.5,0.3826834323650898,0.9238795325112868
2023-02-25,9.5,13.1,6.1,0.0,1.2,5.9,82.0,9.9,-0.3826834323650896,-0.9238795325112868
2023-02-26,3.8,7.7,0.8,7.4,1.8,12.4,90.0,1.2,0.0,1.0
2023-02-27,3.4,5.2,1.3,0.2,1.5,5.2,77.0,4.8,-0.7071067811865475,-0.7071067811865477
2023-02-28,4.3,5.5,3.1,0.0,1.3,4.4,69.0,4.1,0.9238795325112868,0.3826834323650898
2023-03-01,5.5,8.4,3.9,7.2,1.3,5.7,74.0,5.8,-0.3826834323650896,-0.9238795325112868
2023-03-02,7.4,11.1,3.9,1.0,1.3,5.0,74.0,7.1,-0.3826834323650896,-0.9238795325112868
2023-03-03,9.9,14.7,5.5,0.0,0.9,4.6,64.0,15.0,-0.7071067811865475,-0.7071067811865477
2023-03-04,11.0,16.0,6.4,0.0,0.7,5.0,60.0,16.0,-0.3826834323650896,-0.9238795325112868
2023-03-05,10.6,16.5,5.3,0.0,1.1,5.1,60.0,16.4,-0.3826834323650896,-0.9238795325112868
2023-03-06,9.6,13.5,6.2,0.0,0.9,4.2,66.0,10.4,-0.3826834323650895,0.9238795325112868
2023-03-07,9.3,13.3,5.2,0.0,1.0,3.8,67.0,11.5,0.9238795325112868,0.3826834323650898
2023-03-08,10.0,13.9,6.0,0.0,0.9,4.2,67.0,10.9,0.9238795325112868,0.3826834323650898
2023-03-09,12.5,18.8,7.3,0.0,1.1,4.1,67.0,14.4,0.7071067811865476,0.7071067811865476
2023-03-10,13.4,19.0,7.7,0.0,3.4,15.6,51.0,17.3,-1.0,-1.8369701987210294e-16
2023-03-11,16.8,22.4,12.0,0.0,3.1,13.0,39.0,18.0,-0.9238795325112866,0.38268343236509
2023-03-12,13.5,17.9,8.7,0.0,1.8,7.9,60.0,17.7,0.7071067811865476,0.7071067811865476
2023-03-13,11.2,12.9,9.5,1.6,1.2,4.0,74.0,4.3,0.9238795325112868,0.3826834323650898
2023-03-14,12.2,16.6,9.2,8.4,2.1,12.1,63.0,10.4,-0.9238795325112866,0.38268343236509
2023-03-15,12.1,14.8,7.8,0.0,1.8,8.2,23.0,19.1,0.9238795325112868,0.3826834323650898
2023-03-16,10.1,14.3,5.7,0.0,1.4,5.0,41.0,17.2,0.7071067811865476,0.7071067811865476
2023-03-17,9.9,14.2,5.1,0.0,1.2,4.5,48.0,16.5,0.7071067811865476,0.7071067811865476
2023-03-18,11.6,16.4,7.0,0.0,1.0,5.3,51.0,17.3,0.9238795325112868,-0.3826834323650897
2023-03-19,12.4,15.5,8.5,0.0,1.0,4.0,59.0,12.3,0.3826834323650898,0.9238795325112868
2023-03-20,13.0,18.8,7.5,0.0,1.2,4.4,62.0,18.4,0.9238795325112868,0.3826834323650898
2023-03-21,13.8,18.9,8.9,0.0,0.8,4.2,58.0,16.6,-0.3826834323650895,0.9238795325112868
2023-03-22,15.3,20.6,10.1,0.0,0.9,4.4,55.0,18.1,0.7071067811865476,0.7071067811865476
2023-03-23,15.6,21.1,11.8,0.0,1.1,5.6,59.0,16.8,0.9238795325112868,0.3826834323650898
2023-03-24,13.5,16.4,10.9,0.0,1.2,4.7,76.0,5.5,0.7071067811865476,0.7071067811865476
2023-03-25,15.8,21.5,7.7,0.0,2.4,13.2,43.0,21.0,-1.0,-1.8369701987210294e-16
2023-03-26,12.9,16.1,9.9,0.0,2.0,10.7,42.0,13.6,-1.0,-1.8369701987210294e-16
2023-03-27,14.0,18.6,9.6,0.0,3.0,12.1,24.0,22.4,-0.9238795325112866,0.38268343236509
2023-03-28,11.0,16.0,5.7,0.0,1.4,6.1,25.0,21.6,-0.3826834323650896,-0.9238795325112868
2023-03-29,12.3,18.0,5.3,0.0,1.3,5.1,47.0,20.4,-0.3826834323650896,-0.9238795325112868
2023-03-30,13.3,17.1,9.1,0.0,1.3,4.5,68.0,10.2,1.0,6.123233995736766e-17
2023-03-31,14.2,18.9,10.9,0.0,1.7,10.8,58.0,15.1,-1.0,-1.8369701987210294e-16
2023-04-01,16.8,21.0,13.1,0.0,3.0,10.7,24.0,22.9,-0.9238795325112866,0.38268343236509
2023-04-02,15.9,19.8,12.0,0.0,1.6,6.1,31.0,23.0,0.9238795325112868,0.3826834323650898
2023-04-03,14.7,20.7,10.1,0.0,1.8,9.0,38.0,19.8,0.7071067811865476,0.7071067811865476
2023-04-04,10.3,13.8,7.2,0.0,2.0,7.9,40.0,16.8,0.7071067811865476,0.7071067811865476
2023-04-05,9.4,14.0,5.4,0.0,1.8,6.1,39.0,22.8,0.9238795325112868,0.3826834323650898
2023-04-06,9.8,14.3,4.6,0.0,1.2,4.6,42.0,17.7,0.7071067811865476,0.7071067811865476
2023-04-07,10.2,15.0,5.7,0.0,1.5,9.8,57.0,17.2,0.9238795325112868,0.3826834323650898
2023-04-08,13.5,19.6,7.7,0.0,1.5,7.8,47.0,23.6,-0.3826834323650896,-0.9238795325112868
2023-04-09,13.4,18.4,8.2,0.0,1.6,5.8,52.0,22.8,0.9238795325112868,0.3826834323650898
2023-04-10,13.7,17.6,10.1,0.0,1.8,6.6,45.0,19.7,0.7071067811865476,0.7071067811865476
2023-04-11,14.8,20.5,9.7,0.0,1.4,6.0,54.0,21.2,-0.3826834323650896,-0.9238795325112868
2023-04-12,12.5,14.3,10.0,0.0,1.5,5.5,78.0,5.7,0.0,1.0
2023-04-13,12.2,15.6,9.6,0.0,1.9,6.9,55.0,10.5,0.7071067811865476,0.7071067811865476
2023-04-14,14.5,19.6,6.8,0.0,1.5,7.5,22.0,21.6,-0.3826834323650896,-0.9238795325112868
2023-04-15,13.3,18.2,7.4,0.0,1.5,5.9,41.0,17.7,0.7071067811865476,0.7071067811865476
2023-04-16,15.7,22.1,8.9,0.2,1.3,6.5,44.0,24.5,1.0,6.123233995736766e-17
2023-04-17,15.4,20.3,10.1,0.0,1.4,6.9,41.0,23.4,0.7071067811865476,0.7071067811865476
2023-04-18,16.3,20.7,12.0,0.0,1.0,5.5,39.0,18.4,0.0,1.0
2023-04-19,17.5,23.9,10.9,0.0,1.4,6.6,39.0,24.5,0.9238795325112868,0.3826834323650898
2023-04-20,12.5,15.3,9.8,5.2,2.5,7.1,79.0,9.9,0.7071067811865476,0.7071067811865476
2023-04-21,11.4,13.9,9.2,1.4,1.7,5.8,83.0,8.9,0.3826834323650898,0.9238795325112868
2023-04-22,15.2,19.9,9.6,0.0,0.8,4.5,65.0,16.1,0.9238795325112868,0.3826834323650898
2023-04-23,16.3,20.7,12.1,4.4,1.6,6.9,67.0,16.8,0.3826834323650898,0.9238795325112868
2023-04-24,17.2,24.1,10.6,0.0,1.8,11.3,47.0,26.6,-0.9238795325112866,0.38268343236509
2023-04-25,16.3,21.4,10.8,0.0,1.9,7.5,40.0,26.4,0.7071067811865476,0.7071067811865476
2023-04-26,15.7,21.5,9.3,0.0,1.4,6.1,43.0,26.2,0.9238795325112868,0.3826834323650898
2023-04-27,16.5,21.4,10.5,0.0,1.6,6.1,46.0,23.3,0.7071067811865476,0.7071067811865476
2023-04-28,17.2,22.8,12.1,0.0,1.7,5.7,57.0,24.4,0.7071067811865476,0.7071067811865476
2023-04-29,18.6,22.9,14.2,0.0,1.7,5.4,63.0,17.9,-0.3826834323650896,-0.9238795325112868
2023-04-30,16.3,17.9,14.4,11.6,1.8,6.1,80.0,3.6,0.0,1.0
2023-05-01,12.5,14.4,11.6,37.4,1.5,7.5,90.0,2.4,0.0,1.0
2023-05-02,16.5,22.3,11.2,0.4,1.8,5.4,64.0,27.4,-0.3826834323650896,-0.9238795325112868
2023-05-03,17.8,22.7,13.2,0.0,1.3,4.6,58.0,19.1,0.9238795325112868,0.3826834323650898
2023-05-04,18.9,23.0,15.7,0.0,1.2,4.5,55.0,20.7,0.7071067811865476,0.7071067811865476
2023-05-05,20.1,25.0,14.4,0.0,1.2,5.1,55.0,22.9,0.9238795325112868,0.3826834323650898
2023-05-06,21.3,26.9,15.8,3.0,1.3,7.7,57.0,24.5,0.9238795325112868,0.3826834323650898
2023-05-07,18.8,23.2,16.2,0.8,1.2,5.1,71.0,12.3,1.0,6.123233995736766e-17
2023-05-08,19.7,24.0,15.5,0.0,1.6,7.0,64.0,24.9,0.7071067811865476,0.7071067811865476
2023-05-09,17.4,19.7,15.3,5.2,2.0,6.2,79.0,7.5,0.0,1.0
2023-05-10,15.4,19.3,13.1,2.0,1.9,8.5,79.0,13.0,0.3826834323650898,0.9238795325112868
2023-05-11,15.9,22.4,12.2,0.0,1.7,10.3,64.0,22.5,0.9238795325112868,0.3826834323650898
2023-05-12,12.6,15.0,10.9,21.8,1.5,6.2,85.0,5.9,0.3826834323650898,0.9238795325112868
2023-05-13,14.3,19.0,10.2,7.0,1.6,6.6,71.0,21.6,0.7071067811865476,0.7071067811865476
2023-05-14,15.5,19.6,11.8,1.4,1.6,6.9,67.0,22.8,-0.3826834323650896,-0.9238795325112868
2023-05-15,16.8,22.6,11.8,0.0,1.5,7.4,63.0,22.9,-0.3826834323650896,-0.9238795325112868
2023-05-16,17.4,23.0,13.4,0.0,1.7,8.1,54.0,19.2,0.9238795325112868,0.3826834323650898
2023-05-17,15.1,18.8,13.3,3.0,1.6,6.2,70.0,6.9,-0.3826834323650896,-0.9238795325112868
2023-05-18,15.0,17.0,13.1,1.2,1.1,4.8,73.0,7.4,-0.7071067811865475,-0.7071067811865477
2023-05-19,12.7,14.1,11.5,34.6,1.9,8.3,92.0,3.5,0.0,1.0
2023-05-20,12.6,13.8,11.6,62.8,1.7,5.1,94.0,3.2,0.3826834323650898,0.9238795325112868
2023-05-21,16.1,20.3,12.9,3.2,1.1,3.7,82.0,8.6,0.9238795325112868,0.3826834323650898
2023-05-22,19.9,25.9,13.1,0.0,1.0,5.0,62.0,24.7,-0.3826834323650896,-0.9238795325112868
2023-05-23,22.4,28.2,15.6,0.0,1.4,5.6,51.0,28.9,-0.3826834323650896,-0.9238795325112868
2023-05-24,19.7,26.2,15.6,14.8,1.7,8.8,68.0,21.7,0.9238795325112868,0.3826834323650898
2023-05-25,16.5,19.5,14.1,4.2,1.8,6.3,84.0,6.5,-0.3826834323650896,-0.9238795325112868
2023-05-26,21.4,27.8,13.7,0.0,1.2,5.1,55.0,29.3,-0.3826834323650896,-0.9238795325112868
2023-05-27,20.9,26.1,16.7,24.8,1.7,8.6,68.0,21.4,0.9238795325112868,0.3826834323650898
2023-05-28,21.0,25.0,16.9,6.8,1.3,6.5,66.0,17.9,1.0,6.123233995736766e-17
2023-05-29,19.3,25.0,15.3,23.2,1.3,5.3,71.0,18.7,-0.3826834323650896,-0.9238795325112868
2023-05-30,21.4,26.4,15.5,6.0,1.4,7.5,59.0,24.1,0.9238795325112868,0.3826834323650898
2023-05-31,18.8,23.6,15.1,4.8,1.8,7.6,68.0,21.1,-0.3826834323650896,-0.9238795325112868
2023-06-01,22.0,26.7,17.0,0.0,1.3,6.3,54.0,27.2,-0.3826834323650896,-0.9238795325112868
2023-06-02,22.7,27.8,18.0,0.0,1.2,6.1,53.0,24.3,-0.3826834323650896,-0.9238795325112868
2023-06-03,19.6,24.0,16.7,6.4,1.2,7.4,73.0,14.2,0.7071067811865476,0.7071067811865476
2023-06-04,19.0,23.1,16.7,0.0,1.5,6.7,74.0,14.7,0.9238795325112868,0.3826834323650898
2023-06-05,19.3,23.0,16.2,1.6,1.3,6.8,73.0,15.8,0.7071067811865476,0.7071067811865476
2023-06-06,21.4,25.9,16.6,0.0,1.2,5.8,66.0,24.2,-0.3826834323650896,-0.9238795325112868
2023-06-07,20.9,25.0,15.7,0.4,1.7,9.2,65.0,19.8,1.0,6.123233995736766e-17
2023-06-08,21.6,25.5,16.6,2.8,1.2,6.9,68.0,15.0,0.0,1.0
2023-06-09,20.5,24.7,18.5,28.0,1.3,7.0,79.0,11.5,-0.3826834323650895,0.9238795325112868
2023-06-10,21.5,25.8,18.5,0.8,0.9,4.1,75.0,15.3,0.9238795325112868,0.3826834323650898
2023-06-11,22.6,27.9,16.7,61.8,1.3,9.1,70.0,21.9,0.9238795325112868,0.3826834323650898
2023-06-12,21.7,26.3,17.1,28.2,1.1,5.5,72.0,22.5,-0.7071067811865475,-0.7071067811865477
2023-06-13,19.2,22.4,16.9,20.8,1.8,6.3,82.0,12.8,0.3826834323650898,0.9238795325112868
2023-06-14,20.4,25.0,17.3,13.6,1.2,4.5,76.0,15.9,0.7071067811865476,0.7071067811865476
2023-06-15,23.2,27.8,18.2,0.0,1.2,4.7,60.0,24.2,0.0,1.0
2023-06-16,24.3,29.1,18.8,0.0,1.3,5.5,54.0,29.2,0.9238795325112868,0.3826834323650898
2023-06-17,24.5,29.3,19.4,0.0,1.4,4.9,51.0,27.8,0.7071067811865476,0.7071067811865476
2023-06-18,23.2,27.0,20.4,0.0,1.6,8.4,65.0,20.9,0.7071067811865476,0.7071067811865476
2023-06-19,24.9,28.5,20.2,0.0,1.2,4.9,64.0,15.7,0.9238795325112868,0.3826834323650898
2023-06-20,25.2,28.8,21.3,0.0,1.1,5.4,53.0,19.4,0.9238795325112868,-0.3826834323650897
2023-06-21,25.8,30.1,20.8,0.0,1.1,5.8,50.0,22.0,0.9238795325112868,0.3826834323650898
2023-06-22,26.4,31.1,22.0,0.0,1.4,7.9,50.0,22.6,0.9238795325112868,0.3826834323650898
2023-06-23,27.2,33.2,20.9,0.0,1.7,6.7,42.0,29.4,0.9238795325112868,0.3826834323650898
2023-06-24,26.9,31.5,20.9,0.0,1.5,5.7,33.0,29.9,-0.3826834323650896,-0.9238795325112868
2023-06-25,25.9,30.3,21.3,0.0,1.9,6.2,50.0,29.7,0.9238795325112868,0.3826834323650898
2023-06-26,28.1,33.3,21.8,0.0,1.3,5.2,49.0,28.9,0.9238795325112868,0.3826834323650898
2023-06-27,28.2,32.7,23.8,0.0,1.6,5.8,52.0,24.8,0.9238795325112868,0.3826834323650898
2023-06-28,25.4,29.1,21.7,0.0,2.5,7.6,59.0,24.8,0.7071067811865476,0.7071067811865476
2023-06-29,22.1,24.1,20.6,0.4,2.0,7.1,63.0,6.2,0.7071067811865476,0.7071067811865476
2023-06-30,20.1,23.2,18.3,8.8,1.5,5.8,80.0,7.4,-0.7071067811865475,-0.7071067811865477
2023-07-01,22.8,28.1,17.0,0.0,1.2,4.8,66.0,26.6,-0.3826834323650896,-0.9238795325112868
2023-07-02,25.5,31.2,19.8,0.0,1.3,5.3,59.0,26.1,0.7071067811865476,0.7071067811865476
2023-07-03,25.9,30.4,21.9,0.0,1.5,5.7,61.0,20.1,0.9238795325112868,0.3826834323650898
2023-07-04,24.6,29.0,20.5,0.0,1.9,5.6,66.0,19.1,0.9238795325112868,0.3826834323650898
2023-07-05,24.5,29.1,19.9,0.0,1.7,5.7,63.0,22.0,0.3826834323650898,0.9238795325112868
2023-07-06,23.4,26.6,20.9,0.0,2.1,9.8,66.0,23.1,0.7071067811865476,0.7071067811865476
2023-07-07,25.0,29.5,20.1,0.0,1.4,5.4,58.0,26.2,0.9238795325112868,0.3826834323650898
2023-07-08,25.7,30.3,20.9,2.6,1.4,6.1,58.0,23.1,0.7071067811865476,0.7071067811865476
2023-07-09,28.4,34.1,22.4,0.0,1.1,5.5,54.0,28.3,1.0,6.123233995736766e-17
2023-07-10,30.1,35.0,24.6,0.0,1.4,5.4,53.0,27.8,0.9238795325112868,0.3826834323650898
2023-07-11,30.1,34.9,25.8,0.0,1.7,9.9,53.0,25.7,0.9238795325112868,0.3826834323650898
2023-07-12,24.7,27.1,20.1,4.4,1.9,6.8,74.0,8.5,0.3826834323650898,0.9238795325112868
2023-07-13,25.1,30.0,20.0,0.0,1.6,6.0,67.0,21.8,0.9238795325112868,0.3826834323650898
2023-07-14,24.2,26.3,21.2,0.0,2.4,7.4,72.0,21.7,0.7071067811865476,0.7071067811865476
2023-07-15,27.2,31.1,22.8,0.0,1.2,5.4,61.0,22.4,1.0,6.123233995736766e-17
2023-07-16,28.0,31.8,23.9,0.0,1.4,6.2,59.0,18.0,0.7071067811865476,0.7071067811865476
2023-07-17,29.4,34.2,24.8,0.0,1.3,6.2,58.0,24.5,0.9238795325112868,0.3826834323650898
2023-07-18,29.3,33.0,25.3,0.0,1.5,6.0,63.0,19.1,0.9238795325112868,0.3826834323650898
2023-07-19,29.9,34.3,26.0,0.0,1.5,6.2,66.0,20.7,0.3826834323650898,0.9238795325112868
2023-07-20,28.3,33.4,23.1,0.0,1.7,6.4,57.0,25.4,0.7071067811865476,0.7071067811865476
2023-07-21,25.7,29.8,20.1,11.4,2.1,7.9,68.0,19.9,0.7071067811865476,0.7071067811865476
2023-07-22,25.4,29.6,21.3,0.0,2.0,6.5,66.0,21.1,0.9238795325112868,0.3826834323650898
2023-07-23,26.3,30.4,22.6,0.0,1.8,6.5,63.0,22.9,0.9238795325112868,0.3826834323650898
2023-07-24,23.2,25.1,21.2,1.2,1.9,7.6,73.0,9.3,0.7071067811865476,0.7071067811865476
2023-07-25,24.6,30.9,18.7,0.6,2.5,15.7,51.0,23.8,-0.9238795325112866,0.38268343236509
2023-07-26,24.9,29.4,20.1,0.0,1.9,9.8,29.0,29.0,0.7071067811865476,0.7071067811865476
2023-07-27,22.5,27.0,17.4,0.0,1.8,6.5,53.0,25.5,0.3826834323650898,0.9238795325112868
2023-07-28,24.8,29.0,20.0,0.0,1.6,6.2,53.0,24.3,0.7071067811865476,0.7071067811865476
2023-07-29,24.8,29.5,20.6,1.8,1.7,6.4,64.0,18.9,0.9238795325112868,0.3826834323650898
2023-07-30,25.6,31.5,19.9,0.0,1.2,4.3,67.0,24.9,0.9238795325112868,0.3826834323650898
2023-07-31,26.1,30.2,21.9,0.0,1.5,5.4,59.0,18.2,0.7071067811865476,0.7071067811865476
2023-08-01,26.3,31.0,22.8,0.0,1.3,5.7,63.0,21.8,0.9238795325112868,0.3826834323650898
2023-08-02,25.5,29.8,21.8,0.0,1.8,6.1,61.0,21.7,0.9238795325112868,0.3826834323650898
2023-08-03,26.0,29.9,21.4,0.0,1.9,6.5,64.0,23.4,0.3826834323650898,0.9238795325112868
2023-08-04,22.0,27.2,17.0,17.8,2.2,10.7,63.0,18.3,0.9238795325112868,0.3826834323650898
2023-08-05,23.6,30.8,16.5,0.0,1.9,7.3,48.0,28.0,-0.3826834323650896,-0.9238795325112868
2023-08-06,25.0,29.8,19.6,0.0,4.1,12.9,24.0,28.9,-0.9238795325112866,0.38268343236509
2023-08-07,22.9,27.7,17.7,0.0,2.0,8.4,28.0,28.1,0.7071067811865476,0.7071067811865476
2023-08-08,22.9,27.5,18.4,0.0,1.4,5.7,34.0,26.5,0.9238795325112868,0.3826834323650898
2023-08-09,24.1,30.0,18.3,0.0,1.3,5.4,41.0,26.8,0.9238795325112868,0.3826834323650898
2023-08-10,24.7,29.9,19.1,0.0,1.4,5.0,52.0,22.2,0.7071067811865476,0.7071067811865476
2023-08-11,26.0,32.1,20.9,0.0,1.4,7.8,57.0,24.6,0.7071067811865476,0.7071067811865476
2023-08-12,27.1,31.6,23.3,0.0,1.3,4.6,58.0,17.3,0.9238795325112868,0.3826834323650898
2023-08-13,27.1,32.7,21.4,10.4,1.5,12.6,61.0,19.5,0.3826834323650898,0.9238795325112868
2023-08-14,26.3,31.5,21.8,1.6,1.2,6.1,66.0,19.1,0.9238795325112868,0.3826834323650898
2023-08-15,27.6,33.2,23.4,0.0,1.4,5.6,58.0,24.0,0.3826834323650898,0.9238795325112868
2023-08-16,26.3,31.7,17.3,46.0,1.7,13.5,61.0,18.6,0.7071067811865476,0.7071067811865476
2023-08-17,25.8,31.7,19.0,0.0,1.2,6.4,66.0,17.8,0.0,1.0
2023-08-18,27.5,33.2,22.2,0.0,0.9,4.3,57.0,23.0,1.0,6.123233995736766e-17
2023-08-19,29.0,34.9,23.9,0.0,1.1,5.0,56.0,23.1,0.7071067811865476,0.7071067811865476
2023-08-20,29.7,35.1,24.7,0.0,1.4,4.9,55.0,22.9,0.7071067811865476,0.7071067811865476
2023-08-21,30.8,35.9,25.8,0.0,1.1,4.4,50.0,23.3,0.9238795325112868,0.3826834323650898
2023-08-22,30.8,36.7,25.4,0.0,1.1,4.9,50.0,23.1,1.0,6.123233995736766e-17
2023-08-23,31.5,37.7,26.1,0.0,1.0,4.1,48.0,22.5,1.0,6.123233995736766e-17
2023-08-24,30.8,35.5,26.3,0.0,1.6,6.7,50.0,21.1,0.7071067811865476,0.7071067811865476
2023-08-25,30.0,34.8,25.8,0.0,1.7,7.1,50.0,21.9,0.9238795325112868,0.3826834323650898
2023-08-26,25.0,28.5,22.5,7.2,2.0,10.1,70.0,12.7,0.3826834323650898,0.9238795325112868
2023-08-27,21.4,23.8,18.8,24.4,1.7,6.6,78.0,7.0,0.0,1.0
2023-08-28,16.9,19.1,14.4,73.6,2.3,13.5,84.0,5.6,-0.7071067811865475,-0.7071067811865477
2023-08-29,20.7,26.0,16.5,0.2,2.0,7.6,53.0,18.2,-0.3826834323650896,-0.9238795325112868
2023-08-30,21.4,26.3,16.2,0.0,1.2,5.6,47.0,21.7,-0.3826834323650896,-0.9238795325112868
2023-08-31,21.6,27.2,16.1,0.0,1.3,5.4,57.0,21.6,0.9238795325112868,0.3826834323650898
2023-09-01,22.3,25.8,17.8,0.0,1.1,4.8,62.0,14.3,1.0,6.123233995736766e-17
2023-09-02,23.7,27.8,19.5,0.0,1.1,4.8,62.0,17.2,0.9238795325112868,0.3826834323650898
2023-09-03,24.8,30.8,19.1,0.0,1.0,5.4,56.0,20.8,-0.7071067811865475,-0.7071067811865477
2023-09-04,24.7,29.2,20.2,0.0,1.3,5.5,62.0,16.9,0.9238795325112868,0.3826834323650898
2023-09-05,22.8,24.7,20.0,0.0,1.7,6.2,61.0,6.7,0.9238795325112868,0.3826834323650898
2023-09-06,23.0,28.3,18.0,0.0,1.0,4.6,59.0,21.5,1.0,6.123233995736766e-17
2023-09-07,23.3,28.4,17.8,0.0,1.2,4.7,57.0,21.1,0.9238795325112868,0.3826834323650898
2023-09-08,23.8,29.1,19.2,0.0,1.1,5.4,58.0,19.1,0.9238795325112868,0.3826834323650898
2023-09-09,24.7,30.7,19.8,0.0,0.9,4.4,56.0,20.8,0.9238795325112868,0.3826834323650898
2023-09-10,25.2,31.0,20.1,0.0,0.9,4.6,55.0,20.5,0.9238795325112868,0.3826834323650898
2023-09-11,25.4,30.8,20.7,0.0,0.9,4.5,56.0,19.9,0.9238795325112868,0.3826834323650898
2023-09-12,24.5,29.1,20.8,0.0,1.5,5.3,60.0,16.6,0.9238795325112868,0.3826834323650898
2023-09-13,21.2,23.7,19.1,0.0,1.9,6.4,73.0,11.0,0.7071067811865476,0.7071067811865476
2023-09-14,21.9,26.9,17.7,4.0,1.3,5.8,70.0,14.6,0.9238795325112868,0.3826834323650898
2023-09-15,20.0,23.7,17.5,10.8,1.3,4.6,85.0,10.4,0.7071067811865476,0.7071067811865476
2023-09-16,20.2,22.5,18.8,5.6,1.1,4.5,83.0,6.1,1.0,6.123233995736766e-17
2023-09-17,21.5,24.6,18.7,0.2,0.8,3.3,76.0,9.1,-0.3826834323650895,0.9238795325112868
2023-09-18,21.0,23.2,18.8,2.6,1.4,5.7,85.0,6.7,0.7071067811865476,0.7071067811865476
2023-09-19,21.9,27.7,17.9,0.0,1.0,4.8,68.0,18.7,-0.3826834323650895,0.9238795325112868
2023-09-20,19.8,22.9,17.0,18.0,1.6,5.6,81.0,9.2,0.0,1.0
2023-09-21,18.9,20.9,17.0,0.4,1.3,4.8,87.0,5.1,0.0,1.0
2023-09-22,20.1,24.7,17.0,0.0,1.1,6.7,73.0,13.9,0.3826834323650898,0.9238795325112868
2023-09-23,17.7,21.9,14.3,13.6,1.8,9.7,65.0,15.4,-0.7071067811865475,-0.7071067811865477
2023-09-24,18.1,23.7,13.3,0.0,1.1,4.9,52.0,19.2,-0.3826834323650896,-0.9238795325112868
2023-09-25,17.9,24.5,12.0,0.0,0.9,4.6,60.0,18.3,0.7071067811865476,0.7071067811865476
2023-09-26,19.7,25.8,14.3,0.0,0.8,3.7,57.0,18.0,-0.3826834323650895,0.9238795325112868
2023-09-27,20.6,26.5,15.3,0.0,0.8,3.6,61.0,16.9,0.9238795325112868,0.3826834323650898
2023-09-28,21.4,27.2,17.1,0.0,1.0,3.7,62.0,15.3,0.7071067811865476,0.7071067811865476
2023-09-29,21.7,27.5,16.8,0.0,0.8,4.0,61.0,16.5,1.2246467991473532e-16,-1.0
2023-09-30,21.7,27.2,17.6,0.0,0.8,4.6,64.0,15.2,0.9238795325112868,0.3826834323650898
2023-10-01,22.1,27.2,17.8,0.0,0.8,3.7,67.0,15.4,0.7071067811865476,0.7071067811865476
2023-10-02,22.8,26.8,20.5,0.0,0.8,4.4,66.0,13.1,0.9238795325112868,0.3826834323650898
2023-10-03,22.7,27.5,19.5,0.0,1.1,4.8,66.0,14.2,1.0,6.123233995736766e-17
2023-10-04,21.6,25.7,17.9,0.0,1.1,4.1,73.0,13.2,0.9238795325112868,0.3826834323650898
2023-10-05,20.8,24.7,18.4,0.0,1.1,4.1,74.0,10.4,0.9238795325112868,0.3826834323650898
2023-10-06,20.5,24.4,17.5,0.0,1.0,3.6,73.0,10.7,0.9238795325112868,0.3826834323650898
2023-10-07,20.9,25.9,16.8,0.0,0.9,4.7,69.0,14.5,-0.3826834323650896,-0.9238795325112868
2023-10-08,22.8,31.4,16.6,0.0,1.1,4.1,57.0,14.9,-0.7071067811865475,-0.7071067811865477
2023-10-09,23.2,30.5,17.8,0.0,0.9,3.8,53.0,14.7,-0.7071067811865475,-0.7071067811865477
2023-10-10,22.3,29.7,16.8,0.0,0.9,3.7,56.0,14.7,-0.7071067811865475,-0.7071067811865477
2023-10-11,20.4,25.7,16.0,0.0,1.0,4.1,69.0,13.8,0.0,1.0
2023-10-12,20.6,25.4,17.3,0.0,0.8,3.7,69.0,12.1,-0.3826834323650895,0.9238795325112868
2023-10-13,20.5,24.3,17.8,0.0,0.9,3.7,67.0,11.3,-0.3826834323650895,0.9238795325112868
2023-10-14,19.3,23.5,15.6,0.0,0.9,3.8,75.0,9.8,0.9238795325112868,0.3826834323650898
2023-10-15,18.2,23.5,14.4,0.0,1.1,5.4,64.0,11.8,0.7071067811865476,0.7071067811865476
2023-10-16,13.6,14.7,11.5,0.0,1.8,8.4,68.0,3.2,0.3826834323650898,0.9238795325112868
2023-10-17,13.6,17.0,9.5,0.0,1.0,4.3,65.0,11.9,0.9238795325112868,0.3826834323650898
2023-10-18,13.6,15.6,12.2,0.0,1.2,3.5,71.0,3.6,0.9238795325112868,0.3826834323650898
2023-10-19,12.7,14.0,11.8,1.8,1.2,3.7,85.0,2.8,0.0,1.0
2023-10-20,13.4,15.3,12.0,20.4,1.0,4.0,93.0,3.4,0.0,1.0
2023-10-21,15.8,19.9,13.0,0.2,0.9,3.8,82.0,8.7,1.0,6.123233995736766e-17
2023-10-22,15.5,18.7,12.6,0.0,0.9,4.3,79.0,10.6,0.9238795325112868,0.3826834323650898
2023-10-23,14.0,14.6,13.6,0.0,1.1,4.3,90.0,1.1,0.9238795325112868,0.3826834323650898
2023-10-24,13.5,14.5,11.8,9.6,1.0,4.2,90.0,2.7,-0.7071067811865475,-0.7071067811865477
2023-10-25,13.0,16.3,10.4,0.0,1.1,4.4,90.0,10.3,-0.7071067811865475,-0.7071067811865477
2023-10-26,13.4,16.3,10.9,0.6,1.0,3.5,91.0,5.2,1.0,6.123233995736766e-17
2023-10-27,17.4,23.6,12.2,1.6,2.1,13.0,56.0,12.5,-0.9238795325112866,0.38268343236509
2023-10-28,14.2,17.7,10.1,0.0,1.3,5.2,60.0,9.9,0.7071067811865476,0.7071067811865476
2023-10-29,13.1,14.3,11.4,0.2,1.1,5.1,81.0,3.3,0.7071067811865476,0.7071067811865476
2023-10-30,13.3,13.8,12.0,20.8,1.3,6.1,97.0,0.9,-0.3826834323650895,0.9238795325112868
2023-10-31,14.5,20.1,11.4,2.2,1.3,6.2,79.0,11.3,-0.3826834323650896,-0.9238795325112868
2023-11-01,11.2,12.9,9.1,0.0,1.2,4.4,83.0,4.0,0.3826834323650898,0.9238795325112868
2023-11-02,10.4,11.4,8.5,8.6,1.2,6.7,91.0,0.7,0.0,1.0
2023-11-03,11.8,17.6,7.9,0.0,1.8,9.6,67.0,10.2,-1.0,-1.8369701987210294e-16
2023-11-04,8.8,11.8,6.0,5.8,1.5,5.5,78.0,8.0,0.7071067811865476,0.7071067811865476
2023-11-05,9.7,14.3,5.7,0.2,1.2,4.8,81.0,10.4,-0.7071067811865475,-0.7071067811865477
2023-11-06,10.5,15.4,6.1,0.0,1.0,4.1,74.0,10.4,0.7071067811865476,0.7071067811865476
2023-11-07,10.4,15.4,6.4,0.0,0.8,3.1,77.0,8.2,0.3826834323650898,0.9238795325112868
2023-11-08,9.7,15.2,5.8,0.0,0.9,4.1,72.0,9.9,-0.3826834323650895,0.9238795325112868
2023-11-09,8.0,8.9,7.1,3.8,1.2,3.4,83.0,1.2,0.9238795325112868,0.3826834323650898
2023-11-10,7.9,10.9,6.0,0.0,1.5,6.1,84.0,8.0,-0.3826834323650896,-0.9238795325112868
2023-11-11,9.2,16.1,4.0,0.0,0.9,3.7,65.0,9.6,0.3826834323650898,0.9238795325112868
2023-11-12,8.7,11.9,5.9,0.0,1.2,4.8,66.0,9.0,0.7071067811865476,0.7071067811865476
2023-11-13,9.6,14.8,5.2,0.0,0.9,3.6,77.0,8.5,0.7071067811865476,0.7071067811865476
2023-11-14,10.8,12.1,9.3,0.0,1.1,9.1,89.0,2.0,0.7071067811865476,0.7071067811865476
2023-11-15,13.4,21.0,8.0,0.0,1.7,9.0,59.0,9.5,0.9238795325112868,0.3826834323650898
2023-11-16,10.4,14.7,6.3,0.0,0.7,3.2,56.0,6.5,0.9238795325112868,0.3826834323650898
2023-11-17,12.6,18.2,4.6,0.0,1.3,5.7,42.0,9.0,1.0,6.123233995736766e-17
2023-11-18,9.9,14.9,5.8,0.0,0.9,4.1,49.0,8.4,-0.3826834323650896,-0.9238795325112868
2023-11-19,9.1,14.1,5.3,0.0,0.8,3.7,57.0,7.9,0.7071067811865476,0.7071067811865476
2023-11-20,8.4,12.8,5.0,0.0,0.8,4.3,71.0,3.3,0.0,1.0
2023-11-21,10.2,13.6,7.7,0.0,1.0,3.6,80.0,5.9,0.3826834323650898,0.9238795325112868
2023-11-22,10.2,17.4,5.4,0.0,0.6,3.6,60.0,8.1,-0.3826834323650895,0.9238795325112868
2023-11-23,8.8,13.9,5.1,0.0,0.8,4.0,60.0,7.9,-0.3826834323650896,-0.9238795325112868
2023-11-24,10.2,17.7,3.7,0.0,1.7,11.6,54.0,8.2,-0.7071067811865475,-0.7071067811865477
2023-11-25,9.9,12.4,6.5,0.0,2.1,8.8,21.0,8.4,-0.9238795325112868,-0.3826834323650895
2023-11-26,6.0,11.0,1.8,0.0,1.2,3.9,41.0,8.0,-0.3826834323650896,-0.9238795325112868
2023-11-27,4.9,8.6,2.3,0.0,1.1,4.9,51.0,6.6,0.3826834323650898,0.9238795325112868
2023-11-28,7.9,14.5,1.5,0.0,2.4,13.6,45.0,8.0,-0.9238795325112866,0.38268343236509
2023-11-29,6.5,11.4,3.1,0.0,1.0,4.2,42.0,7.6,0.9238795325112868,0.3826834323650898
2023-11-30,3.9,5.9,2.2,1.6,1.3,5.4,82.0,1.7,0.9238795325112868,0.3826834323650898
2023-12-01,4.7,6.7,2.2,4.4,1.2,4.1,89.0,2.9,-0.7071067811865475,-0.7071067811865477
2023-12-02,8.3,13.1,5.4,0.2,2.3,11.3,58.0,7.0,-0.7071067811865475,-0.7071067811865477
2023-12-03,5.1,9.4,1.4,0.0,0.9,3.4,57.0,7.5,0.7071067811865476,0.7071067811865476
2023-12-04,2.1,3.2,1.2,0.0,1.3,3.9,83.0,1.7,0.0,1.0
2023-12-05,2.7,5.7,0.9,0.0,1.2,3.9,80.0,6.2,-0.3826834323650896,-0.9238795325112868
2023-12-06,4.4,11.5,0.2,0.0,1.4,5.4,68.0,7.4,-0.7071067811865475,-0.7071067811865477
2023-12-07,5.2,9.7,1.1,0.0,0.7,3.0,59.0,6.8,-0.7071067811865475,-0.7071067811865477
2023-12-08,3.2,4.9,2.1,2.6,1.4,4.2,84.0,0.9,-0.3826834323650896,-0.9238795325112868
2023-12-09,2.3,3.5,0.8,0.6,1.0,4.0,97.0,1.7,0.9238795325112868,0.3826834323650898
2023-12-10,3.6,6.5,0.6,0.0,1.4,6.5,93.0,6.3,-0.7071067811865475,-0.7071067811865477
2023-12-11,6.5,11.7,2.8,0.0,0.9,4.4,83.0,6.2,0.7071067811865476,0.7071067811865476
2023-12-12,4.7,7.6,1.1,0.0,0.9,2.8,95.0,1.8,0.3826834323650898,0.9238795325112868
2023-12-13,7.2,9.0,6.3,0.0,1.3,5.9,96.0,3.3,-0.7071067811865475,-0.7071067811865477
2023-12-14,8.4,12.5,5.8,0.0,1.4,4.9,79.0,6.6,-0.3826834323650896,-0.9238795325112868
2023-12-15,7.9,12.9,4.3,0.0,1.2,4.7,63.0,6.9,-0.3826834323650896,-0.9238795325112868
2023-12-16,5.7,9.6,2.6,0.0,0.9,3.1,72.0,6.3,0.9238795325112868,0.3826834323650898
2023-12-17,5.2,9.7,1.9,0.0,1.2,3.7,78.0,6.2,-0.7071067811865475,-0.7071067811865477
2023-12-18,7.1,12.8,2.5,0.0,1.2,4.1,71.0,6.4,-0.7071067811865475,-0.7071067811865477
2023-12-19,8.1,14.6,3.9,0.0,0.9,3.4,66.0,6.6,-0.7071067811865475,-0.7071067811865477
2023-12-20,7.4,11.9,4.8,0.0,0.9,4.8,66.0,4.1,-0.3826834323650896,-0.9238795325112868
2023-12-21,7.1,18.9,3.5,0.0,1.1,7.8,65.0,4.6,-0.7071067811865475,-0.7071067811865477
2023-12-22,18.5,20.9,14.9,0.0,3.2,14.7,20.0,6.8,-1.0,-1.8369701987210294e-16
2023-12-23,13.1,18.6,7.6,0.0,0.9,5.7,40.0,6.3,0.7071067811865476,0.7071067811865476
2023-12-24,11.7,16.8,8.5,0.0,1.8,6.3,52.0,6.7,-0.7071067811865475,-0.7071067811865477
2023-12-25,9.6,13.4,6.3,0.0,1.2,5.1,75.0,6.4,-0.7071067811865475,-0.7071067811865477
2023-12-26,8.3,11.7,5.6,0.0,0.8,4.4,81.0,3.8,-0.7071067811865475,-0.7071067811865477
2023-12-27,8.4,10.1,5.6,0.0,0.7,3.3,79.0,2.1,0.9238795325112868,0.3826834323650898
2023-12-28,9.0,10.0,7.8,0.0,0.8,2.1,79.0,1.6,0.9238795325112868,0.3826834323650898
2023-12-29,7.8,10.3,5.5,0.0,0.9,3.2,77.0,2.2,-0.7071067811865475,-0.7071067811865477
2023-12-30,7.7,12.3,4.2,0.0,1.0,3.4,76.0,6.5,-0.7071067811865475,-0.7071067811865477
2023-12-31,6.9,8.4,5.5,0.4,1.0,3.7,87.0,3.1,-0.3826834323650896,-0.9238795325112868
2024-01-01,4.7,7.5,1.6,0.0,1.2,4.4,95.0,4.8,-0.3826834323650896,-0.9238795325112868
2024-01-02,4.7,7.8,1.8,0.0,0.8,3.2,83.0,4.9,0.7071067811865476,0.7071067811865476
2024-01-03,5.8,10.1,3.2,0.0,1.2,5.0,79.0,6.6,-0.7071067811865475,-0.7071067811865477
2024-01-04,9.2,16.6,3.7,0.0,1.6,10.1,60.0,7.2,0.7071067811865476,0.7071067811865476
2024-01-05,5.1,6.9,3.1,22.4,1.6,5.2,92.0,0.5,0.0,1.0
2024-01-06,5.9,9.4,2.8,0.0,1.6,5.1,88.0,3.4,-0.3826834323650896,-0.9238795325112868
2024-01-07,8.7,11.1,5.8,0.0,1.2,5.9,66.0,3.5,-0.3826834323650896,-0.9238795325112868
2024-01-08,7.1,8.4,5.8,6.0,1.1,3.4,87.0,1.2,-0.7071067811865475,-0.7071067811865477
2024-01-09,5.2,6.7,3.7,1.0,1.7,5.9,90.0,0.5,0.3826834323650898,0.9238795325112868
2024-01-10,4.0,4.6,3.1,0.0,1.4,4.3,83.0,1.6,0.9238795325112868,0.3826834323650898
2024-01-11,4.6,8.1,2.3,0.0,1.1,3.9,77.0,6.7,-0.3826834323650896,-0.9238795325112868
2024-01-12,4.2,8.1,0.8,0.0,0.9,3.1,81.0,7.3,-0.7071067811865475,-0.7071067811865477
2024-01-13,3.6,7.2,1.2,0.0,1.2,3.5,80.0,7.5,-0.3826834323650896,-0.9238795325112868
2024-01-14,2.8,6.4,0.4,0.0,1.0,3.4,81.0,4.6,-0.7071067811865475,-0.7071067811865477
2024-01-15,4.6,9.1,1.6,0.0,1.0,3.9,79.0,7.0,-0.3826834323650896,-0.9238795325112868
2024-01-16,2.8,6.2,-0.9,0.0,1.0,5.1,88.0,1.6,-0.7071067811865475,-0.7071067811865477
2024-01-17,4.1,5.6,1.8,0.4,1.1,4.1,82.0,2.8,-0.7071067811865475,-0.7071067811865477
2024-01-18,3.5,7.5,1.1,0.0,1.3,5.4,92.0,5.7,-0.3826834323650896,-0.9238795325112868
2024-01-19,3.5,8.2,-0.1,0.0,1.7,8.1,88.0,4.9,-0.7071067811865475,-0.7071067811865477
2024-01-20,5.2,9.7,1.6,0.0,1.0,3.8,63.0,8.5,-0.7071067811865475,-0.7071067811865477
2024-01-21,2.5,5.9,0.1,0.0,1.1,3.5,59.0,6.8,-0.7071067811865475,-0.7071067811865477
2024-01-22,3.1,7.3,-0.8,0.0,1.0,3.3,59.0,6.6,-0.7071067811865475,-0.7071067811865477
2024-01-23,6.2,13.6,-0.4,0.0,1.1,5.8,53.0,8.4,-0.7071067811865475,-0.7071067811865477
2024-01-24,6.8,12.7,2.6,0.0,0.8,3.4,66.0,7.9,-0.3826834323650896,-0.9238795325112868
2024-01-25,8.2,17.3,3.6,0.0,1.2,4.8,70.0,8.9,-0.7071067811865475,-0.7071067811865477
2024-01-26,5.5,8.6,1.0,0.0,1.2,4.6,87.0,4.3,-0.7071067811865475,-0.7071067811865477
2024-01-27,9.5,18.4,3.3,0.0,1.6,5.0,66.0,9.3,-0.7071067811865475,-0.7071067811865477
2024-01-28,7.1,13.2,2.5,0.0,1.1,3.3,79.0,8.4,0.9238795325112868,0.3826834323650898
2024-01-29,6.1,11.0,2.4,0.0,0.7,3.1,70.0,8.4,0.9238795325112868,0.3826834323650898
2024-01-30,6.4,11.1,2.3,0.0,0.8,2.8,63.0,7.7,0.9238795325112868,0.3826834323650898
2024-01-31,7.2,12.6,3.1,0.0,0.7,2.8,62.0,8.2,-0.3826834323650896,-0.9238795325112868
2024-02-01,6.4,10.8,3.6,0.0,1.2,7.6,69.0,4.9,-0.7071067811865475,-0.7071067811865477
2024-02-02,9.2,16.6,3.4,0.0,1.3,4.3,62.0,9.1,-0.7071067811865475,-0.7071067811865477
2024-02-03,11.2,18.2,5.1,0.0,1.7,5.9,57.0,10.1,-0.7071067811865475,-0.7071067811865477
2024-02-04,12.5,21.1,5.7,0.0,1.5,6.0,58.0,10.9,-0.7071067811865475,-0.7071067811865477
2024-02-05,11.8,18.2,7.9,0.0,2.3,6.9,67.0,10.6,-0.7071067811865475,-0.7071067811865477
2024-02-06,7.5,9.4,4.8,0.0,1.0,3.2,92.0,2.7,0.9238795325112868,0.3826834323650898
2024-02-07,10.5,13.5,7.8,0.0,0.9,3.3,75.0,7.3,-0.7071067811865475,-0.7071067811865477
2024-02-08,9.5,12.0,7.1,0.6,1.0,3.6,79.0,4.9,0.9238795325112868,0.3826834323650898
2024-02-09,8.5,8.9,8.1,4.8,1.6,4.6,98.0,0.2,0.3826834323650898,0.9238795325112868
2024-02-10,8.1,8.4,7.3,36.2,1.8,6.8,96.0,0.4,0.3826834323650898,0.9238795325112868
2024-02-11,9.7,13.0,7.2,1.6,1.5,5.1,83.0,8.2,-0.3826834323650896,-0.9238795325112868
2024-02-12,8.4,12.1,4.6,0.0,1.1,5.9,77.0,8.3,0.7071067811865476,0.7071067811865476
2024-02-13,9.7,16.0,4.5,0.0,1.0,4.8,58.0,12.0,-0.7071067811865475,-0.7071067811865477
2024-02-14,9.8,15.7,4.7,0.0,0.7,3.5,55.0,11.5,-0.3826834323650895,0.9238795325112868
2024-02-15,9.4,13.5,5.8,0.0,0.8,3.2,67.0,7.9,0.7071067811865476,0.7071067811865476
2024-02-16,10.4,13.8,7.0,0.0,0.8,3.5,70.0,8.0,-0.3826834323650896,-0.9238795325112868
2024-02-17,11.7,17.4,7.3,0.0,0.7,3.3,67.0,11.1,-0.3826834323650896,-0.9238795325112868
2024-02-18,11.8,16.6,7.5,0.0,0.8,3.3,71.0,9.3,0.7071067811865476,0.7071067811865476
2024-02-19,12.5,19.0,7.2,0.0,1.2,5.8,68.0,12.0,-0.7071067811865475,-0.7071067811865477
2024-02-20,12.3,17.9,7.5,0.0,1.1,4.6,56.0,12.6,-0.7071067811865475,-0.7071067811865477
2024-02-21,10.7,14.2,6.9,0.0,1.3,4.9,64.0,10.2,0.3826834323650898,0.9238795325112868
2024-02-22,9.5,11.8,8.2,2.0,1.5,5.4,82.0,5.9,0.7071067811865476,0.7071067811865476
2024-02-23,9.4,13.0,6.9,2.2,1.3,5.0,79.0,9.8,-0.3826834323650896,-0.9238795325112868
2024-02-24,7.5,9.9,5.4,0.0,1.7,6.0,84.0,7.4,0.9238795325112868,0.3826834323650898
2024-02-25,8.0,11.3,5.2,0.0,1.4,6.0,73.0,8.3,0.9238795325112868,0.3826834323650898
2024-02-26,5.2,6.2,4.4,21.6,2.0,7.2,91.0,1.6,0.0,1.0
2024-02-27,6.6,7.9,5.2,52.4,1.3,4.5,97.0,1.7,-0.3826834323650895,0.9238795325112868
2024-02-28,9.9,12.2,7.5,5.8,0.7,4.3,93.0,2.8,0.3826834323650898,0.9238795325112868
2024-02-29,10.9,13.3,9.1,6.4,0.8,4.2,88.0,3.7,0.9238795325112868,0.3826834323650898
2024-03-01,9.7,10.7,9.1,13.2,1.2,4.0,93.0,3.4,0.3826834323650898,0.9238795325112868
2024-03-02,9.7,11.1,8.7,1.0,1.7,7.5,89.0,5.4,0.7071067811865476,0.7071067811865476
2024-03-03,8.0,9.3,6.5,75.0,2.7,10.1,96.0,0.4,0.7071067811865476,0.7071067811865476
2024-03-04,10.7,14.8,7.2,9.0,1.8,7.2,77.0,13.2,1.2246467991473532e-16,-1.0
2024-03-05,10.8,15.2,8.0,1.8,1.3,12.1,69.0,11.1,0.7071067811865476,0.7071067811865476
2024-03-06,10.1,14.5,7.4,0.6,1.8,10.8,58.0,9.7,-0.3826834323650896,-0.9238795325112868
2024-03-07,10.3,15.7,5.2,0.0,1.0,4.7,53.0,16.9,0.7071067811865476,0.7071067811865476
2024-03-08,7.1,8.2,5.9,7.2,1.7,5.2,85.0,3.3,0.7071067811865476,0.7071067811865476
2024-03-09,6.6,7.5,5.5,12.6,1.6,5.4,94.0,1.3,0.0,1.0
2024-03-10,7.3,10.0,6.1,37.2,1.6,6.8,91.0,4.9,0.0,1.0
2024-03-11,10.0,14.1,6.8,0.0,1.0,4.5,70.0,11.8,-0.7071067811865475,-0.7071067811865477
2024-03-12,13.1,19.0,6.5,0.0,1.7,8.9,46.0,17.7,-0.3826834323650896,-0.9238795325112868
2024-03-13,13.5,19.1,8.0,0.0,0.9,3.9,46.0,17.7,0.0,1.0
2024-03-14,13.1,18.8,8.1,0.0,1.3,5.4,62.0,16.9,0.7071067811865476,0.7071067811865476
2024-03-15,13.2,17.2,9.4,0.0,1.1,4.5,71.0,10.2,0.9238795325112868,0.3826834323650898
2024-03-16,14.9,20.4,9.6,0.0,1.0,5.3,65.0,18.0,-0.7071067811865475,-0.7071067811865477
2024-03-17,14.1,18.4,10.7,0.0,1.2,4.7,67.0,12.1,0.9238795325112868,0.3826834323650898
2024-03-18,14.4,18.9,10.8,0.0,1.0,5.1,71.0,12.4,-0.3826834323650896,-0.9238795325112868
2024-03-19,13.6,19.6,8.7,0.0,1.4,5.4,74.0,17.2,0.7071067811865476,0.7071067811865476
2024-03-20,13.8,17.1,10.9,0.0,1.0,4.5,77.0,8.2,0.7071067811865476,0.7071067811865476
2024-03-21,16.0,22.1,10.8,0.0,0.9,4.0,66.0,17.4,-0.7071067811865475,-0.7071067811865477
2024-03-22,15.0,20.1,9.9,0.0,1.2,4.5,71.0,14.2,0.9238795325112868,0.3826834323650898
2024-03-23,15.4,22.0,11.1,0.0,3.1,15.7,48.0,18.5,-0.9238795325112866,0.38268343236509
2024-03-24,14.0,17.6,9.4,0.0,2.8,12.3,20.0,21.4,-1.0,-1.8369701987210294e-16
2024-03-25,11.6,15.0,6.2,0.0,1.3,5.4,29.0,16.2,1.0,6.123233995736766e-17
2024-03-26,8.2,11.7,6.7,12.2,1.6,7.3,75.0,1.9,-0.7071067811865475,-0.7071067811865477
2024-03-27,7.5,9.8,5.8,11.6,1.4,5.2,87.0,5.7,0.0,1.0
2024-03-28,8.7,12.1,6.2,1.4,1.3,4.6,83.0,8.3,0.7071067811865476,0.7071067811865476
2024-03-29,9.0,9.9,8.1,1.4,1.2,4.4,91.0,2.3,0.7071067811865476,0.7071067811865476
2024-03-30,10.0,10.9,8.7,8.2,1.2,3.5,95.0,0.7,0.7071067811865476,0.7071067811865476
2024-03-31,11.4,14.0,8.7,8.0,1.5,5.3,88.0,8.7,0.3826834323650898,0.9238795325112868
2024-04-01,13.6,20.4,9.1,8.2,2.0,12.1,64.0,21.8,-1.0,-1.8369701987210294e-16
2024-04-02,14.7,20.7,7.2,0.0,1.5,10.7,47.0,22.8,1.2246467991473532e-16,-1.0
2024-04-03,13.4,16.9,10.3,0.0,2.0,6.8,67.0,17.8,0.7071067811865476,0.7071067811865476
2024-04-04,14.9,19.4,10.6,0.0,1.1,6.2,69.0,15.5,0.9238795325112868,0.3826834323650898
2024-04-05,15.9,19.0,12.3,0.0,1.2,4.4,71.0,12.7,-0.3826834323650896,-0.9238795325112868
2024-04-06,17.3,22.7,11.6,0.0,1.0,5.2,66.0,20.6,0.9238795325112868,0.3826834323650898
2024-04-07,19.0,23.0,13.9,0.0,0.9,4.4,62.0,14.8,-0.7071067811865475,-0.7071067811865477
2024-04-08,20.0,24.5,15.3,0.0,1.0,4.2,61.0,15.9,0.9238795325112868,0.3826834323650898
2024-04-09,13.4,17.2,10.8,13.6,1.5,5.8,82.0,1.7,0.3826834323650898,0.9238795325112868
2024-04-10,12.0,15.4,9.8,5.6,1.4,5.4,72.0,7.1,-0.3826834323650896,-0.9238795325112868
2024-04-11,17.4,23.7,11.4,0.0,1.3,5.0,65.0,22.7,-0.3826834323650896,-0.9238795325112868
2024-04-12,20.0,26.2,12.8,0.0,0.9,4.6,58.0,22.7,-0.3826834323650896,-0.9238795325112868
2024-04-13,21.3,27.9,14.7,0.0,0.8,4.2,57.0,22.6,0.7071067811865476,0.7071067811865476
2024-04-14,22.4,28.6,15.8,0.0,0.9,4.5,55.0,22.7,1.0,6.123233995736766e-17
2024-04-15,19.3,23.6,16.0,0.0,1.1,4.7,63.0,13.7,-0.7071067811865475,-0.7071067811865477
2024-04-16,18.1,21.5,12.6,0.0,3.7,17.6,22.0,26.1,-0.7071067811865477,0.7071067811865474
2024-04-17,13.6,19.2,7.1,0.0,2.6,12.5,34.0,26.3,-0.9238795325112866,0.38268343236509
2024-04-18,10.9,15.3,7.8,0.0,2.0,11.3,42.0,15.9,0.9238795325112868,0.3826834323650898
2024-04-19,12.9,19.7,5.3,0.0,1.6,6.1,40.0,26.0,-0.3826834323650896,-0.9238795325112868
2024-04-20,14.0,18.1,8.2,0.0,2.0,8.8,33.0,22.5,0.9238795325112868,0.3826834323650898
2024-04-21,12.3,16.7,8.0,0.0,2.1,11.5,33.0,21.4,0.7071067811865476,0.7071067811865476
2024-04-22,6.1,8.5,4.9,9.2,1.9,7.3,80.0,6.3,0.7071067811865476,0.7071067811865476
2024-04-23,7.9,13.3,5.1,10.6,1.9,8.8,75.0,17.9,-0.3826834323650896,-0.9238795325112868
2024-04-24,11.1,17.0,4.8,0.0,2.0,11.5,52.0,24.6,-0.3826834323650896,-0.9238795325112868
2024-04-25,11.3,15.3,6.1,0.0,1.4,5.6,54.0,20.3,1.0,6.123233995736766e-17
2024-04-26,9.6,10.8,8.5,1.4,2.0,6.8,80.0,3.4,0.3826834323650898,0.9238795325112868
2024-04-27,10.1,11.0,8.9,2.6,1.1,3.8,85.0,4.0,0.3826834323650898,0.9238795325112868
2024-04-28,10.8,12.6,9.3,8.6,1.2,4.1,91.0,3.1,-0.3826834323650896,-0.9238795325112868
2024-04-29,15.9,20.8,10.3,0.0,1.0,4.0,68.0,16.2,-0.7071067811865475,-0.7071067811865477
2024-04-30,18.0,21.8,14.2,6.3,1.1,7.4,58.0,13.6,0.0,1.0
2024-05-01,13.3,14.9,12.0,29.0,1.5,7.1,91.0,3.7,0.3826834323650898,0.9238795325112868
2024-05-02,11.9,13.4,10.8,6.0,1.8,7.9,93.0,3.5,0.0,1.0
2024-05-03,14.8,21.0,10.6,3.2,1.7,7.5,67.0,22.8,-0.3826834323650896,-0.9238795325112868
2024-05-04,15.5,20.4,9.6,0.0,1.1,4.4,64.0,21.4,0.9238795325112868,0.3826834323650898
2024-05-05,17.2,21.0,13.1,0.0,1.2,4.8,65.0,16.3,0.7071067811865476,-0.7071067811865475
2024-05-06,14.1,16.2,12.1,5.8,1.9,6.5,84.0,5.8,0.3826834323650898,0.9238795325112868
2024-05-07,12.0,13.7,10.8,24.0,1.9,7.4,94.0,2.6,0.7071067811865476,0.7071067811865476
2024-05-08,17.1,23.5,11.0,0.2,1.5,5.0,65.0,26.3,-0.3826834323650896,-0.9238795325112868
2024-05-09,19.4,23.7,14.8,0.0,1.1,5.1,61.0,21.9,1.2246467991473532e-16,-1.0
2024-05-10,19.7,25.0,14.7,0.0,1.2,4.4,61.0,22.7,0.9238795325112868,0.3826834323650898
2024-05-11,21.4,25.9,16.5,0.0,1.0,4.7,54.0,26.5,0.9238795325112868,0.3826834323650898
2024-05-12,19.9,25.5,16.0,12.5,1.6,8.4,64.0,18.9,0.9238795325112868,0.3826834323650898
2024-05-13,17.6,21.8,14.6,28.7,1.4,8.2,77.0,11.3,0.9238795325112868,0.3826834323650898
2024-05-14,15.8,18.2,13.9,24.2,1.4,4.7,89.0,6.8,0.0,1.0
2024-05-15,13.1,14.6,12.1,38.1,1.4,5.6,93.0,2.9,0.0,1.0
2024-05-16,13.6,16.6,12.2,4.2,1.4,5.4,88.0,9.2,0.7071067811865476,0.7071067811865476
2024-05-17,16.1,21.0,11.4,0.0,1.0,4.6,70.0,15.8,1.0,6.123233995736766e-17
2024-05-18,16.8,21.0,13.6,0.0,1.6,9.0,70.0,19.4,0.7071067811865476,0.7071067811865476
2024-05-19,18.5,22.5,13.4,0.0,1.1,4.9,64.0,19.5,-0.3826834323650896,-0.9238795325112868
2024-05-20,16.9,21.3,14.7,7.4,1.6,9.7,77.0,12.2,0.9238795325112868,0.3826834323650898
2024-05-21,18.1,23.6,14.3,8.5,1.7,8.6,75.0,22.5,-0.3826834323650896,-0.9238795325112868
2024-05-22,17.5,22.5,13.8,15.1,1.7,8.0,77.0,16.1,-0.3826834323650896,-0.9238795325112868
2024-05-23,15.4,18.2,13.6,1.8,1.3,8.0,81.0,14.0,0.7071067811865476,0.7071067811865476
2024-05-24,15.0,19.3,11.9,38.0,1.5,12.6,85.0,14.6,0.9238795325112868,0.3826834323650898
2024-05-25,17.2,21.1,12.4,0.2,1.0,5.4,72.0,19.3,0.9238795325112868,0.3826834323650898
2024-05-26,20.4,26.1,14.8,0.0,1.0,4.7,62.0,26.1,0.9238795325112868,0.3826834323650898
2024-05-27,18.2,22.0,15.9,13.5,1.6,6.9,81.0,11.8,0.7071067811865476,0.7071067811865476
2024-05-28,20.3,25.6,14.4,0.0,1.2,5.2,63.0,27.7,-0.3826834323650896,-0.9238795325112868
2024-05-29,20.5,23.7,16.7,0.0,1.4,5.3,68.0,16.3,0.7071067811865476,0.7071067811865476
2024-05-30,19.5,23.8,16.4,0.0,1.7,6.2,78.0,13.0,0.7071067811865476,0.7071067811865476
2024-05-31,19.4,24.0,15.2,0.0,2.1,10.3,58.0,22.9,-0.3826834323650896,-0.9238795325112868
2024-06-01,19.5,25.2,14.4,0.0,1.4,6.9,56.0,26.4,-0.7071067811865475,-0.7071067811865477
2024-06-02,19.1,25.0,14.7,0.0,1.5,9.8,59.0,22.7,1.0,6.123233995736766e-17
2024-06-03,20.3,24.5,15.9,0.0,1.5,5.0,62.0,21.9,-0.7071067811865475,-0.7071067811865477
2024-06-04,19.6,22.8,16.1,22.0,1.3,10.6,74.0,14.1,0.9238795325112868,0.3826834323650898
2024-06-05,21.6,26.3,16.8,0.0,1.1,5.2,65.0,18.0,1.0,6.123233995736766e-17
2024-06-06,23.0,27.0,18.7,0.0,1.3,5.9,64.0,19.7,-0.7071067811865475,-0.7071067811865477
2024-06-07,23.6,27.9,19.2,0.0,1.3,5.0,68.0,20.1,1.0,6.123233995736766e-17
2024-06-08,22.9,25.7,20.1,0.0,1.0,4.0,74.0,11.3,0.9238795325112868,0.3826834323650898
2024-06-09,21.3,25.4,17.6,5.4,1.4,7.9,73.0,9.9,0.0,1.0
2024-06-10,22.0,26.7,16.3,0.0,1.3,5.5,68.0,23.2,-0.3826834323650896,-0.9238795325112868
2024-06-11,20.8,26.3,16.5,20.6,2.0,8.5,71.0,22.8,0.7071067811865476,0.7071067811865476
2024-06-12,18.6,23.4,16.2,0.4,1.6,7.0,71.0,18.5,0.7071067811865476,0.7071067811865476
2024-06-13,19.9,25.2,15.2,0.6,1.3,4.9,63.0,21.0,1.0,6.123233995736766e-17
2024-06-14,19.2,22.6,16.5,0.6,2.0,6.1,71.0,14.1,0.3826834323650898,0.9238795325112868
2024-06-15,19.2,22.8,16.5,0.6,1.4,4.9,80.0,10.7,0.7071067811865476,0.7071067811865476
2024-06-16,21.8,27.0,16.4,0.0,1.4,5.3,63.0,27.1,0.9238795325112868,0.3826834323650898
2024-06-17,23.1,27.5,18.0,0.0,1.4,5.4,61.0,21.4,0.9238795325112868,0.3826834323650898
2024-06-18,24.5,27.6,20.2,0.0,1.5,5.7,58.0,20.4,0.9238795325112868,0.3826834323650898
2024-06-19,25.8,29.5,21.2,0.0,1.4,6.1,57.0,19.7,-0.3826834323650896,-0.9238795325112868
2024-06-20,23.2,24.8,20.6,5.0,1.2,7.3,76.0,9.0,1.0,6.123233995736766e-17
2024-06-21,21.4,24.4,18.2,5.6,1.3,6.3,80.0,8.4,-0.3826834323650896,-0.9238795325112868
2024-06-22,22.0,27.6,16.7,0.2,1.7,7.9,64.0,23.2,-0.7071067811865475,-0.7071067811865477
2024-06-23,17.6,19.6,16.1,8.4,1.4,7.6,80.0,5.7,-0.3826834323650896,-0.9238795325112868
2024-06-24,18.8,20.7,17.3,4.4,1.4,5.3,81.0,6.2,-0.3826834323650896,-0.9238795325112868
2024-06-25,20.5,25.0,17.3,17.7,1.3,6.7,78.0,19.3,-0.7071067811865475,-0.7071067811865477
2024-06-26,22.0,26.4,17.5,0.8,1.2,5.2,75.0,20.3,0.7071067811865476,0.7071067811865476
2024-06-27,25.3,31.3,18.5,0.0,1.1,5.6,66.0,27.9,0.9238795325112868,0.3826834323650898
2024-06-28,27.2,32.4,22.1,0.0,1.1,5.2,62.0,21.4,0.9238795325112868,0.3826834323650898
2024-06-29,25.4,27.4,22.4,0.0,1.7,6.0,75.0,10.2,0.7071067811865476,0.7071067811865476
2024-06-30,24.7,29.0,20.4,0.0,1.7,5.5,67.0,22.4,1.0,6.123233995736766e-17
2024-07-01,22.7,27.7,18.8,26.1,1.9,17.1,73.0,15.1,-0.3826834323650896,-0.9238795325112868
2024-07-02,24.2,29.4,17.7,0.0,1.3,5.0,54.0,28.7,0.9238795325112868,0.3826834323650898
2024-07-03,21.0,23.2,18.8,0.0,1.8,5.8,69.0,13.1,0.9238795325112868,0.3826834323650898
2024-07-04,22.8,27.6,17.3,0.0,1.4,5.5,59.0,25.6,0.9238795325112868,0.3826834323650898
2024-07-05,24.1,27.8,19.3,0.0,1.2,5.2,58.0,16.7,0.9238795325112868,0.3826834323650898
2024-07-06,22.9,25.5,20.3,0.0,1.8,6.9,73.0,11.6,0.7071067811865476,0.7071067811865476
2024-07-07,21.6,25.9,19.9,15.6,2.0,7.9,83.0,16.0,0.7071067811865476,0.7071067811865476
2024-07-08,24.1,28.4,20.0,0.0,1.3,4.4,72.0,19.3,0.9238795325112868,0.3826834323650898
2024-07-09,26.4,30.5,21.5,0.0,1.1,4.7,65.0,19.5,1.0,6.123233995736766e-17
2024-07-10,27.6,31.7,23.1,0.0,1.0,4.0,64.0,17.5,0.9238795325112868,0.3826834323650898
2024-07-11,27.5,33.1,23.2,7.4,1.3,8.1,66.0,23.0,0.9238795325112868,0.3826834323650898
2024-07-12,23.1,25.6,20.9,13.2,1.3,6.1,79.0,12.9,0.9238795325112868,0.3826834323650898
2024-07-13,24.5,29.4,19.4,0.0,1.5,5.2,68.0,27.0,0.9238795325112868,0.3826834323650898
2024-07-14,26.2,30.4,21.7,0.0,1.1,5.0,58.0,22.7,1.0,6.123233995736766e-17
2024-07-15,26.8,30.6,22.2,0.0,1.5,6.0,58.0,21.1,0.9238795325112868,0.3826834323650898
2024-07-16,28.1,32.4,23.2,0.0,1.3,5.3,57.0,23.1,0.9238795325112868,0.3826834323650898
2024-07-17,27.8,31.3,23.9,0.0,1.4,5.1,63.0,16.5,0.9238795325112868,0.3826834323650898
2024-07-18,28.5,32.3,24.6,0.0,1.3,5.7,62.0,20.3,0.9238795325112868,0.3826834323650898
2024-07-19,28.4,31.6,23.0,0.0,1.4,7.0,63.0,15.1,0.9238795325112868,0.3826834323650898
2024-07-20,28.0,33.4,22.1,0.0,1.6,6.7,53.0,28.1,-0.3826834323650896,-0.9238795325112868
2024-07-21,25.5,28.1,23.6,0.0,2.0,7.9,66.0,16.9,0.3826834323650898,0.9238795325112868
2024-07-22,28.0,33.3,22.7,0.0,1.4,5.4,48.0,26.5,-0.3826834323650896,-0.9238795325112868
2024-07-23,27.8,31.9,23.8,0.0,1.6,5.3,63.0,22.1,0.9238795325112868,0.3826834323650898
2024-07-24,28.0,32.2,23.3,0.0,1.6,6.2,59.0,22.5,0.9238795325112868,0.3826834323650898
2024-07-25,27.3,30.6,24.5,0.0,2.0,6.4,62.0,21.9,0.9238795325112868,0.3826834323650898
2024-07-26,27.1,30.8,23.9,8.4,2.0,5.6,67.0,19.2,0.7071067811865476,0.7071067811865476
2024-07-27,27.6,31.3,23.6,0.0,1.6,4.7,66.0,21.6,0.9238795325112868,0.3826834323650898
2024-07-28,30.0,34.4,25.2,0.0,1.2,4.8,58.0,26.0,0.9238795325112868,0.3826834323650898
2024-07-29,28.8,33.2,24.6,0.0,1.6,7.9,62.0,20.4,0.3826834323650898,0.9238795325112868
2024-07-30,29.0,33.6,25.4,0.0,1.6,6.5,64.0,20.1,0.9238795325112868,0.3826834323650898
2024-07-31,28.9,33.2,25.0,0.0,1.5,7.4,59.0,20.4,-0.7071067811865475,-0.7071067811865477
2024-08-01,29.0,33.1,24.6,0.0,1.5,6.1,60.0,23.8,0.9238795325112868,0.3826834323650898
2024-08-02,25.7,32.1,18.2,61.5,2.0,17.5,69.0,15.8,0.7071067811865476,0.7071067811865476
2024-08-03,27.5,33.0,20.9,0.0,1.3,5.4,53.0,26.6,1.0,6.123233995736766e-17
2024-08-04,27.4,31.1,23.9,0.0,1.4,5.0,62.0,19.9,0.9238795325112868,0.3826834323650898
2024-08-05,27.6,31.6,24.4,0.0,1.5,5.7,62.0,20.8,0.9238795325112868,0.3826834323650898
2024-08-06,27.8,31.9,24.5,0.6,1.6,5.1,65.0,18.9,0.9238795325112868,0.3826834323650898
2024-08-07,25.0,30.7,20.4,24.7,1.1,21.8,71.0,14.1,0.0,1.0
2024-08-08,26.0,31.9,19.7,0.0,1.1,4.4,64.0,24.2,0.9238795325112868,0.3826834323650898
2024-08-09,27.6,32.2,22.6,0.0,1.4,5.7,63.0,21.1,0.9238795325112868,0.3826834323650898
2024-08-10,28.8,33.1,24.1,0.0,1.2,4.2,63.0,18.2,1.0,6.123233995736766e-17
2024-08-11,29.6,34.2,25.6,0.0,1.2,5.2,64.0,20.9,1.0,6.123233995736766e-17
2024-08-12,29.9,34.9,25.8,0.0,1.2,5.1,61.0,22.0,0.9238795325112868,0.3826834323650898
2024-08-13,28.1,33.4,22.1,5.1,1.4,11.2,60.0,18.5,0.9238795325112868,0.3826834323650898
2024-08-14,24.5,31.6,20.1,31.8,1.9,13.6,67.0,17.5,-0.3826834323650896,-0.9238795325112868
2024-08-15,24.0,29.7,19.7,2.2,1.4,6.3,67.0,15.1,-0.3826834323650896,-0.9238795325112868
2024-08-16,25.5,29.3,21.6,0.0,1.3,4.9,61.0,15.1,-0.7071067811865475,-0.7071067811865477
2024-08-17,26.3,31.5,21.3,0.8,1.4,5.1,61.0,21.4,-0.7071067811865475,-0.7071067811865477
2024-08-18,23.2,26.6,20.7,0.2,1.9,6.6,72.0,15.5,0.9238795325112868,0.3826834323650898
2024-08-19,25.7,31.4,20.9,0.0,1.6,5.9,57.0,22.6,-0.7071067811865475,-0.7071067811865477
2024-08-20,26.5,30.8,22.1,0.0,1.3,6.5,57.0,23.9,1.0,6.123233995736766e-17
2024-08-21,27.4,32.5,22.0,0.0,1.2,4.9,53.0,23.5,0.9238795325112868,0.3826834323650898
2024-08-22,26.2,29.9,22.7,0.0,1.9,6.9,64.0,21.0,0.9238795325112868,0.3826834323650898
2024-08-23,27.2,31.4,23.9,0.0,1.2,4.7,66.0,15.5,0.9238795325112868,0.3826834323650898
2024-08-24,27.4,32.0,24.2,0.0,1.6,5.6,63.0,20.0,0.9238795325112868,0.3826834323650898
2024-08-25,27.3,31.8,23.0,0.0,1.1,4.7,58.0,18.5,1.0,6.123233995736766e-17
2024-08-26,25.5,28.8,22.8,0.0,2.0,8.3,61.0,17.5,0.9238795325112868,0.3826834323650898
2024-08-27,25.0,30.2,20.6,22.3,1.3,6.2,64.0,16.0,0.9238795325112868,0.3826834323650898
2024-08-28,26.5,31.3,21.6,0.0,1.1,4.8,58.0,21.0,1.0,6.123233995736766e-17
2024-08-29,27.3,32.8,22.3,0.0,1.2,4.8,52.0,22.1,-0.7071067811865475,-0.7071067811865477
2024-08-30,27.5,32.7,21.3,0.0,1.1,4.5,51.0,21.2,0.9238795325112868,0.3826834323650898
2024-08-31,27.6,32.5,22.9,0.0,1.1,4.8,52.0,19.0,0.3826834323650899,-0.9238795325112868
2024-09-01,26.4,31.3,23.0,1.0,1.3,7.4,57.0,16.7,-0.7071067811865475,-0.7071067811865477
2024-09-02,23.3,26.2,19.6,2.6,1.6,10.8,67.0,13.2,-0.7071067811865475,-0.7071067811865477
2024-09-03,24.2,29.6,19.0,50.0,1.5,8.4,66.0,18.0,0.9238795325112868,0.3826834323650898
2024-09-04,22.0,25.6,19.3,13.4,1.1,12.4,78.0,10.5,0.9238795325112868,0.3826834323650898
2024-09-05,20.1,22.8,17.5,17.5,2.1,11.3,84.0,11.4,0.3826834323650898,0.9238795325112868
2024-09-06,21.8,25.8,18.5,0.2,1.3,4.6,76.0,15.5,0.7071067811865476,0.7071067811865476
2024-09-07,22.7,26.2,19.4,0.0,1.3,5.0,73.0,13.3,0.9238795325112868,0.3826834323650898
2024-09-08,20.3,22.3,18.5,10.2,1.0,3.4,86.0,2.5,0.9238795325112868,0.3826834323650898
2024-09-09,22.7,29.0,16.6,0.0,2.2,12.1,59.0,21.2,-0.9238795325112866,0.38268343236509
2024-09-10,22.7,28.2,17.1,0.0,1.3,5.3,47.0,20.5,1.2246467991473532e-16,-1.0
2024-09-11,20.5,23.5,16.2,0.0,1.4,5.8,66.0,12.9,0.9238795325112868,0.3826834323650898
2024-09-12,18.8,23.4,14.4,2.2,1.5,8.5,64.0,12.5,0.7071067811865476,0.7071067811865476
2024-09-13,17.2,22.8,11.8,0.0,1.6,11.3,33.0,21.2,0.9238795325112868,0.3826834323650898
2024-09-14,17.8,23.4,11.0,0.0,1.3,4.7,34.0,18.1,-0.3826834323650896,-0.9238795325112868
2024-09-15,19.9,27.5,13.1,0.0,1.4,6.3,47.0,20.3,-0.3826834323650896,-0.9238795325112868
2024-09-16,19.1,23.7,14.9,0.0,1.3,5.5,47.0,16.5,0.9238795325112868,0.3826834323650898
2024-09-17,16.7,18.9,14.2,0.0,1.6,7.7,64.0,7.3,0.7071067811865476,0.7071067811865476
2024-09-18,14.6,16.1,13.2,11.2,1.5,6.3,78.0,2.2,-0.7071067811865477,0.7071067811865474
2024-09-19,18.4,22.1,14.6,0.2,1.3,5.1,64.0,11.1,-0.3826834323650896,-0.9238795325112868
2024-09-20,18.1,20.3,15.6,0.0,0.9,3.8,68.0,6.2,-0.3826834323650896,-0.9238795325112868
2024-09-21,19.2,23.5,16.3,0.0,0.9,4.9,64.0,13.0,0.9238795325112868,0.3826834323650898
2024-09-22,18.7,22.2,15.5,0.0,0.8,3.3,70.0,8.9,0.9238795325112868,0.3826834323650898
2024-09-23,16.1,17.8,15.2,15.8,1.4,5.1,90.0,1.4,0.0,1.0
2024-09-24,16.8,20.5,13.7,0.0,0.9,3.8,79.0,11.4,-0.3826834323650895,0.9238795325112868
2024-09-25,17.4,21.2,14.1,0.0,1.1,4.7,75.0,12.5,0.9238795325112868,-0.3826834323650897
2024-09-26,16.5,18.8,15.3,2.8,1.3,5.3,87.0,3.9,0.7071067811865476,0.7071067811865476
2024-09-27,18.6,23.2,14.0,0.0,1.5,11.8,74.0,16.6,0.7071067811865476,0.7071067811865476
2024-09-28,19.4,24.5,13.8,0.0,1.7,10.5,35.0,17.7,-0.7071067811865475,-0.7071067811865477
2024-09-29,17.4,21.0,12.8,0.0,1.1,4.8,49.0,15.1,1.0,6.123233995736766e-17
2024-09-30,16.9,19.4,14.6,0.0,1.4,5.4,64.0,11.0,0.9238795325112868,0.3826834323650898
2024-10-01,16.4,19.3,14.0,0.0,1.1,3.8,72.0,8.3,1.0,6.123233995736766e-17
2024-10-02,17.1,19.8,14.3,0.0,1.0,3.8,75.0,9.7,0.0,1.0
2024-10-03,14.4,16.3,12.9,45.2,1.6,6.9,87.0,2.8,-0.3826834323650896,-0.9238795325112868
2024-10-04,14.9,17.8,12.0,0.0,1.4,7.2,73.0,9.6,-0.3826834323650896,-0.9238795325112868
2024-10-05,14.0,18.7,9.6,0.0,1.1,3.4,76.0,14.9,0.7071067811865476,0.7071067811865476
2024-10-06,14.2,16.8,12.6,0.0,1.3,4.7,75.0,9.1,0.7071067811865476,0.7071067811865476
2024-10-07,13.6,15.4,12.2,5.2,1.3,4.2,81.0,3.6,0.9238795325112868,0.3826834323650898
2024-10-08,13.8,15.5,12.4,19.6,1.2,5.7,93.0,2.7,0.0,1.0
2024-10-09,14.2,18.0,11.4,1.0,0.9,3.5,91.0,6.9,0.3826834323650898,0.9238795325112868
2024-10-10,17.8,23.5,14.3,3.0,1.3,10.6,66.0,12.4,-0.9238795325112866,0.38268343236509
2024-10-11,15.9,21.4,11.2,0.0,1.1,3.9,62.0,14.6,0.9238795325112868,0.3826834323650898
2024-10-12,15.2,18.2,12.9,0.0,1.3,5.5,75.0,9.3,0.7071067811865476,0.7071067811865476
2024-10-13,16.3,18.9,13.8,0.0,0.8,3.3,77.0,7.2,0.9238795325112868,0.3826834323650898
2024-10-14,15.7,20.3,12.5,0.0,0.9,3.7,80.0,7.7,0.0,1.0
2024-10-15,16.8,19.7,14.0,0.0,0.8,3.2,83.0,7.7,0.9238795325112868,0.3826834323650898
2024-10-16,15.2,16.1,14.7,27.6,2.1,7.1,98.0,0.3,0.3826834323650898,0.9238795325112868
2024-10-17,15.3,16.0,14.6,20.8,1.6,5.4,98.0,0.9,0.3826834323650898,0.9238795325112868
2024-10-18,16.8,20.1,15.3,24.7,1.4,5.2,87.0,7.6,0.7071067811865476,0.7071067811865476
2024-10-19,16.5,19.3,14.3,7.0,1.1,4.1,84.0,7.7,-0.3826834323650896,-0.9238795325112868
2024-10-20,16.2,18.2,14.6,19.0,1.0,5.6,93.0,1.4,0.0,1.0
2024-10-21,17.4,21.3,14.6,0.0,0.8,3.9,86.0,8.0,0.9238795325112868,0.3826834323650898
2024-10-22,18.4,22.2,15.8,0.0,0.7,4.6,80.0,11.4,1.0,6.123233995736766e-17
2024-10-23,17.6,21.3,15.7,6.4,1.1,4.7,86.0,6.7,0.3826834323650898,0.9238795325112868
2024-10-24,15.5,16.2,14.7,20.9,1.3,4.1,96.0,1.2,0.0,1.0
2024-10-25,14.7,15.2,14.1,5.4,1.5,4.4,98.0,1.1,0.3826834323650898,0.9238795325112868
2024-10-26,15.4,16.1,14.8,25.0,1.5,6.9,98.0,1.2,0.7071067811865476,0.7071067811865476
2024-10-27,16.1,17.6,14.6,24.3,1.3,6.8,94.0,2.8,-0.3826834323650896,-0.9238795325112868
2024-10-28,15.9,20.2,12.7,0.0,0.6,3.6,89.0,9.8,0.9238795325112868,0.3826834323650898
2024-10-29,15.7,20.0,12.5,0.0,0.8,3.4,86.0,9.8,-0.3826834323650896,-0.9238795325112868
2024-10-30,15.9,21.5,11.4,0.0,0.8,3.5,82.0,10.5,-0.7071067811865475,-0.7071067811865477
2024-10-31,16.1,21.7,12.1,0.0,0.5,3.6,78.0,10.1,-0.3826834323650896,-0.9238795325112868
2024-11-01,15.6,21.2,11.4,0.0,0.6,2.7,77.0,10.2,-0.7071067811865475,-0.7071067811865477
2024-11-02,14.9,20.9,10.6,0.0,0.7,2.5,76.0,10.0,-0.3826834323650895,0.9238795325112868
2024-11-03,13.6,17.9,10.4,0.0,1.0,4.1,79.0,9.6,0.7071067811865476,0.7071067811865476
2024-11-04,12.6,16.2,10.5,0.0,1.2,3.8,88.0,8.5,-0.7071067811865475,-0.7071067811865477
2024-11-05,11.7,17.4,8.6,0.0,0.9,3.3,85.0,9.2,0.9238795325112868,0.3826834323650898
2024-11-06,11.3,15.3,8.7,0.0,0.8,3.1,84.0,6.8,1.0,6.123233995736766e-17
2024-11-07,11.7,17.2,8.1,0.0,0.6,3.1,74.0,8.7,0.7071067811865476,0.7071067811865476
2024-11-08,10.2,13.8,7.3,0.0,0.8,3.0,81.0,6.7,0.7071067811865476,0.7071067811865476
2024-11-09,10.2,14.1,7.8,0.0,0.9,3.5,85.0,6.1,-0.3826834323650896,-0.9238795325112868
2024-11-10,10.7,17.0,6.7,0.0,0.6,3.3,73.0,8.7,-0.7071067811865475,-0.7071067811865477
2024-11-11,10.4,15.2,6.8,0.0,0.9,4.5,69.0,8.6,0.7071067811865476,0.7071067811865476
2024-11-12,9.4,11.9,6.6,0.0,1.0,4.5,71.0,3.9,0.9238795325112868,0.3826834323650898
2024-11-13,8.7,13.4,5.2,0.0,1.0,4.1,68.0,8.7,0.7071067811865476,0.7071067811865476
2024-11-14,8.4,12.6,5.5,0.0,0.8,3.2,73.0,7.8,0.3826834323650898,0.9238795325112868
2024-11-15,7.6,12.2,4.2,0.0,0.8,3.1,79.0,7.6,0.9238795325112868,0.3826834323650898
2024-11-16,7.0,10.8,4.3,0.0,1.0,3.3,81.0,7.5,-0.3826834323650896,-0.9238795325112868
2024-11-17,5.6,9.4,1.7,0.0,1.2,3.7,86.0,7.7,-0.3826834323650896,-0.9238795325112868
2024-11-18,8.1,13.5,4.9,0.0,1.1,3.7,85.0,6.8,-0.7071067811865475,-0.7071067811865477
2024-11-19,7.6,10.1,4.9,0.0,0.9,3.3,91.0,2.7,-0.3826834323650896,-0.9238795325112868
2024-11-20,8.7,15.5,4.0,0.0,2.1,12.1,59.0,7.7,-0.9238795325112866,0.38268343236509
2024-11-21,3.3,6.9,0.5,5.4,1.5,7.9,69.0,2.5,0.7071067811865476,0.7071067811865476
2024-11-22,5.5,10.3,1.2,0.0,2.9,13.0,55.0,8.4,-0.9238795325112866,0.38268343236509
2024-11-23,5.2,9.5,1.4,0.0,0.9,3.1,47.0,7.8,0.7071067811865476,0.7071067811865476
2024-11-24,6.1,11.4,2.9,0.0,0.8,3.2,49.0,6.6,-0.3826834323650895,0.9238795325112868
2024-11-25,7.2,10.8,3.1,0.0,1.2,4.1,61.0,6.7,-0.3826834323650896,-0.9238795325112868
2024-11-26,8.7,12.4,6.6,0.4,1.1,3.5,76.0,6.2,-0.3826834323650896,-0.9238795325112868
2024-11-27,9.0,13.4,6.6,0.0,0.8,3.3,84.0,6.8,-0.3826834323650895,0.9238795325112868
2024-11-28,7.8,12.0,4.9,0.0,1.0,4.0,85.0,4.0,-0.3826834323650896,-0.9238795325112868
2024-11-29,7.7,10.7,6.0,0.0,1.3,4.4,90.0,6.4,0.7071067811865476,0.7071067811865476
2024-11-30,7.2,9.5,4.7,0.0,1.2,4.1,83.0,3.8,-0.7071067811865477,0.7071067811865474
2024-12-01,6.0,10.8,2.5,0.0,1.0,3.7,75.0,7.2,-0.3826834323650896,-0.9238795325112868
2024-12-02,6.7,11.9,2.9,0.0,0.7,2.5,70.0,6.5,-0.3826834323650896,-0.9238795325112868
2024-12-03,6.8,11.0,4.1,0.0,0.8,2.7,72.0,5.8,-0.3826834323650896,-0.9238795325112868
2024-12-04,6.9,11.4,3.6,0.0,0.9,3.3,72.0,6.0,-0.7071067811865475,-0.7071067811865477
2024-12-05,5.3,9.0,2.4,0.0,1.0,3.4,70.0,6.3,0.7071067811865476,0.7071067811865476
2024-12-06,4.8,8.6,1.4,0.0,1.2,5.7,74.0,6.3,-0.3826834323650896,-0.9238795325112868
2024-12-07,2.1,5.0,-0.5,0.2,1.3,4.3,89.0,3.0,0.3826834323650898,0.9238795325112868
2024-12-08,5.5,9.4,2.0,0.0,1.3,3.6,74.0,5.2,-0.3826834323650896,-0.9238795325112868
2024-12-09,5.7,7.7,2.5,0.0,1.1,4.0,87.0,2.5,-0.7071067811865475,-0.7071067811865477
2024-12-10,6.3,7.3,4.8,0.8,0.9,3.0,87.0,1.6,0.0,1.0
2024-12-11,7.8,12.4,4.4,0.0,1.1,3.9,74.0,6.5,-0.7071067811865475,-0.7071067811865477
2024-12-12,4.9,8.8,1.6,0.0,0.9,3.0,82.0,5.8,0.9238795325112868,0.3826834323650898
2024-12-13,2.8,5.0,0.8,0.0,1.0,2.9,94.0,2.3,0.9238795325112868,0.3826834323650898
2024-12-14,2.1,5.6,-0.8,0.0,1.7,4.8,95.0,4.0,-0.7071067811865475,-0.7071067811865477
2024-12-15,4.6,12.4,-1.0,0.0,1.3,4.2,73.0,7.0,-0.7071067811865475,-0.7071067811865477
2024-12-16,7.3,14.8,2.6,0.0,1.2,4.8,61.0,6.4,-0.7071067811865475,-0.7071067811865477
2024-12-17,6.7,10.3,3.5,0.0,0.6,2.6,74.0,4.4,-0.3826834323650895,0.9238795325112868
2024-12-18,8.0,11.3,5.5,0.0,0.8,3.5,75.0,5.0,-0.3826834323650896,-0.9238795325112868
2024-12-19,6.5,7.7,5.5,0.0,1.0,3.9,89.0,1.2,0.0,1.0
2024-12-20,8.4,13.6,4.4,0.0,1.6,10.1,47.0,6.7,-0.3826834323650896,-0.9238795325112868
2024-12-21,5.4,9.9,2.6,0.0,1.0,3.3,53.0,6.3,0.9238795325112868,0.3826834323650898
2024-12-22,4.0,7.7,0.6,0.0,1.5,6.8,62.0,4.5,0.3826834323650898,0.9238795325112868
2024-12-23,8.2,11.4,3.1,0.0,1.4,9.3,31.0,6.5,-1.0,-1.8369701987210294e-16
2024-12-24,8.3,12.3,3.2,0.0,1.5,6.8,32.0,6.5,-0.7071067811865475,-0.7071067811865477
2024-12-25,5.7,10.3,2.1,0.0,0.7,2.5,49.0,6.4,1.0,6.123233995736766e-17
2024-12-26,4.7,9.8,0.4,0.0,0.9,4.0,56.0,6.4,-0.7071067811865475,-0.7071067811865477
2024-12-27,5.1,10.5,0.7,0.0,1.0,3.4,56.0,6.5,-0.7071067811865475,-0.7071067811865477
2024-12-28,6.4,12.8,1.7,0.0,1.0,4.2,51.0,6.5,-0.7071067811865475,-0.7071067811865477
2024-12-29,7.2,14.0,2.7,0.0,0.7,3.4,55.0,6.4,-0.7071067811865475,-0.7071067811865477
2024-12-30,7.1,13.0,3.1,0.0,0.7,2.4,58.0,6.4,-0.7071067811865475,-0.7071067811865477
2024-12-31,6.4,12.1,2.4,0.0,0.7,2.8,61.0,6.2,1.0,6.123233995736766e-17
2025-01-01,5.4,10.1,2.1,0.0,0.6,2.3,67.0,5.9,0.0,1.0
2025-01-02,5.1,7.9,2.7,0.0,0.9,3.0,73.0,4.1,-0.7071067811865475,-0.7071067811865477
2025-01-03,5.8,11.8,1.6,0.0,1.2,4.3,67.0,6.7,-0.7071067811865475,-0.7071067811865477
2025-01-04,3.8,4.7,2.5,0.0,1.0,2.9,79.0,1.1,-0.7071067811865475,-0.7071067811865477
2025-01-05,4.1,5.4,2.9,0.0,1.4,3.9,77.0,1.6,-0.7071067811865475,-0.7071067811865477
2025-01-06,3.3,4.0,2.9,1.0,1.1,3.1,91.0,0.4,0.9238795325112868,0.3826834323650898
2025-01-07,5.0,8.4,2.9,0.0,1.3,4.7,85.0,6.6,-0.3826834323650896,-0.9238795325112868
2025-01-08,5.5,7.8,2.1,0.0,0.9,3.5,82.0,2.5,-0.7071067811865475,-0.7071067811865477
2025-01-09,6.5,9.3,4.8,0.0,1.1,4.1,88.0,3.0,-0.3826834323650896,-0.9238795325112868
2025-01-10,6.7,11.7,2.7,0.0,1.4,5.5,72.0,6.2,0.7071067811865476,0.7071067811865476
2025-01-11,4.5,7.2,2.1,0.0,0.9,3.7,74.0,4.7,0.0,1.0
2025-01-12,3.9,8.5,0.6,0.0,0.8,3.3,64.0,7.3,0.0,1.0
2025-01-13,2.8,7.3,-1.0,0.0,1.2,5.0,67.0,7.2,1.0,6.123233995736766e-17
2025-01-14,2.0,5.0,-0.3,0.0,0.9,3.8,67.0,6.0,0.0,1.0
2025-01-15,2.4,7.9,-0.9,0.0,1.3,5.4,70.0,6.5,-0.7071067811865475,-0.7071067811865477
2025-01-16,3.7,7.5,0.1,0.0,0.9,4.0,64.0,5.0,0.3826834323650898,0.9238795325112868
2025-01-17,3.4,7.0,0.6,0.0,1.2,4.4,70.0,7.2,0.3826834323650898,0.9238795325112868
2025-01-18,4.8,9.5,0.5,0.0,1.2,6.2,63.0,2.8,-0.3826834323650896,-0.9238795325112868
2025-01-19,6.4,9.8,4.8,3.0,1.6,7.2,81.0,1.6,-0.7071067811865475,-0.7071067811865477
2025-01-20,6.2,6.9,5.4,15.6,0.9,4.2,94.0,1.1,-0.3826834323650895,0.9238795325112868
2025-01-21,7.4,10.8,4.7,6.8,1.3,4.7,86.0,6.2,-0.3826834323650896,-0.9238795325112868
2025-01-22,5.5,6.7,3.7,4.4,1.0,2.9,96.0,1.3,0.9238795325112868,0.3826834323650898
2025-01-23,6.7,9.2,5.6,0.2,1.2,3.8,90.0,2.5,0.9238795325112868,0.3826834323650898
2025-01-24,6.2,11.0,2.3,0.0,0.9,3.6,83.0,8.2,0.9238795325112868,0.3826834323650898
2025-01-25,6.8,8.3,5.5,0.4,1.0,3.2,84.0,1.9,0.0,1.0
2025-01-26,7.8,10.6,5.4,6.2,1.1,5.2,82.0,6.0,0.0,1.0
2025-01-27,7.2,7.6,6.7,0.0,1.0,3.8,90.0,0.8,0.9238795325112868,0.3826834323650898
2025-01-28,8.2,13.5,6.1,1.8,1.4,7.4,86.0,8.6,0.7071067811865476,0.7071067811865476
2025-01-29,7.0,10.8,2.8,1.0,1.2,5.0,82.0,8.2,0.7071067811865476,0.7071067811865476
2025-01-30,7.3,8.6,6.4,2.2,1.1,4.5,88.0,1.8,1.0,6.123233995736766e-17
2025-01-31,6.9,9.3,5.8,4.8,1.2,5.1,88.0,3.2,0.7071067811865476,0.7071067811865476
2025-02-01,6.6,7.6,5.6,21.6,1.4,5.8,94.0,1.1,0.0,1.0
2025-02-02,8.9,12.8,6.7,0.4,0.9,4.3,80.0,9.8,-0.3826834323650896,-0.9238795325112868
2025-02-03,8.4,13.9,4.6,0.0,0.8,3.9,72.0,10.4,0.0,1.0
2025-02-04,5.6,7.2,3.7,0.0,0.9,3.6,86.0,2.0,0.7071067811865476,0.7071067811865476
2025-02-05,6.9,12.5,2.1,0.0,1.0,3.1,79.0,10.3,-0.7071067811865475,-0.7071067811865477
2025-02-06,6.7,11.8,3.3,0.0,1.1,5.3,73.0,10.5,0.7071067811865476,0.7071067811865476
2025-02-07,4.2,5.6,2.0,0.0,1.2,3.9,76.0,3.2,0.9238795325112868,0.3826834323650898
2025-02-08,4.0,5.1,3.0,3.4,1.1,3.3,85.0,1.0,0.9238795325112868,0.3826834323650898
2025-02-09,6.5,11.1,3.3,0.4,1.1,3.9,81.0,8.2,-0.3826834323650896,-0.9238795325112868
2025-02-10,8.0,11.3,5.5,0.0,0.8,3.9,79.0,7.4,-0.3826834323650896,-0.9238795325112868
2025-02-11,8.1,9.4,6.4,2.4,0.7,2.4,88.0,2.4,0.0,1.0
2025-02-12,8.6,10.2,7.2,1.2,0.9,2.6,88.0,2.7,0.0,1.0
2025-02-13,8.9,10.8,7.3,0.0,1.1,3.9,87.0,4.0,0.9238795325112868,0.3826834323650898
2025-02-14,6.8,9.0,3.7,0.0,1.4,6.2,79.0,4.9,-0.3826834323650896,-0.9238795325112868
2025-02-15,5.5,10.2,1.3,0.0,1.1,3.8,65.0,12.3,-0.3826834323650895,0.9238795325112868
2025-02-16,4.7,7.1,1.8,0.0,1.3,4.4,72.0,6.9,0.9238795325112868,0.3826834323650898
2025-02-17,4.7,5.4,4.0,0.0,1.1,3.6,75.0,0.9,0.0,1.0
2025-02-18,4.7,5.5,3.8,0.0,1.3,3.6,66.0,1.8,0.9238795325112868,0.3826834323650898
2025-02-19,3.7,4.5,2.9,0.0,1.5,4.1,68.0,3.2,0.9238795325112868,0.3826834323650898
2025-02-20,5.6,9.6,2.1,0.0,0.9,4.1,65.0,11.8,0.9238795325112868,0.3826834323650898
2025-02-21,6.9,11.5,2.7,0.0,0.8,3.2,70.0,8.1,-0.3826834323650896,-0.9238795325112868
2025-02-22,7.8,8.7,6.9,0.0,1.0,3.8,80.0,3.0,0.9238795325112868,0.3826834323650898
2025-02-23,9.6,14.6,5.2,0.0,0.9,4.0,79.0,10.2,0.9238795325112868,0.3826834323650898
2025-02-24,9.5,13.0,5.6,0.0,1.0,3.2,82.0,8.3,0.9238795325112868,0.3826834323650898
2025-02-25,9.2,11.3,7.3,0.0,1.0,3.1,89.0,2.3,0.9238795325112868,0.3826834323650898
2025-02-26,11.2,16.5,7.4,0.0,1.4,8.8,60.0,13.5,-0.7071067811865475,-0.7071067811865477
2025-02-27,9.2,13.6,5.1,0.0,1.2,4.7,58.0,14.2,0.7071067811865476,0.7071067811865476
2025-02-28,9.0,13.7,5.0,0.0,1.3,5.2,61.0,13.2,0.7071067811865476,0.7071067811865476
2025-03-01,7.7,9.0,5.3,18.5,1.7,6.8,77.0,2.9,0.3826834323650898,0.9238795325112868
2025-03-02,9.5,13.0,7.0,0.0,0.9,4.0,62.0,12.2,0.9238795325112868,0.3826834323650898
2025-03-03,9.4,15.5,4.1,0.0,0.8,3.6,57.0,15.7,0.9238795325112868,0.3826834323650898
2025-03-04,10.2,16.0,4.8,0.0,0.7,3.7,53.0,15.0,-0.3826834323650895,0.9238795325112868
2025-03-05,11.5,17.7,6.1,0.0,0.9,3.8,49.0,15.5,0.9238795325112868,0.3826834323650898
2025-03-06,11.5,17.2,6.7,0.0,0.9,4.5,45.0,15.2,0.9238795325112868,0.3826834323650898
2025-03-07,11.7,16.5,8.2,0.0,0.9,3.8,45.0,12.1,0.7071067811865476,0.7071067811865476
2025-03-08,11.7,17.3,6.8,0.0,0.9,5.1,47.0,14.7,0.7071067811865476,0.7071067811865476
2025-03-09,9.5,11.5,7.5,12.6,0.9,3.9,60.0,1.8,0.0,1.0
2025-03-10,9.1,12.1,6.2,9.2,1.7,8.0,83.0,9.7,0.7071067811865476,0.7071067811865476
2025-03-11,9.7,12.2,8.0,6.2,1.6,4.2,84.0,8.1,0.7071067811865476,0.7071067811865476
2025-03-12,10.0,12.2,8.1,5.8,1.2,4.6,82.0,6.9,0.0,1.0
2025-03-13,11.3,15.8,8.6,0.0,1.4,5.4,73.0,11.4,-0.3826834323650896,-0.9238795325112868
2025-03-14,9.7,12.2,8.2,10.4,1.9,5.7,83.0,7.4,0.7071067811865476,0.7071067811865476
2025-03-15,9.1,10.6,8.0,19.2,1.6,5.4,93.0,2.7,0.0,1.0
2025-03-16,9.9,13.0,7.9,1.0,1.5,7.0,73.0,15.4,0.7071067811865476,0.7071067811865476
2025-03-17,11.2,16.6,5.9,0.0,1.2,8.0,59.0,18.9,-0.3826834323650896,-0.9238795325112868
2025-03-18,7.2,9.6,5.5,0.8,2.5,10.1,70.0,4.1,0.7071067811865476,0.7071067811865476
2025-03-19,8.6,12.6,5.8,0.0,1.3,5.0,57.0,16.3,-0.7071067811865475,-0.7071067811865477
2025-03-20,10.1,14.5,5.2,0.0,0.9,4.8,56.0,16.9,-0.3826834323650895,0.9238795325112868
2025-03-21,9.4,11.8,7.6,6.4,1.2,5.3,71.0,5.7,0.9238795325112868,0.3826834323650898
2025-03-22,7.8,8.7,6.9,13.8,1.5,5.7,95.0,1.7,0.0,1.0
2025-03-23,9.3,11.8,7.0,9.8,1.5,5.4,83.0,7.6,0.7071067811865476,0.7071067811865476
2025-03-24,11.2,14.7,9.1,3.4,0.8,3.3,80.0,8.5,-0.3826834323650895,0.9238795325112868
2025-03-25,13.6,19.3,7.7,0.0,1.0,4.4,63.0,20.4,0.7071067811865476,0.7071067811865476
2025-03-26,13.8,18.4,10.5,3.2,1.1,11.6,66.0,16.4,-0.7071067811865475,-0.7071067811865477
2025-03-27,14.7,19.7,9.4,0.0,1.1,5.5,53.0,16.5,1.2246467991473532e-16,-1.0
2025-03-28,14.8,20.3,9.9,0.0,1.1,4.5,54.0,20.7,0.3826834323650898,0.9238795325112868
2025-03-29,13.7,18.8,10.4,0.0,1.4,8.5,62.0,9.5,0.7071067811865476,0.7071067811865476
2025-03-30,16.3,22.3,9.0,0.0,1.4,6.8,49.0,21.1,-0.3826834323650896,-0.9238795325112868
2025-03-31,16.0,20.5,11.2,0.0,1.7,8.7,35.0,22.1,-0.3826834323650896,-0.9238795325112868
2025-04-01,12.8,16.4,9.3,0.0,1.6,8.0,35.0,12.2,1.0,6.123233995736766e-17
2025-04-02,10.2,11.4,8.7,2.0,1.5,4.4,68.0,4.2,-0.7071067811865475,-0.7071067811865477
2025-04-03,15.3,20.1,10.6,0.0,0.9,5.3,54.0,20.1,-0.3826834323650896,-0.9238795325112868
2025-04-04,16.3,21.5,10.9,0.0,1.0,6.4,53.0,21.3,1.0,6.123233995736766e-17
2025-04-05,17.3,23.1,11.5,0.0,1.2,5.6,50.0,22.1,0.9238795325112868,0.3826834323650898
2025-04-06,16.7,25.2,11.2,0.0,2.5,10.0,50.0,22.5,0.7071067811865476,0.7071067811865476
2025-04-07,12.3,16.0,9.3,0.0,1.8,6.5,40.0,20.9,0.7071067811865476,0.7071067811865476
2025-04-08,10.0,13.5,7.7,0.0,1.7,5.6,54.0,11.8,0.7071067811865476,0.7071067811865476
2025-04-09,12.0,17.1,7.8,0.0,1.1,4.6,56.0,18.0,-0.3826834323650895,0.9238795325112868
2025-04-10,15.8,22.5,8.9,0.0,1.2,5.8,47.0,23.4,-0.3826834323650896,-0.9238795325112868
2025-04-11,16.8,23.6,10.7,0.0,1.6,7.4,52.0,23.5,-0.3826834323650896,-0.9238795325112868
2025-04-12,15.3,18.1,10.7,0.0,1.2,4.8,71.0,12.1,0.9238795325112868,0.3826834323650898
2025-04-13,14.2,16.1,12.2,1.6,1.1,3.9,69.0,7.2,-0.7071067811865477,0.7071067811865474
2025-04-14,12.0,13.0,11.4,9.8,1.8,5.5,93.0,3.8,0.7071067811865476,0.7071067811865476
2025-04-15,14.3,17.8,11.4,11.6,2.0,6.8,82.0,14.9,0.9238795325112868,0.3826834323650898
2025-04-16,14.0,15.5,11.5,32.3,2.0,7.7,91.0,3.3,0.7071067811865476,0.7071067811865476
2025-04-17,12.1,14.0,10.0,51.4,2.3,9.3,91.0,5.1,0.0,1.0
2025-04-18,14.8,20.0,10.6,0.0,1.3,6.7,68.0,22.6,1.2246467991473532e-16,-1.0
2025-04-19,12.6,13.8,11.8,0.4,1.7,5.6,87.0,3.9,0.3826834323650898,0.9238795325112868
2025-04-20,12.9,16.8,10.6,9.0,1.8,6.3,84.0,10.8,0.3826834323650898,0.9238795325112868
2025-04-21,15.0,19.9,10.5,0.0,1.1,5.7,65.0,24.9,0.9238795325112868,0.3826834323650898
2025-04-22,17.2,22.7,11.7,0.0,0.9,4.6,58.0,21.3,1.0,6.123233995736766e-17
2025-04-23,17.2,23.5,13.1,16.2,1.5,11.0,61.0,20.5,0.9238795325112868,0.3826834323650898
2025-04-24,17.5,22.6,11.9,0.0,1.6,7.2,51.0,26.9,-0.7071067811865475,-0.7071067811865477
2025-04-25,18.0,23.0,12.6,0.0,1.3,6.6,44.0,25.8,0.9238795325112868,0.3826834323650898
2025-04-26,17.4,22.4,11.8,0.0,1.6,6.2,54.0,23.6,0.9238795325112868,0.3826834323650898
2025-04-27,15.8,19.7,13.0,7.0,1.5,5.4,74.0,11.2,0.0,1.0
2025-04-28,18.1,22.7,14.2,0.0,1.0,4.2,63.0,19.4,-0.3826834323650896,-0.9238795325112868
2025-04-29,19.3,24.6,13.4,0.0,1.1,5.9,55.0,24.9,0.9238795325112868,0.3826834323650898
2025-04-30,20.7,26.5,14.4,0.0,1.0,5.7,46.0,26.5,0.9238795325112868,0.3826834323650898
2025-05-01,21.7,27.7,14.7,0.0,1.3,5.9,40.0,27.2,-0.3826834323650896,-0.9238795325112868
2025-05-02,22.2,28.0,16.0,0.0,1.2,5.5,43.0,25.4,0.7071067811865476,0.7071067811865476
2025-05-03,20.9,24.6,17.5,0.0,1.3,5.1,52.0,16.6,0.9238795325112868,0.3826834323650898
2025-05-04,18.0,21.0,15.0,0.0,1.4,6.4,70.0,11.1,0.0,1.0
2025-05-05,15.3,17.0,13.8,5.4,1.8,6.9,86.0,9.1,0.3826834323650898,0.9238795325112868
2025-05-06,14.4,18.2,12.6,15.6,1.8,7.1,85.0,11.7,0.9238795325112868,0.3826834323650898
2025-05-07,13.3,17.4,10.8,2.0,2.0,9.5,79.0,11.5,0.7071067811865476,0.7071067811865476
2025-05-08,13.7,18.5,8.8,3.4,1.2,4.3,73.0,15.1,0.7071067811865476,0.7071067811865476
2025-05-09,13.8,17.0,11.2,4.4,1.8,5.7,82.0,11.1,0.7071067811865476,0.7071067811865476
2025-05-10,15.4,18.7,12.6,7.6,1.0,4.8,77.0,14.0,0.7071067811865476,0.7071067811865476
2025-05-11,16.2,21.8,13.1,11.3,1.4,9.8,75.0,19.3,1.0,6.123233995736766e-17
2025-05-12,17.5,22.4,12.8,0.0,1.1,4.5,64.0,18.5,-0.7071067811865475,-0.7071067811865477
2025-05-13,16.8,21.5,13.5,1.4,1.5,5.5,70.0,15.1,0.7071067811865476,0.7071067811865476
2025-05-14,17.7,22.1,13.6,0.8,1.0,5.3,69.0,16.4,0.0,1.0
2025-05-15,20.4,26.1,13.9,0.8,1.1,5.9,56.0,28.0,0.9238795325112868,-0.3826834323650897
2025-05-16,17.7,21.0,14.2,0.2,1.9,8.1,58.0,20.1,0.7071067811865476,0.7071067811865476
2025-05-17,18.1,22.4,14.6,0.0,1.8,6.5,52.0,25.2,-0.3826834323650896,-0.9238795325112868
2025-05-18,18.4,24.0,12.9,0.0,1.4,6.5,59.0,26.7,-0.3826834323650896,-0.9238795325112868
2025-05-19,18.8,22.1,14.7,0.0,1.4,5.5,67.0,16.4,1.2246467991473532e-16,-1.0
2025-05-20,16.2,17.9,14.7,18.9,1.8,6.7,83.0,6.5,0.3826834323650898,0.9238795325112868
2025-05-21,18.8,24.6,13.8,0.0,1.5,6.1,67.0,25.8,0.3826834323650898,0.9238795325112868
2025-05-22,16.3,19.4,13.5,1.0,2.3,7.8,77.0,12.6,0.7071067811865476,0.7071067811865476
2025-05-23,17.8,22.2,12.1,0.0,1.5,6.7,54.0,26.2,0.7071067811865476,0.7071067811865476
2025-05-24,17.4,21.0,14.1,0.0,1.6,5.5,58.0,21.2,0.3826834323650898,0.9238795325112868
2025-05-25,19.1,23.9,13.8,0.0,1.3,5.5,58.0,25.6,0.7071067811865476,0.7071067811865476
2025-05-26,21.2,26.0,15.6,0.0,1.2,6.2,59.0,20.0,0.9238795325112868,0.3826834323650898
2025-05-27,19.6,22.9,15.8,2.5,1.8,7.9,68.0,23.8,0.7071067811865476,0.7071067811865476
2025-05-28,21.9,27.0,16.9,0.0,1.3,5.9,59.0,26.0,1.0,6.123233995736766e-17
2025-05-29,23.6,28.5,17.0,0.0,1.4,6.4,44.0,29.5,1.2246467991473532e-16,-1.0
2025-05-30,24.0,28.6,19.3,0.0,1.5,7.1,53.0,28.6,0.7071067811865476,0.7071067811865476
2025-05-31,24.5,28.9,19.1,0.0,1.5,5.7,59.0,23.9,0.9238795325112868,0.3826834323650898
2025-06-01,24.5,28.9,21.1,1.4,1.4,8.6,64.0,20.2,0.9238795325112868,0.3826834323650898
2025-06-02,21.6,24.9,19.1,0.4,1.7,5.5,75.0,10.6,-0.7071067811865475,-0.7071067811865477
2025-06-03,21.1,24.6,18.7,0.2,1.6,6.2,76.0,12.5,1.0,6.123233995736766e-17
2025-06-04,17.7,20.5,16.0,7.2,1.4,6.0,79.0,4.3,0.9238795325112868,0.3826834323650898
2025-06-05,20.8,25.2,16.4,0.0,1.2,5.1,72.0,21.6,1.0,6.123233995736766e-17
2025-06-06,22.3,26.5,18.5,0.0,1.4,6.6,69.0,16.1,1.0,6.123233995736766e-17
2025-06-07,22.6,26.3,19.0,0.0,1.3,5.2,70.0,16.2,1.0,6.123233995736766e-17
2025-06-08,24.2,30.1,19.6,0.0,1.4,5.6,62.0,26.2,-0.3826834323650896,-0.9238795325112868
2025-06-09,24.2,28.1,20.3,0.0,1.5,6.2,50.0,26.0,0.9238795325112868,0.3826834323650898
2025-06-10,24.4,29.0,20.9,0.0,1.5,5.8,59.0,20.8,0.7071067811865476,0.7071067811865476
2025-06-11,26.4,32.0,19.5,0.0,1.5,5.7,55.0,28.1,0.9238795325112868,0.3826834323650898
2025-06-12,27.1,31.9,22.2,0.0,1.5,5.3,56.0,21.5,0.9238795325112868,0.3826834323650898
2025-06-13,28.3,33.0,23.7,0.0,1.4,5.4,58.0,23.5,0.7071067811865476,0.7071067811865476
2025-06-14,28.5,33.6,25.0,0.2,1.5,8.1,58.0,21.4,0.9238795325112868,0.3826834323650898
2025-06-15,28.5,32.7,24.3,0.0,1.2,7.8,55.0,21.6,0.9238795325112868,0.3826834323650898
2025-06-16,27.3,32.2,22.5,0.0,2.2,8.1,47.0,29.1,0.9238795325112868,0.3826834323650898
2025-06-17,24.0,28.5,19.6,0.0,2.0,6.8,53.0,26.3,0.7071067811865476,0.7071067811865476
2025-06-18,26.2,31.3,20.9,0.0,1.3,5.3,49.0,28.8,0.9238795325112868,0.3826834323650898
2025-06-19,28.0,33.3,21.7,0.0,1.2,5.4,48.0,28.8,1.0,6.123233995736766e-17
2025-06-20,28.7,33.3,24.0,0.0,1.7,11.9,48.0,22.5,0.9238795325112868,0.3826834323650898
2025-06-21,25.4,30.4,20.8,3.4,2.4,13.3,56.0,25.9,0.7071067811865476,0.7071067811865476
2025-06-22,25.5,30.8,18.8,0.0,1.4,5.3,58.0,29.3,1.0,6.123233995736766e-17
2025-06-23,27.2,31.8,22.3,0.0,1.3,7.8,56.0,25.2,1.0,6.123233995736766e-17
2025-06-24,27.7,31.8,22.7,0.0,1.3,6.7,60.0,23.6,1.0,6.123233995736766e-17
2025-06-25,29.0,33.5,23.9,0.0,1.3,5.6,57.0,20.8,-0.7071067811865475,-0.7071067811865477
2025-06-26,27.9,31.2,25.0,0.6,1.7,7.7,53.0,22.8,0.9238795325112868,0.3826834323650898
2025-06-27,28.5,33.5,22.2,0.0,1.5,5.7,45.0,27.1,0.7071067811865476,0.7071067811865476
2025-06-28,30.5,35.6,23.8,0.0,1.3,5.3,43.0,29.0,1.2246467991473532e-16,-1.0
2025-06-29,30.2,34.8,25.1,0.0,1.9,5.8,50.0,27.7,0.9238795325112868,0.3826834323650898
2025-06-30,28.6,32.8,25.0,0.0,1.9,11.3,55.0,16.7,1.0,6.123233995736766e-17
2025-07-01,28.5,34.7,21.9,7.4,1.8,10.9,52.0,28.6,-0.7071067811865475,-0.7071067811865477
2025-07-02,25.7,30.9,21.3,4.8,1.5,7.4,64.0,18.5,-0.7071067811865475,-0.7071067811865477
2025-07-03,28.7,34.9,24.0,0.0,1.3,5.2,52.0,26.1,-0.3826834323650896,-0.9238795325112868
2025-07-04,29.4,33.5,24.3,0.0,1.3,5.6,53.0,20.7,0.9238795325112868,0.3826834323650898
2025-07-05,25.4,28.2,21.2,4.8,2.2,8.9,66.0,22.4,0.9238795325112868,0.3826834323650898
2025-07-06,24.8,29.8,20.1,0.0,1.9,8.3,64.0,21.4,0.3826834323650898,0.9238795325112868
2025-07-07,24.1,30.8,19.1,0.0,1.8,11.7,56.0,28.6,0.7071067811865476,0.7071067811865476
2025-07-08,23.0,28.6,17.6,0.0,2.9,14.1,37.0,30.9,-0.9238795325112866,0.38268343236509
2025-07-09,22.6,27.3,15.8,0.0,1.5,5.9,29.0,30.6,0.3826834323650899,-0.9238795325112868
2025-07-10,23.8,29.1,17.4,2.8,1.6,6.4,40.0,29.7,0.9238795325112868,0.3826834323650898
2025-07-11,24.9,30.0,19.8,0.0,1.7,6.7,46.0,28.0,0.7071067811865476,0.7071067811865476
2025-07-12,23.1,26.7,18.6,0.0,1.8,6.4,59.0,18.4,0.9238795325112868,0.3826834323650898
2025-07-13,22.6,26.3,19.7,20.7,1.7,6.5,74.0,16.4,0.9238795325112868,0.3826834323650898
2025-07-14,25.3,30.3,20.3,0.0,1.3,5.8,64.0,21.6,0.9238795325112868,0.3826834323650898
2025-07-15,27.1,31.4,22.0,0.0,1.7,6.7,60.0,27.1,0.9238795325112868,0.3826834323650898
2025-07-16,27.8,33.2,22.1,0.0,1.7,6.6,47.0,28.4,0.9238795325112868,0.3826834323650898
2025-07-17,27.5,32.6,22.2,0.0,1.9,7.5,52.0,27.7,0.7071067811865476,0.7071067811865476
2025-07-18,26.4,30.2,22.5,0.0,2.1,6.2,52.0,26.8,0.7071067811865476,0.7071067811865476
2025-07-19,25.1,27.6,23.2,0.0,1.7,5.2,63.0,11.1,0.9238795325112868,0.3826834323650898
2025-07-20,24.8,29.5,22.3,0.4,1.7,6.9,69.0,16.7,0.7071067811865476,0.7071067811865476
2025-07-21,24.8,29.6,20.5,1.6,2.1,7.7,63.0,26.3,0.7071067811865476,0.7071067811865476
2025-07-22,26.6,32.5,20.4,0.0,1.4,5.6,48.0,28.7,0.7071067811865476,0.7071067811865476
2025-07-23,23.6,29.4,19.4,10.5,1.7,15.4,68.0,18.2,0.7071067811865476,0.7071067811865476
2025-07-24,22.3,28.3,19.0,25.1,1.8,8.6,73.0,20.3,0.3826834323650898,0.9238795325112868
2025-07-25,20.6,24.0,17.6,1.4,1.6,5.3,69.0,17.3,0.9238795325112868,0.3826834323650898
2025-07-26,21.7,25.6,18.1,0.2,1.4,5.2,65.0,19.0,0.9238795325112868,0.3826834323650898
2025-07-27,24.9,31.4,18.4,0.0,1.4,6.0,54.0,24.3,-0.3826834323650896,-0.9238795325112868
2025-07-28,24.8,30.2,19.5,0.0,1.8,9.7,43.0,27.3,0.9238795325112868,0.3826834323650898
2025-07-29,24.7,28.8,20.1,0.0,1.6,7.0,33.0,26.8,1.0,6.123233995736766e-17
2025-07-30,22.8,26.3,19.2,0.0,2.2,8.5,53.0,23.1,0.9238795325112868,0.3826834323650898
2025-07-31,24.3,29.3,18.5,0.0,1.4,5.7,54.0,20.7,0.9238795325112868,0.3826834323650898
2025-08-01,23.3,27.4,20.4,0.0,2.0,7.9,63.0,21.3,0.7071067811865476,0.7071067811865476
2025-08-02,22.0,26.1,19.0,0.0,1.9,6.4,67.0,20.2,0.7071067811865476,0.7071067811865476
2025-08-03,23.4,28.1,17.9,1.4,1.5,5.6,48.0,27.1,1.0,6.123233995736766e-17
2025-08-04,24.0,29.6,18.4,0.0,1.3,4.9,49.0,22.6,0.7071067811865476,0.7071067811865476
2025-08-05,24.8,29.9,19.4,0.0,1.7,6.0,58.0,24.6,0.7071067811865476,0.7071067811865476
2025-08-06,24.7,27.9,21.1,0.0,2.0,7.1,63.0,18.3,0.7071067811865476,0.7071067811865476
2025-08-07,25.1,29.2,21.8,0.0,1.6,5.7,61.0,17.9,0.9238795325112868,0.3826834323650898
2025-08-08,27.0,31.9,21.4,0.0,1.2,5.1,59.0,23.1,1.0,6.123233995736766e-17
2025-08-09,28.9,34.7,23.1,0.0,1.1,4.8,56.0,24.8,0.9238795325112868,0.3826834323650898
2025-08-10,30.1,36.3,24.3,0.0,1.2,4.9,55.0,24.1,0.9238795325112868,0.3826834323650898
2025-08-11,30.0,34.2,25.7,0.0,1.7,6.3,51.0,24.4,0.9238795325112868,0.3826834323650898
2025-08-12,29.7,35.0,24.8,0.0,1.4,5.6,54.0,23.0,0.9238795325112868,0.3826834323650898
2025-08-13,30.2,35.7,25.3,0.0,1.4,6.0,55.0,23.4,0.0,1.0
2025-08-14,30.4,35.7,26.7,0.0,1.5,6.2,48.0,21.0,0.9238795325112868,0.3826834323650898
2025-08-15,29.7,34.8,24.2,0.0,1.3,5.4,43.0,22.3,0.9238795325112868,0.3826834323650898
2025-08-16,29.7,35.6,24.3,0.0,1.5,9.2,44.0,23.7,0.9238795325112868,0.3826834323650898
2025-08-17,28.7,33.6,23.3,0.0,1.8,5.5,43.0,23.9,0.7071067811865476,0.7071067811865476
2025-08-18,27.0,30.9,23.3,0.0,2.2,8.7,56.0,20.0,0.7071067811865476,0.7071067811865476
2025-08-19,24.8,28.8,21.4,1.2,1.9,8.1,66.0,13.7,0.7071067811865476,0.7071067811865476
2025-08-20,20.5,23.3,17.5,25.3,1.4,12.8,82.0,6.7,0.9238795325112868,0.3826834323650898
2025-08-21,21.6,27.1,17.9,2.0,1.5,8.1,69.0,20.4,-0.7071067811865475,-0.7071067811865477
2025-08-22,24.2,30.3,17.0,0.0,1.6,6.1,55.0,24.3,-0.3826834323650896,-0.9238795325112868
2025-08-23,23.8,27.2,20.5,0.0,1.8,5.8,63.0,18.9,0.9238795325112868,0.3826834323650898
2025-08-24,20.8,22.5,18.8,0.0,2.2,8.2,76.0,7.2,0.7071067811865476,0.7071067811865476
2025-08-25,22.5,26.2,19.3,0.0,1.1,4.7,64.0,15.8,0.3826834323650899,-0.9238795325112868
2025-08-26,23.9,29.0,18.8,0.0,1.4,5.2,61.0,21.9,0.9238795325112868,0.3826834323650898
2025-08-27,22.2,24.4,20.2,5.3,1.7,5.2,79.0,7.5,0.3826834323650898,0.9238795325112868
2025-08-28,20.4,22.0,19.6,26.0,1.4,6.3,92.0,4.3,0.7071067811865476,0.7071067811865476
2025-08-29,21.0,26.4,16.3,2.2,1.8,8.3,74.0,20.1,0.3826834323650898,0.9238795325112868
2025-08-30,20.7,25.9,16.2,0.0,1.3,5.6,60.0,23.3,-0.3826834323650896,-0.9238795325112868
2025-08-31,21.9,27.0,16.1,0.0,1.3,5.9,59.0,21.2,1.0,6.123233995736766e-17
2025-09-01,18.9,21.2,17.9,5.4,1.3,5.0,85.0,4.5,0.3826834323650898,0.9238795325112868
2025-09-02,20.7,24.7,17.0,0.0,1.1,4.7,71.0,14.6,0.3826834323650898,0.9238795325112868
2025-09-03,21.8,26.9,16.8,0.0,1.1,4.1,65.0,18.7,0.7071067811865476,0.7071067811865476
2025-09-04,21.5,26.3,18.1,1.2,1.4,7.3,70.0,11.1,0.9238795325112868,0.3826834323650898
2025-09-05,21.9,27.7,16.7,0.0,1.3,6.5,63.0,21.7,0.9238795325112868,0.3826834323650898
2025-09-06,22.0,27.1,17.3,0.0,1.1,5.4,51.0,21.5,1.0,6.123233995736766e-17
2025-09-07,22.2,28.0,17.1,0.0,1.0,5.2,57.0,20.9,0.9238795325112868,0.3826834323650898
2025-09-08,21.4,24.9,18.3,0.0,1.3,5.2,68.0,11.2,0.9238795325112868,0.3826834323650898
2025-09-09,21.6,25.7,16.8,22.3,1.3,7.9,74.0,10.7,0.9238795325112868,0.3826834323650898
2025-09-10,20.2,24.1,17.4,0.0,1.3,4.7,78.0,11.4,0.7071067811865476,0.7071067811865476
2025-09-11,21.3,26.3,17.1,0.0,0.9,4.2,70.0,12.7,0.9238795325112868,0.3826834323650898
2025-09-12,21.6,26.0,17.5,0.0,1.2,5.0,66.0,16.5,0.7071067811865476,0.7071067811865476
2025-09-13,19.7,21.7,17.0,0.0,1.2,4.4,79.0,7.4,0.7071067811865476,0.7071067811865476
2025-09-14,20.8,25.3,17.1,0.0,1.1,4.8,68.0,14.8,-0.3826834323650896,-0.9238795325112868
2025-09-15,21.5,25.5,17.3,0.0,1.2,4.5,72.0,13.8,0.9238795325112868,0.3826834323650898
2025-09-16,22.6,27.8,18.6,0.0,0.9,4.0,70.0,16.6,0.7071067811865476,0.7071067811865476
2025-09-17,20.8,25.5,17.3,0.0,1.2,7.5,66.0,14.0,0.7071067811865476,0.7071067811865476
2025-09-18,21.3,26.1,17.3,0.0,1.1,3.9,72.0,13.1,0.9238795325112868,0.3826834323650898
2025-09-19,22.9,28.1,17.6,0.0,1.0,4.5,68.0,17.9,0.9238795325112868,0.3826834323650898
2025-09-20,23.8,28.4,18.8,0.0,1.1,4.2,67.0,16.0,0.7071067811865476,0.7071067811865476
2025-09-21,21.7,25.2,18.0,38.8,1.7,15.9,79.0,11.8,0.3826834323650898,0.9238795325112868
2025-09-22,18.6,21.6,17.4,34.3,1.6,5.0,90.0,6.7,0.7071067811865476,0.7071067811865476
2025-09-23,19.2,23.9,15.4,0.0,1.7,5.9,71.0,15.0,0.7071067811865476,0.7071067811865476
2025-09-24,15.0,17.6,12.2,0.0,1.7,9.6,68.0,8.9,0.3826834323650898,0.9238795325112868
2025-09-25,14.4,19.0,10.2,0.6,1.6,5.2,70.0,15.8,0.7071067811865476,0.7071067811865476
2025-09-26,13.0,15.5,11.5,3.6,1.5,4.8,84.0,4.4,0.7071067811865476,0.7071067811865476
2025-09-27,14.2,17.1,12.3,0.0,1.6,6.3,78.0,11.4,0.7071067811865476,0.7071067811865476
2025-09-28,15.9,21.8,10.5,0.0,0.8,4.8,65.0,16.8,-0.3826834323650896,-0.9238795325112868
2025-09-29,16.8,22.9,11.0,0.0,0.9,3.7,63.0,17.3,0.9238795325112868,0.3826834323650898
2025-09-30,17.1,21.5,13.5,0.0,0.9,3.8,67.0,12.0,0.9238795325112868,0.3826834323650898
2025-10-01,15.9,19.1,14.0,0.0,1.7,5.7,76.0,9.9,0.7071067811865476,0.7071067811865476
2025-10-02,15.4,19.1,11.3,0.0,1.3,4.9,57.0,15.0,0.3826834323650898,0.9238795325112868
2025-10-03,13.9,17.9,10.5,0.0,1.0,4.1,65.0,12.1,0.9238795325112868,0.3826834323650898
2025-10-04,13.4,17.6,10.5,0.0,1.2,4.6,71.0,8.5,0.9238795325112868,0.3826834323650898
2025-10-05,16.3,22.5,10.4,0.0,1.7,10.7,49.0,16.7,-1.0,-1.8369701987210294e-16
2025-10-06,15.0,21.6,8.5,0.0,0.8,4.4,53.0,15.9,1.0,6.123233995736766e-17
2025-10-07,16.7,24.0,10.6,0.0,0.8,4.4,52.0,15.4,-0.7071067811865475,-0.7071067811865477
2025-10-08,16.3,21.4,11.6,0.0,1.0,3.6,65.0,13.3,0.9238795325112868,0.3826834323650898
2025-10-09,16.5,21.6,11.8,0.0,0.8,3.6,70.0,13.3,0.9238795325112868,0.3826834323650898
2025-10-10,17.9,23.2,13.7,0.0,0.7,3.4,68.0,13.2,-0.3826834323650896,-0.9238795325112868
2025-10-11,17.5,22.3,12.7,0.0,0.8,3.9,72.0,12.5,0.9238795325112868,0.3826834323650898
2025-10-12,18.1,21.7,15.4,0.0,0.8,3.2,72.0,8.1,1.0,6.123233995736766e-17
2025-10-13,17.1,19.0,14.9,0.0,0.9,3.1,77.0,4.4,0.9238795325112868,0.3826834323650898
2025-10-14,16.2,18.8,14.3,0.0,1.1,3.3,80.0,6.1,0.7071067811865476,0.7071067811865476
2025-10-15,15.9,19.6,13.8,0.0,0.8,3.7,78.0,6.0,0.9238795325112868,0.3826834323650898
2025-10-16,15.7,18.5,14.2,0.0,1.1,4.1,72.0,8.6,0.9238795325112868,0.3826834323650898
2025-10-17,15.1,18.6,12.6,0.0,1.0,4.0,67.0,8.4,0.9238795325112868,0.3826834323650898
2025-10-18,14.6,19.3,10.1,0.0,1.0,4.0,66.0,12.1,0.9238795325112868,0.3826834323650898
2025-10-19,14.9,17.5,13.1,0.0,1.2,4.4,63.0,6.2,0.7071067811865476,0.7071067811865476
2025-10-20,12.1,13.6,11.3,2.8,1.1,3.4,83.0,1.2,0.9238795325112868,0.3826834323650898
2025-10-21,13.0,16.8,10.5,0.0,1.2,4.1,77.0,9.1,-0.7071067811865475,-0.7071067811865477
2025-10-22,14.4,18.2,11.6,0.0,0.9,4.2,74.0,9.5,-0.3826834323650896,-0.9238795325112868
2025-10-23,14.3,17.8,11.7,3.4,2.5,14.3,69.0,6.3,-1.0,-1.8369701987210294e-16
2025-10-24,15.8,19.5,10.7,0.0,3.2,12.9,29.0,5.4,-1.0,-1.8369701987210294e-16
2025-10-25,12.2,15.8,7.7,0.0,1.1,4.5,54.0,4.5,0.7071067811865476,0.7071067811865476
2025-10-26,13.0,18.7,7.9,0.0,2.0,8.2,47.0,3.6,-0.9238795325112866,0.38268343236509
2025-10-27,12.1,18.2,7.0,0.0,1.1,5.0,42.0,2.7,0.7071067811865476,0.7071067811865476
2025-10-28,13.6,19.9,8.3,0.0,1.0,4.4,55.0,1.7999999999999998,-0.3826834323650896,-0.9238795325112868
2025-10-29,11.6,13.1,10.2,1.4,1.2,5.1,81.0,0.9,0.3826834323650898,0.9238795325112868
2025-10-30,13.1,17.6,10.6,4.6,0.9,3.9,80.0,5.7,-0.3826834323650895,0.9238795325112868
2025-10-31,14.9,17.8,12.8,0.0,0.8,3.9,81.0,6.7,0.7071067811865476,0.7071067811865476
2025-11-01,15.2,18.4,13.0,0.0,0.6,3.3,84.0,6.2,0.0,1.0
2025-11-02,13.7,16.5,10.5,0.0,1.0,5.8,89.0,3.6,0.7071067811865476,0.7071067811865476
2025-11-03,13.1,19.0,7.5,0.0,0.8,4.2,61.0,10.0,-0.3826834323650896,-0.9238795325112868
2025-11-04,11.5,17.1,7.4,0.0,0.8,3.1,61.0,10.1,0.9238795325112868,0.3826834323650898
2025-11-05,11.0,16.9,7.1,0.0,0.8,3.4,65.0,10.1,-0.3826834323650895,0.9238795325112868
2025-11-06,10.5,15.5,7.0,0.0,0.8,3.8,64.0,7.7,-0.3826834323650896,-0.9238795325112868
2025-11-07,10.0,13.7,7.3,0.0,0.8,3.6,65.0,5.1,0.9238795325112868,0.3826834323650898
2025-11-08,9.6,14.2,6.0,0.0,0.8,3.9,68.0,9.1,-0.3826834323650895,0.9238795325112868
2025-11-09,9.7,14.0,6.5,0.0,1.0,3.9,70.0,8.3,-0.3826834323650896,-0.9238795325112868
2025-11-10,10.0,15.6,5.0,0.0,0.9,3.6,70.0,8.6,-0.7071067811865475,-0.7071067811865477
2025-11-11,10.9,16.4,6.2,0.0,0.8,2.7,66.0,8.2,-0.3826834323650896,-0.9238795325112868
2025-11-12,11.1,16.5,7.0,0.0,0.6,3.0,67.0,7.8,0.0,1.0
2025-11-13,11.6,16.4,7.5,0.0,0.8,3.0,68.0,8.0,-0.3826834323650896,-0.9238795325112868
2025-11-14,12.4,14.4,10.7,0.0,0.7,2.7,66.0,2.7,0.9238795325112868,0.3826834323650898
2025-11-15,10.5,12.2,9.9,0.8,1.1,4.7,96.0,0.7,0.3826834323650898,0.9238795325112868
2025-11-16,10.8,11.3,10.3,3.0,0.9,2.8,99.0,0.8,0.7071067811865476,0.7071067811865476
2025-11-17,11.2,14.7,8.9,0.4,0.9,3.7,92.0,6.2,0.7071067811865476,0.7071067811865476
2025-11-18,8.8,11.1,6.4,0.0,1.1,5.7,74.0,2.6,0.9238795325112868,0.3826834323650898
2025-11-19,6.6,8.0,5.9,0.0,1.5,4.8,78.0,3.3,0.7071067811865476,0.7071067811865476
2025-11-20,6.7,9.8,4.7,0.0,1.0,4.3,72.0,6.8,0.0,1.0
2025-11-21,5.3,7.4,2.7,0.6,1.8,7.6,62.0,3.6,0.7071067811865476,0.7071067811865476
2025-11-22,5.4,10.4,1.6,0.0,0.9,4.6,54.0,8.2,-0.3826834323650896,-0.9238795325112868
2025-11-23,3.5,6.9,0.2,0.0,0.9,3.5,64.0,7.2,0.0,1.0
2025-11-24,3.6,5.0,2.3,0.0,1.0,3.1,72.0,2.3,0.9238795325112868,0.3826834323650898
2025-11-25,5.6,12.6,0.2,0.0,1.7,8.7,62.0,7.8,-0.3826834323650896,-0.9238795325112868
2025-11-26,7.7,13.5,3.7,0.0,1.2,5.9,43.0,6.5,-0.7071067811865475,-0.7071067811865477
2025-11-27,6.4,11.5,2.4,0.0,0.8,4.2,45.0,7.7,-0.3826834323650896,-0.9238795325112868
2025-11-28,4.9,9.6,1.4,0.0,0.8,3.5,56.0,7.4,-0.3826834323650896,-0.9238795325112868
2025-11-29,5.8,11.1,2.1,0.0,0.8,3.4,56.0,7.1,-0.7071067811865475,-0.7071067811865477
2025-11-30,6.1,10.4,3.0,0.0,0.6,2.4,56.0,5.2,-0.3826834323650896,-0.9238795325112868
2025-12-01,6.3,7.0,5.5,1.4,1.2,3.5,84.0,1.4,0.9238795325112868,0.3826834323650898
2025-12-02,7.6,9.9,6.2,0.0,0.9,2.8,87.0,4.0,0.9238795325112868,0.3826834323650898
2025-12-03,7.7,8.9,6.5,6.2,1.0,3.6,94.0,1.4,-0.3826834323650896,-0.9238795325112868
2025-12-04,8.3,10.2,6.8,4.4,0.8,2.8,88.0,3.0,-0.3826834323650896,-0.9238795325112868
2025-12-05,8.1,12.0,5.2,0.0,0.8,3.5,79.0,5.3,-0.3826834323650896,-0.9238795325112868
2025-12-06,6.5,10.4,4.0,0.0,1.0,3.9,79.0,5.9,-0.3826834323650896,-0.9238795325112868
2025-12-07,6.9,11.7,3.4,0.0,1.0,4.8,77.0,5.9,-0.3826834323650896,-0.9238795325112868
2025-12-08,8.1,13.9,4.0,0.0,1.0,3.9,71.0,6.6,-0.7071067811865475,-0.7071067811865477
2025-12-09,8.1,13.5,4.4,0.0,0.7,3.3,73.0,6.5,-0.3826834323650896,-0.9238795325112868
2025-12-10,8.1,13.2,4.7,0.0,0.6,3.0,73.0,6.1,-0.3826834323650896,-0.9238795325112868
2025-12-11,7.8,11.9,5.1,0.0,0.8,3.4,77.0,5.9,0.3826834323650898,0.9238795325112868
2025-12-12,7.8,13.5,4.1,0.0,1.0,4.0,78.0,6.4,-0.7071067811865475,-0.7071067811865477
2025-12-13,8.2,14.5,4.4,0.0,0.9,3.3,73.0,6.5,-0.3826834323650896,-0.9238795325112868
2025-12-14,7.4,13.7,3.2,0.0,0.6,3.7,70.0,6.4,-0.3826834323650895,0.9238795325112868
2025-12-15,6.4,9.1,3.9,0.0,0.8,3.6,72.0,4.0,0.9238795325112868,0.3826834323650898
2025-12-16,5.7,6.9,5.0,25.4,1.3,4.3,96.0,0.7,-0.3826834323650896,-0.9238795325112868
2025-12-17,8.9,11.3,6.9,1.6,1.2,4.1,92.0,4.1,-0.3826834323650896,-0.9238795325112868
2025-12-18,8.4,10.0,7.1,0.0,0.9,3.1,93.0,2.5,-0.7071067811865475,-0.7071067811865477
2025-12-19,8.9,10.9,6.2,0.0,1.1,5.2,87.0,4.5,-0.3826834323650896,-0.9238795325112868
2025-12-20,7.8,9.2,6.2,1.4,1.1,3.4,97.0,1.5,-0.3826834323650896,-0.9238795325112868
2025-12-21,8.4,9.4,7.7,3.4,0.9,3.6,96.0,1.8,0.3826834323650898,0.9238795325112868
2025-12-22,8.0,8.3,7.6,9.0,0.7,4.0,95.0,0.7,0.3826834323650898,0.9238795325112868
2025-12-23,7.5,8.4,6.7,24.4,1.3,4.0,98.0,0.6,-0.3826834323650896,-0.9238795325112868
2025-12-24,6.5,8.7,2.9,26.0,1.6,9.4,98.0,0.7,0.3826834323650898,0.9238795325112868
2025-12-25,4.8,6.1,4.1,31.0,1.2,6.9,96.0,0.8,-0.3826834323650895,0.9238795325112868
2025-12-26,5.8,9.2,3.8,5.2,1.6,6.9,81.0,5.5,-0.3826834323650896,-0.9238795325112868
2025-12-27,6.8,11.4,3.5,0.0,1.5,5.6,75.0,6.8,-0.3826834323650896,-0.9238795325112868
2025-12-28,6.3,12.0,2.5,0.0,1.1,5.1,71.0,6.8,-0.7071067811865475,-0.7071067811865477
2025-12-29,5.7,10.7,2.2,0.0,1.2,4.4,68.0,6.9,-0.7071067811865475,-0.7071067811865477
2025-12-30,4.5,9.8,1.9,0.0,1.3,8.5,79.0,6.7,-0.7071067811865475,-0.7071067811865477
2025-12-31,5.0,8.0,2.7,0.0,1.0,4.1,80.0,6.2,0.9238795325112868,0.3826834323650898
2026-01-01,0.8,2.8,-1.8,0.0,2.3,7.0,91.0,3.8,0.6293203910498374,-0.7771459614569709
2026-01-02,0.2,4.9,-2.8,0.0,2.5,5.9,88.0,6.61,-0.32556815445715676,-0.9455185755993167
2026-01-03,0.7,7.4,-2.8,0.0,2.3,4.6,76.0,7.01,-0.2079116908177595,-0.9781476007338056
2026-01-04,-0.5,5.9,-3.7,0.0,2.2,5.4,69.0,7.19,-0.9993908270190958,0.03489949670250128
2026-01-05,-1.2,3.8,-3.5,0.0,2.5,4.9,70.0,6.79,-0.6946583704589973,-0.7193398003386511
2026-01-06,-1.5,4.9,-5.6,0.0,2.0,5.9,65.0,7.3,-0.06975647374412564,0.9975640502598242
2026-01-07,-1.9,3.3,-4.7,0.0,3.2,8.0,63.0,7.36,-0.3255681544571567,0.9455185755993168
2026-01-08,-1.1,4.2,-4.3,0.1,2.4,4.8,67.0,5.51,0.1908089953765448,0.981627183447664
2026-01-09,-0.6,3.8,-3.0,0.5,2.3,4.9,88.0,6.65,0.3420201433256689,-0.9396926207859083
2026-01-10,2.3,9.1,-2.0,0.0,6.4,11.6,67.0,5.79,-0.8191520442889916,-0.5735764363510464
2026-01-11,2.1,9.6,-1.9,0.0,3.1,6.1,63.0,7.47,-0.9986295347545738,0.052335956242943946
2026-01-12,0.5,5.8,-2.5,0.0,1.9,5.9,75.0,7.14,-0.017452406437283637,-0.9998476951563913
2026-01-13,1.1,7.2,-2.5,0.0,2.5,6.1,84.0,7.07,-0.5735764363510462,-0.8191520442889918
2026-01-14,3.1,8.5,-0.8,0.0,2.6,4.5,86.0,6.65,-0.5000000000000001,-0.8660254037844386
2026-01-15,4.4,7.4,2.2,0.0,2.5,4.2,91.0,3.55,-0.17364817766693047,-0.984807753012208
2026-01-16,5.5,8.6,3.8,2.8,2.7,5.6,94.0,3.29,-0.8090169943749473,-0.5877852522924732
2026-01-17,5.9,6.5,5.2,13.7,3.5,5.9,98.0,0.9,-0.6946583704589976,0.7193398003386509
2026-01-18,7.2,8.8,6.1,1.3,5.9,10.4,87.0,1.96,0.24192189559966773,0.9702957262759965
2026-01-19,5.3,6.2,4.0,4.3,5.0,11.2,84.0,1.44,-0.2588190451025207,0.9659258262890683
2026-01-20,2.8,4.4,0.4,0.0,3.3,6.1,78.0,3.81,-0.2588190451025208,-0.9659258262890683
2026-01-21,1.8,7.6,-2.3,0.0,1.4,4.3,87.0,8.01,0.27563735581699916,0.9612616959383189
2026-01-22,0.3,4.4,-2.8,0.0,2.9,5.8,92.0,6.03,-0.275637355816999,-0.9612616959383189
2026-01-23,0.3,4.0,-2.9,1.3,1.7,5.0,91.0,3.06,-0.4694715627858908,0.882947592858927
2026-01-24,2.3,5.2,-0.1,4.4,2.9,6.5,95.0,2.56,-0.798635510047293,0.6018150231520479
2026-01-25,4.2,7.4,2.7,7.7,3.4,6.0,92.0,3.73,-0.7986355100472928,-0.6018150231520483
2026-01-26,3.9,9.3,0.4,0.0,1.8,3.7,89.0,8.26,-0.7771459614569706,-0.6293203910498378
2026-01-27,1.9,5.9,-1.9,3.4,2.6,6.3,91.0,4.94,-0.8480480961564261,0.5299192642332047
2026-01-28,3.1,6.4,0.9,16.1,3.8,6.4,94.0,3.47,-0.6946583704589973,-0.7193398003386511
2026-01-29,4.0,10.4,0.5,0.3,1.9,4.9,90.0,9.05,-0.7880107536067221,-0.6156614753256581
2026-01-30,3.2,6.5,-1.0,0.0,3.0,6.2,95.0,2.78,-0.5877852522924734,0.8090169943749473
2026-01-31,3.2,7.8,-0.1,0.0,1.9,4.2,93.0,5.69,-0.7313537016191705,-0.6819983600624986
2026-02-01,2.8,9.4,-1.8,0.0,2.5,6.6,91.0,8.65,0.754709580222772,0.6560590289905073
2026-02-02,3.5,5.5,2.5,1.3,2.7,4.5,93.0,2.38,-0.13917310096006552,-0.9902680687415703
2026-02-03,2.5,4.8,0.2,8.0,3.6,7.9,93.0,5.81,1.0,6.123233995736766e-17
2026-02-04,3.4,5.6,1.2,6.9,3.7,6.8,97.0,1.72,-0.8090169943749473,-0.5877852522924732
2026-02-05,3.7,10.4,-2.0,6.4,4.8,13.0,88.0,9.41,-0.9961946980917455,0.08715574274765789
2026-02-06,7.1,12.2,4.1,11.8,4.5,15.6,86.0,10.07,-0.9781476007338056,0.20791169081775943
2026-02-07,5.2,11.9,0.8,4.1,2.6,5.2,90.0,8.42,0.35836794954530027,0.9335804264972017
2026-02-08,5.6,11.6,0.8,3.9,2.0,5.2,92.0,7.69,-0.20791169081775987,0.9781476007338056
2026-02-09,7.2,11.6,4.3,1.0,2.6,5.7,88.0,8.56,-0.4226182617406992,0.90630778703665
2026-02-10,6.9,8.6,5.7,3.8,4.0,6.5,93.0,3.03,0.27563735581699916,0.9612616959383189
2026-02-11,7.1,11.4,4.8,1.0,2.9,6.4,87.0,9.55,-0.29237170472273716,0.9563047559630353
2026-02-12,7.9,12.7,5.0,2.5,3.7,7.6,86.0,8.0,0.754709580222772,0.6560590289905073
2026-02-13,8.1,14.6,3.0,0.8,4.7,12.7,69.0,9.7,-0.1564344650402311,0.9876883405951377
2026-02-14,7.5,10.1,5.9,10.2,7.4,12.8,87.0,4.35,-0.5735764363510465,0.8191520442889916
2026-02-15,6.8,13.8,1.2,0.0,3.2,7.2,73.0,11.44,-0.4226182617406993,-0.90630778703665
2026-02-16,5.0,8.1,2.7,1.1,5.1,7.3,84.0,5.8,-0.40673664307580015,0.913545457642601
2026-02-17,7.5,14.6,1.6,0.0,9.1,18.4,62.0,11.6,-0.9702957262759965,-0.24192189559966779
2026-02-18,5.4,11.4,-0.2,0.0,3.3,7.2,64.0,11.87,0.3420201433256687,0.9396926207859084
2026-02-19,5.6,9.8,2.0,8.9,4.3,7.6,79.0,10.16,-0.9510565162951536,0.30901699437494723
2026-02-20,8.4,18.4,0.2,0.0,3.4,6.9,70.0,12.7,-0.5299192642332048,-0.8480480961564261
2026-02-21,7.9,15.1,2.5,0.0,2.3,4.5,78.0,11.75,0.573576436351046,0.8191520442889918
2026-02-22,7.2,14.1,1.5,0.0,2.4,5.0,81.0,12.06,0.48480962024633706,0.8746197071393957
2026-02-23,7.6,15.6,1.8,0.0,2.7,4.5,85.0,12.56,-0.5877852522924734,0.8090169943749473
2026-02-24,10.3,19.5,3.8,0.0,2.9,14.7,82.0,13.05,0.9396926207859083,0.3420201433256688
2026-02-25,9.8,12.4,7.8,0.0,3.6,10.3,85.0,5.49,0.5446390350150271,0.838670567945424
2026-02-26,8.6,15.3,2.6,0.0,1.6,3.8,87.0,13.15,-0.08715574274765794,-0.9961946980917455
2026-02-27,9.0,15.3,3.8,0.0,2.7,5.1,87.0,12.94,-0.8987940462991668,-0.43837114678907774
2026-02-28,9.0,13.5,4.6,0.2,2.5,5.1,90.0,8.01,0.788010753606722,0.6156614753256583
2026-03-01,10.0,13.6,7.7,4.4,2.6,4.9,87.0,6.91,0.4067366430758002,0.9135454576426009
2026-03-02,9.8,12.9,7.3,4.0,3.6,7.9,89.0,7.12,0.6156614753256583,0.7880107536067219
2026-03-03,10.1,14.1,7.1,0.4,2.5,4.3,85.0,9.84,0.9902680687415704,-0.13917310096006535
2026-03-04,9.1,14.6,3.7,0.0,1.9,4.9,84.0,10.82,0.766044443118978,0.6427876096865394
2026-03-05,8.8,13.4,5.0,0.1,2.9,5.2,85.0,7.89,0.8191520442889918,0.573576436351046
2026-03-06,9.8,16.2,4.9,0.0,2.4,6.1,82.0,13.77,0.6427876096865393,0.766044443118978
2026-03-07,9.9,16.4,3.5,0.0,1.9,5.3,79.0,15.32,0.9612616959383189,-0.27563735581699905
2026-03-08,9.9,16.9,3.7,0.0,2.4,6.3,73.0,15.23,0.9135454576426009,-0.40673664307580026
2026-03-09,9.5,14.8,3.2,0.0,2.5,6.4,75.0,12.64,0.35836794954530027,0.9335804264972017
2026-03-10,8.9,11.1,6.1,6.2,2.7,10.0,85.0,4.02,0.052335956242943835,0.9986295347545738
2026-03-11,8.5,12.1,4.5,0.0,3.2,5.7,85.0,9.14,-0.6018150231520484,-0.7986355100472928
2026-03-12,11.1,15.6,7.6,1.5,3.1,6.0,75.0,14.69,0.981627183447664,-0.1908089953765448
2026-03-13,9.7,15.3,3.8,0.0,3.2,7.1,81.0,14.38,-0.9335804264972017,0.3583679495453004
2026-03-14,8.2,10.7,6.8,17.5,9.1,16.6,92.0,2.31,0.15643446504023087,0.9876883405951378
2026-03-15,7.0,12.6,2.0,30.8,5.0,16.4,88.0,5.21,-0.8480480961564261,0.5299192642332047
2026-03-16,10.4,17.9,3.3,0.0,3.2,5.6,74.0,17.23,-0.7313537016191705,-0.6819983600624986
2026-03-17,10.0,16.2,3.1,0.0,4.1,8.8,68.0,16.53,0.8090169943749475,0.5877852522924731
2026-03-18,8.9,12.1,6.7,0.7,8.1,13.6,64.0,7.71,-0.20791169081775987,0.9781476007338056
2026-03-19,9.8,16.2,3.5,0.0,3.8,7.6,60.0,18.34,-0.6018150231520484,-0.7986355100472928
2026-03-20,9.0,14.6,3.8,0.0,3.5,10.5,62.0,18.32,0.6819983600624985,0.7313537016191705
2026-03-21,9.2,14.1,4.4,0.3,4.8,12.3,68.0,15.81,0.48480962024633706,0.8746197071393957
2026-03-22,6.8,9.5,4.7,19.0,8.0,14.4,83.0,5.63,-0.4848096202463369,0.8746197071393959
2026-03-23,8.0,14.6,1.7,0.0,2.4,4.8,70.0,19.07,-0.39073112848927355,-0.9205048534524404
