day_of_year,month,year,lag_1,lag_7,lag_30,lag_365,rolling_7,rolling_30,sin_day,cos_day,pm2.5 concentration
1,1,2022,62.0,62.0,62.0,42.8,62.0,62.0,0.017213356155834685,0.9998518392091162,62.0
2,1,2022,62.0,62.0,62.0,38.4,62.0,62.0,0.03442161162274574,0.9994074007397048,62.0
3,1,2022,62.0,62.0,62.0,36.0,62.0,62.0,0.051619667223253764,0.998666816288476,62.0
4,1,2022,62.0,62.0,62.0,32.4,62.0,62.0,0.06880242680231986,0.9976303053065857,62.0
5,1,2022,62.0,62.0,62.0,29.6,62.0,62.0,0.08596479873744647,0.9962981749346078,62.0
6,1,2022,62.0,62.0,62.0,30.4,62.0,62.0,0.10310169744743485,0.9946708199115211,62.0
7,1,2022,62.0,62.0,62.0,30.6,62.0,62.0,0.1202080448993527,0.9927487224577402,62.0
8,1,2022,62.0,62.0,62.0,27.4,62.0,62.0,0.13727877211326478,0.9905324521322229,62.0
9,1,2022,62.0,62.0,62.0,28.2,62.0,62.0,0.15430882066428117,0.9880226656636976,62.0
10,1,2022,62.0,62.0,62.0,18.2,62.0,62.0,0.1712931441814776,0.9852201067560606,62.0
11,1,2022,62.0,62.0,62.0,26.0,62.0,62.0,0.1882267098432442,0.9821256058680006,62.0
12,1,2022,62.0,62.0,62.0,36.4,62.0,62.0,0.2051044998686192,0.9787400799669153,62.0
13,1,2022,62.0,62.0,62.0,39.8,62.0,62.0,0.2219215130041655,0.9750645322571948,43.0
14,1,2022,43.0,62.0,60.53846153846154,39.0,59.285714285714285,60.53846153846154,0.2386727660059501,0.9711000518829505,44.0
15,1,2022,44.0,62.0,59.357142857142854,45.2,56.714285714285715,59.357142857142854,0.255353295116187,0.9668478136052775,45.0
16,1,2022,45.0,62.0,58.4,40.8,54.285714285714285,58.4,0.2719581575341055,0.9623090774541486,41.0
17,1,2022,41.0,62.0,57.3125,30.2,51.285714285714285,57.3125,0.288482432880609,0.9574851883550393,42.0
18,1,2022,42.0,62.0,56.411764705882355,29.2,48.42857142857143,56.411764705882355,0.30492122465628907,0.9523775757303974,34.0
19,1,2022,34.0,62.0,55.166666666666664,20.4,44.42857142857143,55.166666666666664,0.3212696616923644,0.9469877530760753,57.0
20,1,2022,57.0,43.0,55.26315789473684,22.8,43.714285714285715,55.26315789473684,0.3375228995941133,0.9413173175128471,58.0
21,1,2022,58.0,44.0,55.4,28.4,45.857142857142854,55.4,0.3536761221763716,0.9353679493131483,42.0
22,1,2022,42.0,45.0,54.76190476190476,32.6,45.57142857142857,54.76190476190476,0.3697245428906731,0.9291414114031743,44.0
23,1,2022,44.0,41.0,54.27272727272727,33.6,45.42857142857143,54.27272727272727,0.38566340624360707,0.9226395488404876,56.0
24,1,2022,56.0,42.0,54.34782608695652,32.8,47.57142857142857,54.34782608695652,0.401487989205973,0.9158642882672872,72.0
25,1,2022,72.0,34.0,55.083333333333336,33.2,51.857142857142854,55.083333333333336,0.4171936026123168,0.9088176373395029,48.0
26,1,2022,48.0,57.0,54.8,31.4,53.857142857142854,54.8,0.4327755925504312,0.901501684131884,38.0
27,1,2022,38.0,58.0,54.15384615384615,34.4,51.142857142857146,54.15384615384615,0.4482293417404106,0.893918596519257,43.0
28,1,2022,43.0,42.0,53.74074074074074,27.0,49.0,53.74074074074074,0.4635502709028509,0.886070621534138,38.0
29,1,2022,38.0,44.0,53.17857142857143,31.2,48.42857142857143,53.17857142857143,0.47873384011578846,0.8779600847008882,34.0
30,1,2022,34.0,56.0,52.51724137931034,31.8,47.0,52.51724137931034,0.49377555015997715,0.869589389346611,33.0
31,1,2022,33.0,72.0,62.0,33.8,43.714285714285715,51.86666666666667,0.5086709438521044,0.8609610158889943,27.0
32,2,2022,27.0,48.0,62.0,26.4,37.285714285714285,50.7,0.5234156073655503,0.8520775211013093,11.0
33,2,2022,11.0,38.0,62.0,26.4,32.0,49.0,0.5380051715382996,0.8429415373547828,18.0
34,2,2022,18.0,43.0,62.0,24.0,29.142857142857142,47.53333333333333,0.5524353131676196,0.8335557718385699,31.0
35,2,2022,31.0,38.0,62.0,26.6,27.428571428571427,46.5,0.5667017562911176,0.8239230057575542,44.0
36,2,2022,44.0,34.0,62.0,26.0,28.285714285714285,45.9,0.5808002734538009,0.8140460935082178,56.0
37,2,2022,56.0,33.0,62.0,31.6,31.428571428571427,45.7,0.5947266869607634,0.8039279618328213,55.0
38,2,2022,55.0,27.0,62.0,25.2,34.57142857142857,45.46666666666667,0.6084768701151261,0.7935716089521474,12.0
39,2,2022,12.0,11.0,62.0,26.4,32.42857142857143,43.8,0.6220467484408675,0.7829801036770629,20.0
40,2,2022,20.0,18.0,62.0,20.2,33.714285714285715,42.4,0.6354323008901774,0.7721565844991642,30.0
41,2,2022,30.0,31.0,62.0,20.6,35.42857142857143,41.333333333333336,0.6486295610349814,0.7611042586607747,32.0
42,2,2022,32.0,44.0,62.0,26.0,35.57142857142857,40.333333333333336,0.6616346182422783,0.7498264012045686,36.0
43,2,2022,36.0,56.0,43.0,25.8,34.42857142857143,39.46666666666667,0.6744436188329455,0.7383263540031065,23.0
44,2,2022,23.0,55.0,44.0,23.2,29.714285714285715,38.8,0.6870527672236669,0.7266075247685656,22.0
45,2,2022,22.0,12.0,45.0,23.8,25.0,38.06666666666667,0.699458327051647,0.7146733860429609,22.0
46,2,2022,22.0,20.0,41.0,29.8,26.428571428571427,37.3,0.7116566222817746,0.7025274741691571,35.0
47,2,2022,35.0,30.0,42.0,29.6,28.571428571428573,37.1,0.7236440382959124,0.6901733882429719,38.0
48,2,2022,38.0,32.0,34.0,28.8,29.714285714285715,36.96666666666667,0.7354170229639855,0.6776147890466889,42.0
49,2,2022,42.0,36.0,57.0,30.0,31.142857142857142,37.233333333333334,0.7469720876965552,0.6648553979642865,54.0
50,2,2022,54.0,23.0,58.0,30.8,33.714285714285715,37.13333333333333,0.7583058084785624,0.6518989958787126,54.0
51,2,2022,54.0,22.0,42.0,31.2,38.142857142857146,37.0,0.7694148268839378,0.6387494220515272,54.0
52,2,2022,54.0,22.0,44.0,33.8,42.714285714285715,37.4,0.7802958510707755,0.6254105729852463,54.0
53,2,2022,54.0,35.0,56.0,28.4,47.285714285714285,37.733333333333334,0.7909456567567772,0.6118864012687243,5.0
54,2,2022,5.0,38.0,72.0,22.2,43.0,36.03333333333333,0.8013610881746766,0.5981809144059165,14.0
55,2,2022,14.0,42.0,48.0,23.2,39.57142857142857,34.1,0.8115390590073611,0.5842981736283684,14.0
56,2,2022,14.0,54.0,38.0,23.6,35.57142857142857,32.96666666666667,0.8214765533024142,0.5702422926917871,14.0
57,2,2022,14.0,54.0,43.0,18.8,29.857142857142858,32.166666666666664,0.8311706263658079,0.5560174366570446,14.0
58,2,2022,14.0,54.0,38.0,13.4,24.142857142857142,31.2,0.8406184056344782,0.5416278206559814,14.0
59,2,2022,14.0,54.0,34.0,16.8,18.428571428571427,30.4,0.8498170915275278,0.5270777086423722,14.0
60,3,2022,14.0,5.0,33.0,20.8,12.714285714285714,29.733333333333334,0.8587639582758029,0.5123714121284237,14.0
61,3,2022,14.0,14.0,27.0,17.8,14.0,29.1,0.8674563547295969,0.49751328890718066,14.0
62,3,2022,14.0,14.0,11.0,18.6,14.0,28.666666666666668,0.8758917051442429,0.48250774176121847,14.0
63,3,2022,14.0,14.0,18.0,18.8,14.0,28.766666666666666,0.8840675099433636,0.4673592171580022,14.0
64,3,2022,14.0,14.0,31.0,23.2,14.0,28.633333333333333,0.8919813464595485,0.45207220393230435,14.0
65,3,2022,14.0,14.0,44.0,23.8,14.0,28.066666666666666,0.8996308696522433,0.43665123195606403,14.0
66,3,2022,14.0,14.0,56.0,22.0,14.0,27.066666666666666,0.9070138128026359,0.4211008707960896,14.0
67,3,2022,14.0,14.0,55.0,21.8,14.0,25.666666666666668,0.9141279881853337,0.40542572835999735,14.0
68,3,2022,14.0,14.0,12.0,24.2,14.0,24.3,0.9209712877166346,0.38963044953078796,14.0
69,3,2022,14.0,14.0,20.0,26.2,14.0,24.366666666666667,0.9275416835791966,0.37371971479046906,48.0
70,3,2022,48.0,14.0,30.0,14.6,18.857142857142858,25.3,0.9338372288229252,0.35769823883312546,33.0
71,3,2022,33.0,14.0,32.0,17.8,21.571428571428573,25.4,0.9398560579418954,0.3415707691678556,33.0
72,3,2022,33.0,14.0,36.0,19.4,24.285714285714285,25.433333333333334,0.9455963874271426,0.3253420847119801,33.0
73,3,2022,33.0,14.0,23.0,12.6,27.0,25.333333333333332,0.9510565162951535,0.30901699437494745,33.0
74,3,2022,33.0,14.0,22.0,9.8,29.714285714285715,25.666666666666668,0.9562348265919056,0.29260033563334836,33.0
75,3,2022,33.0,14.0,22.0,14.4,32.42857142857143,26.033333333333335,0.9611297838723007,0.27609697309746883,33.0
76,3,2022,33.0,48.0,35.0,17.4,35.142857142857146,26.4,0.9657399376548549,0.2595117970697999,33.0
77,3,2022,33.0,33.0,38.0,17.2,33.0,26.333333333333332,0.9700639218515071,0.2428497220959356,33.0
78,3,2022,33.0,33.0,42.0,18.8,33.0,26.166666666666668,0.9741004551724205,0.22611568550828828,33.0
79,3,2022,33.0,33.0,54.0,21.6,33.0,25.866666666666667,0.9778483415056568,0.20931464596304847,33.0
80,3,2022,33.0,33.0,54.0,24.4,33.0,25.166666666666668,0.9813064702716093,0.19245158197082998,33.0
81,3,2022,33.0,33.0,54.0,22.4,33.0,24.466666666666665,0.9844738167520922,0.1755314904214282,33.0
82,3,2022,33.0,33.0,54.0,21.8,33.0,23.766666666666666,0.9873494423939864,0.15855938510313475,33.0
83,3,2022,33.0,33.0,5.0,17.0,33.0,23.066666666666666,0.989932495087353,0.141540295217043,33.0
84,3,2022,33.0,33.0,14.0,9.75,33.0,24.0,0.9922222094179323,0.12447926388678915,23.0
85,3,2022,23.0,33.0,14.0,10.5,31.571428571428573,24.3,0.994217906893952,0.10738134666416309,23.0
86,3,2022,23.0,33.0,14.0,14.5,30.142857142857142,24.6,0.995918996147179,0.09025161003104117,37.0
87,3,2022,37.0,33.0,14.0,14.0,30.714285714285715,25.366666666666667,0.9973249731081555,0.07309512989807777,35.0
88,3,2022,35.0,33.0,14.0,16.75,31.0,26.066666666666666,0.9984354211555643,0.055916990100603484,35.0
89,3,2022,35.0,33.0,14.0,13.75,31.285714285714285,26.766666666666666,0.9992500112396835,0.03872228089217446,24.0
90,3,2022,24.0,33.0,14.0,12.75,30.0,27.1,0.9997685019798909,0.021516097436222254,20.0
91,4,2022,20.0,23.0,14.0,5.75,28.142857142857142,27.3,0.9999907397361901,0.004303538296244289,6.0
92,4,2022,6.0,23.0,14.0,5.75,25.714285714285715,27.033333333333335,0.9999166586547379,-0.01291029607500882,5.0
93,4,2022,5.0,37.0,14.0,7.75,23.142857142857142,26.733333333333334,0.9995462806873573,-0.030120304846908114,9.0
94,4,2022,9.0,35.0,14.0,11.5,19.142857142857142,26.566666666666666,0.9988797155850336,-0.04732138832243185,21.0
95,4,2022,21.0,35.0,14.0,15.0,17.142857142857142,26.8,0.9979171608653922,-0.06450844944931623,25.0
96,4,2022,25.0,24.0,14.0,14.0,15.714285714285714,27.166666666666668,0.9966589017541702,-0.08167639533042241,23.0
97,4,2022,23.0,20.0,14.0,11.0,15.571428571428571,27.466666666666665,0.9951053111006976,-0.09882013873287143,11.0
98,4,2022,11.0,6.0,14.0,8.5,14.285714285714286,27.366666666666667,0.9932568492674143,-0.11593459959550041,8.0
99,4,2022,8.0,5.0,48.0,12.0,14.571428571428571,27.166666666666668,0.9911140639934547,-0.1330147065341959,5.0
100,4,2022,5.0,9.0,33.0,11.25,14.571428571428571,25.733333333333334,0.9886775902323405,-0.1500553983446526,6.0
101,4,2022,6.0,21.0,33.0,11.5,14.142857142857142,24.833333333333332,0.9859481499638304,-0.16705162550211924,16.0
102,4,2022,16.0,25.0,33.0,13.25,13.428571428571429,24.266666666666666,0.9829265519799822,-0.18399835165768005,19.0
103,4,2022,19.0,23.0,33.0,12.75,12.571428571428571,23.8,0.9796136916454901,-0.20089055513063506,24.0
104,4,2022,24.0,11.0,33.0,12.25,12.714285714285714,23.5,0.9760105506323683,-0.21772323039653177,22.0
105,4,2022,22.0,8.0,33.0,10.5,14.285714285714286,23.133333333333333,0.9721181966290613,-0.23449138957040985,22.0
106,4,2022,22.0,5.0,33.0,10.5,16.285714285714285,22.766666666666666,0.9679377830240642,-0.25119006388481935,18.0
107,4,2022,18.0,6.0,33.0,7.0,18.142857142857142,22.266666666666666,0.9634705485641488,-0.2678143051621742,9.0
108,4,2022,9.0,16.0,33.0,7.0,18.571428571428573,21.466666666666665,0.9587178169872964,-0.2843591872810034,11.0
109,4,2022,11.0,19.0,33.0,8.25,17.857142857142858,20.733333333333334,0.9536809966304457,-0.30081980763566735,15.0
110,4,2022,15.0,24.0,33.0,9.5,17.285714285714285,20.133333333333333,0.9483615800121715,-0.3171912885891061,20.0
111,4,2022,20.0,22.0,33.0,8.75,16.714285714285715,19.7,0.9427611433904207,-0.3334687789181868,19.0
112,4,2022,19.0,22.0,33.0,9.0,16.285714285714285,19.233333333333334,0.9368813462954315,-0.3496474552512284,13.0
113,4,2022,13.0,18.0,33.0,9.0,15.0,18.566666666666666,0.9307239310379795,-0.36572252349726897,11.0
114,4,2022,11.0,9.0,23.0,5.5,14.0,17.833333333333332,0.9242907221930933,-0.3816892202666588,6.0
115,4,2022,6.0,11.0,23.0,6.75,13.571428571428571,17.266666666666666,0.9175836260593937,-0.39754281428255595,9.0
116,4,2022,9.0,15.0,37.0,7.0,13.285714285714286,16.8,0.9106046300942162,-0.4132786077829042,10.0
117,4,2022,10.0,20.0,35.0,8.5,12.571428571428571,15.9,0.9033558023246845,-0.4288919379124835,11.0
118,4,2022,11.0,19.0,35.0,9.0,11.285714285714286,15.1,0.895839290734909,-0.4443781781046132,9.0
119,4,2022,9.0,13.0,24.0,8.5,9.857142857142858,14.233333333333333,0.8880573226294932,-0.45973273945210397,13.0
120,4,2022,13.0,11.0,20.0,12.0,9.857142857142858,13.866666666666667,0.8800122039735357,-0.47495107206704995,16.0
121,5,2022,16.0,6.0,6.0,10.5,10.571428571428571,13.733333333333333,0.8717063187093218,-0.4900286664290592,16.0
122,5,2022,16.0,9.0,5.0,9.5,12.0,14.066666666666666,0.8631421280499114,-0.5049610547215204,16.0
123,5,2022,16.0,10.0,9.0,8.75,13.0,14.433333333333334,0.854322169749827,-0.5197438121555155,9.0
124,5,2022,9.0,11.0,21.0,8.75,12.857142857142858,14.433333333333334,0.8452490573530633,-0.5343725582809786,10.0
125,5,2022,10.0,9.0,25.0,8.0,12.714285714285714,14.066666666666666,0.8359254794186372,-0.548842958284719,7.0
126,5,2022,7.0,13.0,23.0,7.75,12.428571428571429,13.466666666666667,0.8263541987239096,-0.5631507242749186,5.0
127,5,2022,5.0,16.0,11.0,6.0,11.285714285714286,12.866666666666667,0.8165380514459161,-0.5772916165517272,5.0
128,5,2022,5.0,16.0,8.0,7.25,9.714285714285714,12.666666666666666,0.8064799463209448,-0.5912614448635781,6.0
129,5,2022,6.0,16.0,5.0,8.5,8.285714285714286,12.6,0.7961828637826158,-0.6050560696488488,9.0
130,5,2022,9.0,9.0,6.0,9.0,7.285714285714286,12.733333333333333,0.7856498550787147,-0.6186714032625031,12.0
131,5,2022,12.0,10.0,16.0,9.75,7.714285714285714,12.933333333333334,0.7748840413670407,-0.6321034111873487,14.0
132,5,2022,14.0,7.0,19.0,9.5,8.285714285714286,12.866666666666667,0.7638886127905428,-0.6453481132295501,14.0
133,5,2022,14.0,5.0,24.0,8.75,9.285714285714286,12.7,0.7526668275320085,-0.6584015846980488,13.0
134,5,2022,13.0,5.0,22.0,8.25,10.428571428571429,12.333333333333334,0.7412220108485958,-0.6712599575675313,12.0
135,5,2022,12.0,6.0,22.0,9.75,11.428571428571429,12.0,0.7295575540864875,-0.6839194216246106,13.0
136,5,2022,13.0,9.0,18.0,8.5,12.428571428571429,11.7,0.717676913675962,-0.6963762255968722,12.0
137,5,2022,12.0,12.0,9.0,8.25,12.857142857142858,11.5,0.705583610107178,-0.7086266782644596,13.0
138,5,2022,13.0,14.0,11.0,8.75,13.0,11.633333333333333,0.6932812268869777,-0.7206671495538609,14.0
139,5,2022,14.0,14.0,15.0,8.75,13.0,11.733333333333333,0.6807734094770161,-0.7324940716135789,10.0
140,5,2022,10.0,13.0,20.0,7.25,12.428571428571429,11.566666666666666,0.6680638642135335,-0.7441039398713607,14.0
141,5,2022,14.0,12.0,19.0,7.5,12.571428571428571,11.366666666666667,0.6551563572090853,-0.7554933140726803,14.0
142,5,2022,14.0,13.0,13.0,9.75,12.857142857142858,11.2,0.6420547132365637,-0.766658819300159,15.0
143,5,2022,15.0,12.0,11.0,9.75,13.142857142857142,11.266666666666667,0.6287628145958344,-0.7775971469736269,12.0
144,5,2022,12.0,13.0,6.0,9.5,13.142857142857142,11.3,0.6152845999633276,-0.7883050558305255,12.0
145,5,2022,12.0,14.0,9.0,9.5,13.0,11.5,0.6016240632249226,-0.7987793728863649,11.0
146,5,2022,11.0,10.0,10.0,10.25,12.571428571428571,11.566666666666666,0.5877852522924732,-0.8090169943749473,13.0
147,5,2022,13.0,14.0,11.0,11.75,13.0,11.666666666666666,0.5737722679043246,-0.8190148866680801,14.0
148,5,2022,14.0,14.0,9.0,11.5,13.0,11.766666666666667,0.5595892624101765,-0.8287700871745038,14.0
149,5,2022,14.0,15.0,13.0,9.25,13.0,11.933333333333334,0.545240438540651,-0.8382797052177744,8.0
150,5,2022,8.0,12.0,16.0,11.5,12.0,11.766666666666667,0.5307300481619334,-0.8475409228928311,8.0
151,5,2022,8.0,12.0,16.0,13.0,11.428571428571429,11.5,0.5160623910158528,-0.8565509959010036,12.0
152,6,2022,12.0,11.0,16.0,14.0,11.428571428571429,11.366666666666667,0.5012418134457758,-0.865307254363206,13.0
153,6,2022,13.0,13.0,9.0,10.5,11.714285714285714,11.266666666666667,0.48627270710868997,-0.8738071036110808,12.0
154,6,2022,12.0,14.0,10.0,11.5,11.571428571428571,11.366666666666667,0.4711595076738638,-0.8820480249558537,16.0
155,6,2022,16.0,14.0,7.0,10.25,11.857142857142858,11.566666666666666,0.4559066935084588,-0.8900275764346767,13.0
156,6,2022,13.0,8.0,5.0,11.25,11.714285714285714,11.766666666666667,0.440518784350495,-0.8977433935342337,13.0
157,6,2022,13.0,8.0,5.0,11.25,12.428571428571429,12.033333333333333,0.42500033996955416,-0.9051931898913974,10.0
158,6,2022,10.0,12.0,6.0,9.25,12.714285714285714,12.2,0.4093559588156213,-0.9123747579707273,9.0
159,6,2022,9.0,13.0,9.0,11.25,12.285714285714286,12.3,0.39359027665646673,-0.9192859697186104,8.0
160,6,2022,8.0,12.0,12.0,14.25,11.571428571428571,12.266666666666667,0.3777079652039649,-0.9259247771938498,5.0
161,6,2022,5.0,16.0,14.0,12.75,10.571428571428571,12.033333333333333,0.36171373072976765,-0.9322892131745133,5.0
162,6,2022,5.0,13.0,14.0,13.25,9.0,11.733333333333333,0.3456123126707335,-0.9383773917408641,7.0
163,6,2022,7.0,13.0,13.0,14.0,8.142857142857142,11.5,0.3294084822245304,-0.9441875088341993,10.0
164,6,2022,10.0,10.0,12.0,13.0,7.714285714285714,11.4,0.3131070409358269,-0.9497178427914316,11.0
165,6,2022,11.0,9.0,13.0,15.5,7.857142857142857,11.366666666666667,0.29671281927349075,-0.9549667548552551,14.0
166,6,2022,14.0,8.0,12.0,16.5,8.571428571428571,11.4,0.28023067519921585,-0.9599326896597447,16.0
167,6,2022,16.0,5.0,13.0,18.5,9.714285714285714,11.533333333333333,0.26366549272800704,-0.9646141756912435,20.0
168,6,2022,20.0,5.0,14.0,18.5,11.857142857142858,11.766666666666667,0.24702218048093552,-0.9690098257244062,19.0
169,6,2022,19.0,7.0,10.0,18.0,13.857142857142858,11.933333333333334,0.23030567023061221,-0.9731183372332619,16.0
170,6,2022,16.0,10.0,14.0,17.75,15.142857142857142,12.133333333333333,0.21352091543979612,-0.9769384927771817,16.0
171,6,2022,16.0,11.0,14.0,17.5,16.0,12.2,0.19667288979357647,-0.980469160361632,15.0
172,6,2022,15.0,14.0,15.0,17.75,16.571428571428573,12.233333333333333,0.1797665857255624,-0.9837092937736097,15.0
173,6,2022,15.0,16.0,12.0,16.5,16.714285714285715,12.233333333333333,0.16280701293851715,-0.986657932891657,13.0
174,6,2022,13.0,20.0,12.0,16.0,16.285714285714285,12.266666666666667,0.1457991969198751,-0.9893142039703663,16.0
175,6,2022,16.0,19.0,11.0,14.5,15.714285714285714,12.4,0.12874817745258132,-0.99167731989929,9.0
176,6,2022,9.0,16.0,13.0,15.0,14.285714285714286,12.333333333333334,0.11165900712169512,-0.993746580436178,9.0
177,6,2022,9.0,16.0,14.0,15.75,13.285714285714286,12.2,0.09453674981719912,-0.9955213724144752,9.0
178,6,2022,9.0,15.0,14.0,18.0,12.285714285714286,12.033333333333333,0.07738647923346301,-0.9970011699250151,15.0
179,6,2022,15.0,15.0,8.0,17.25,12.285714285714286,12.066666666666666,0.06021327736579302,-0.9981855344718586,14.0
180,6,2022,14.0,13.0,8.0,15.25,12.142857142857142,12.266666666666667,0.04302223300453059,-0.99907411510223,9.0
181,6,2022,9.0,16.0,12.0,16.0,11.571428571428571,12.3,0.02581844022713308,-0.9996666485105112,11.0
182,7,2022,11.0,9.0,13.0,15.75,10.857142857142858,12.266666666666667,0.008606996888688698,-0.9999629591162655,10.0
183,7,2022,10.0,9.0,12.0,9.0,11.0,12.166666666666666,-0.008606996888688009,-0.9999629591162655,14.0
184,7,2022,14.0,9.0,16.0,9.25,11.714285714285714,12.233333333333333,-0.02581844022713239,-0.9996666485105112,15.0
185,7,2022,15.0,15.0,13.0,8.5,12.571428571428571,12.2,-0.04302223300453034,-0.99907411510223,11.0
186,7,2022,11.0,14.0,13.0,8.5,12.0,12.133333333333333,-0.060213277365792774,-0.9981855344718586,10.0
187,7,2022,10.0,9.0,10.0,7.75,11.428571428571429,12.033333333333333,-0.07738647923346322,-0.9970011699250151,9.0
188,7,2022,9.0,11.0,9.0,7.5,11.428571428571429,12.0,-0.09453674981719933,-0.9955213724144752,7.0
189,7,2022,7.0,10.0,8.0,8.0,10.857142857142858,11.933333333333334,-0.11165900712169444,-0.9937465804361781,7.0
190,7,2022,7.0,14.0,5.0,8.5,10.428571428571429,11.9,-0.12874817745258066,-0.99167731989929,7.0
191,7,2022,7.0,15.0,5.0,9.0,9.428571428571429,11.966666666666667,-0.14579919691987442,-0.9893142039703664,7.0
192,7,2022,7.0,11.0,7.0,10.0,8.285714285714286,12.033333333333333,-0.16280701293851646,-0.9866579328916572,7.0
193,7,2022,7.0,10.0,10.0,7.75,7.714285714285714,12.033333333333333,-0.17976658572556214,-0.9837092937736098,7.0
194,7,2022,7.0,9.0,11.0,7.0,7.285714285714286,11.933333333333334,-0.19667288979357622,-0.9804691603616321,7.0
195,7,2022,7.0,7.0,14.0,10.25,7.0,11.8,-0.2135209154397959,-0.9769384927771817,17.0
196,7,2022,17.0,7.0,16.0,10.5,8.428571428571429,11.9,-0.23030567023061196,-0.973118337233262,14.0
197,7,2022,14.0,7.0,20.0,9.75,9.428571428571429,11.833333333333334,-0.24702218048093527,-0.9690098257244063,12.0
198,7,2022,12.0,7.0,19.0,11.25,10.142857142857142,11.566666666666666,-0.2636654927280072,-0.9646141756912435,15.0
199,7,2022,15.0,7.0,16.0,11.75,11.285714285714286,11.433333333333334,-0.2802306751992161,-0.9599326896597445,17.0
200,7,2022,17.0,7.0,16.0,14.0,12.714285714285714,11.466666666666667,-0.2967128192734901,-0.9549667548552553,17.0
201,7,2022,17.0,7.0,15.0,12.75,14.142857142857142,11.5,-0.3131070409358267,-0.9497178427914317,17.0
202,7,2022,17.0,17.0,15.0,10.5,15.571428571428571,11.566666666666666,-0.3294084822245302,-0.9441875088341994,18.0
203,7,2022,18.0,14.0,13.0,9.75,15.714285714285714,11.666666666666666,-0.3456123126707333,-0.9383773917408642,18.0
204,7,2022,18.0,12.0,16.0,10.25,16.285714285714285,11.833333333333334,-0.3617137307297674,-0.9322892131745134,18.0
205,7,2022,18.0,15.0,9.0,10.75,17.142857142857142,11.9,-0.37770796520396466,-0.9259247771938499,18.0
206,7,2022,18.0,17.0,9.0,11.0,17.571428571428573,12.2,-0.39359027665646645,-0.9192859697186105,19.0
207,7,2022,19.0,17.0,9.0,9.75,17.857142857142858,12.533333333333333,-0.4093559588156211,-0.9123747579707274,19.0
208,7,2022,19.0,17.0,15.0,10.0,18.142857142857142,12.866666666666667,-0.42500033996955394,-0.9051931898913975,19.0
209,7,2022,19.0,18.0,14.0,10.75,18.428571428571427,13.0,-0.4405187843504952,-0.8977433935342336,19.0
210,7,2022,19.0,18.0,9.0,11.5,18.571428571428573,13.166666666666666,-0.455906693508459,-0.8900275764346766,19.0
211,7,2022,19.0,18.0,11.0,10.75,18.714285714285715,13.5,-0.47115950767386394,-0.8820480249558535,19.0
212,7,2022,19.0,18.0,10.0,11.5,18.857142857142858,13.766666666666667,-0.4862727071086902,-0.8738071036110807,19.0
213,8,2022,19.0,19.0,14.0,12.5,19.0,14.066666666666666,-0.5012418134457756,-0.8653072543632061,19.0
214,8,2022,19.0,19.0,15.0,12.75,19.0,14.233333333333333,-0.5160623910158526,-0.8565509959010037,19.0
215,8,2022,19.0,19.0,11.0,11.0,19.0,14.366666666666667,-0.5307300481619331,-0.8475409228928312,19.0
216,8,2022,19.0,19.0,10.0,10.0,19.0,14.633333333333333,-0.5452404385406507,-0.8382797052177745,19.0
217,8,2022,19.0,19.0,9.0,10.5,19.0,14.933333333333334,-0.5595892624101763,-0.828770087174504,19.0
218,8,2022,19.0,19.0,7.0,10.25,19.0,15.266666666666667,-0.5737722679043243,-0.8190148866680802,19.0
219,8,2022,19.0,19.0,7.0,10.25,19.0,15.666666666666666,-0.5877852522924734,-0.8090169943749472,19.0
220,8,2022,19.0,19.0,7.0,10.25,19.0,16.066666666666666,-0.6016240632249227,-0.7987793728863648,19.0
221,8,2022,19.0,19.0,7.0,11.0,19.0,16.466666666666665,-0.6152845999633277,-0.7883050558305253,19.0
222,8,2022,19.0,19.0,7.0,12.75,19.0,16.866666666666667,-0.6287628145958345,-0.7775971469736268,19.0
223,8,2022,19.0,19.0,7.0,13.75,19.0,17.266666666666666,-0.6420547132365636,-0.7666588193001592,19.0
224,8,2022,19.0,19.0,7.0,14.75,19.0,17.666666666666668,-0.655156357209085,-0.7554933140726804,19.0
225,8,2022,19.0,19.0,17.0,14.5,19.0,18.066666666666666,-0.6680638642135333,-0.7441039398713608,19.0
226,8,2022,19.0,19.0,14.0,13.0,19.0,18.133333333333333,-0.6807734094770159,-0.7324940716135792,19.0
227,8,2022,19.0,19.0,12.0,11.5,19.0,18.3,-0.6932812268869771,-0.7206671495538615,19.0
228,8,2022,19.0,19.0,15.0,11.25,19.0,18.533333333333335,-0.7055836101071774,-0.70862667826446,19.0
229,8,2022,19.0,19.0,17.0,10.75,19.0,18.666666666666668,-0.7176769136759615,-0.6963762255968726,19.0
230,8,2022,19.0,19.0,17.0,11.75,19.0,18.733333333333334,-0.7295575540864876,-0.6839194216246105,19.0
231,8,2022,19.0,19.0,17.0,13.0,19.0,18.8,-0.7412220108485957,-0.6712599575675315,19.0
232,8,2022,19.0,19.0,18.0,13.5,19.0,18.866666666666667,-0.7526668275320083,-0.6584015846980489,19.0
233,8,2022,19.0,19.0,18.0,11.75,19.0,18.9,-0.7638886127905429,-0.64534811322955,19.0
234,8,2022,19.0,19.0,18.0,12.5,19.0,18.933333333333334,-0.7748840413670406,-0.6321034111873488,19.0
235,8,2022,19.0,19.0,18.0,11.75,19.0,18.966666666666665,-0.7856498550787144,-0.6186714032625032,9.0
236,8,2022,9.0,19.0,19.0,12.75,17.571428571428573,18.666666666666668,-0.7961828637826154,-0.6050560696488494,10.0
237,8,2022,10.0,19.0,19.0,12.0,16.285714285714285,18.366666666666667,-0.8064799463209447,-0.5912614448635782,12.0
238,8,2022,12.0,19.0,19.0,10.25,15.285714285714286,18.133333333333333,-0.8165380514459157,-0.5772916165517278,12.0
239,8,2022,12.0,19.0,19.0,8.25,14.285714285714286,17.9,-0.8263541987239094,-0.5631507242749187,11.0
240,8,2022,11.0,19.0,19.0,7.5,13.142857142857142,17.633333333333333,-0.8359254794186365,-0.5488429582847199,10.0
241,8,2022,10.0,19.0,19.0,9.25,11.857142857142858,17.333333333333332,-0.8452490573530634,-0.5343725582809785,11.0
242,8,2022,11.0,9.0,19.0,9.5,10.714285714285714,17.066666666666666,-0.8543221697498269,-0.5197438121555157,11.0
243,8,2022,11.0,10.0,19.0,9.75,11.0,16.8,-0.8631421280499115,-0.5049610547215202,11.0
244,9,2022,11.0,12.0,19.0,10.0,11.142857142857142,16.533333333333335,-0.8717063187093217,-0.4900286664290594,9.0
245,9,2022,9.0,12.0,19.0,9.5,10.714285714285714,16.2,-0.8800122039735356,-0.4749510720670502,7.0
246,9,2022,7.0,11.0,19.0,8.0,10.0,15.8,-0.888057322629493,-0.4597327394521046,10.0
247,9,2022,10.0,10.0,19.0,9.75,9.857142857142858,15.5,-0.8958392907349089,-0.4443781781046134,10.0
248,9,2022,10.0,11.0,19.0,8.75,9.857142857142858,15.2,-0.9033558023246842,-0.4288919379124841,13.0
249,9,2022,13.0,11.0,19.0,8.0,10.142857142857142,15.0,-0.9106046300942162,-0.41327860778290443,12.0
250,9,2022,12.0,11.0,19.0,8.75,10.285714285714286,14.766666666666667,-0.9175836260593934,-0.3975428142825566,10.0
251,9,2022,10.0,9.0,19.0,10.25,10.142857142857142,14.466666666666667,-0.9242907221930934,-0.3816892202666586,8.0
252,9,2022,8.0,7.0,19.0,11.0,10.0,14.1,-0.9307239310379793,-0.3657225234972692,8.0
253,9,2022,8.0,10.0,19.0,8.75,10.142857142857142,13.733333333333333,-0.9368813462954315,-0.34964745525122826,8.0
254,9,2022,8.0,10.0,19.0,9.5,9.857142857142858,13.366666666666667,-0.9427611433904206,-0.33346877891818705,8.0
255,9,2022,8.0,13.0,19.0,10.75,9.571428571428571,13.0,-0.9483615800121716,-0.31719128858910595,8.0
256,9,2022,8.0,12.0,19.0,8.75,8.857142857142858,12.633333333333333,-0.9536809966304455,-0.300819807635668,11.0
257,9,2022,11.0,10.0,19.0,8.5,8.714285714285714,12.366666666666667,-0.9587178169872964,-0.2843591872810036,12.0
258,9,2022,12.0,8.0,19.0,7.0,9.0,12.133333333333333,-0.9634705485641486,-0.26781430516217486,10.0
259,9,2022,10.0,8.0,19.0,9.75,9.285714285714286,11.833333333333334,-0.9679377830240642,-0.25119006388481957,8.0
260,9,2022,8.0,8.0,19.0,8.0,9.285714285714286,11.466666666666667,-0.9721181966290612,-0.23449138957041052,5.0
261,9,2022,5.0,8.0,19.0,9.5,8.857142857142858,11.0,-0.9760105506323682,-0.21772323039653224,5.0
262,9,2022,5.0,8.0,19.0,9.0,8.428571428571429,10.533333333333333,-0.9796136916454901,-0.20089055513063528,6.0
263,9,2022,6.0,11.0,19.0,10.5,8.142857142857142,10.1,-0.9829265519799822,-0.18399835165767986,9.0
264,9,2022,9.0,12.0,19.0,10.5,7.857142857142857,9.766666666666667,-0.9859481499638303,-0.1670516255021195,8.0
265,9,2022,8.0,10.0,9.0,7.75,7.285714285714286,9.4,-0.9886775902323404,-0.15005539834465262,8.0
266,9,2022,8.0,8.0,10.0,8.75,7.0,9.366666666666667,-0.9911140639934546,-0.13301470653419636,10.0
267,9,2022,10.0,5.0,12.0,9.0,7.285714285714286,9.366666666666667,-0.9932568492674143,-0.11593459959550066,17.0
268,9,2022,17.0,5.0,12.0,8.5,9.0,9.533333333333333,-0.9951053111006974,-0.09882013873287211,11.0
269,9,2022,11.0,6.0,11.0,8.0,9.857142857142858,9.5,-0.99665890175417,-0.08167639533042288,10.0
270,9,2022,10.0,9.0,10.0,9.25,10.428571428571429,9.466666666666667,-0.9979171608653922,-0.06450844944931625,7.0
271,9,2022,7.0,8.0,11.0,9.0,10.142857142857142,9.366666666666667,-0.9988797155850335,-0.04732138832243232,9.0
272,9,2022,9.0,8.0,11.0,11.0,10.285714285714286,9.3,-0.9995462806873573,-0.03012030484690836,14.0
273,9,2022,14.0,10.0,11.0,10.25,11.142857142857142,9.4,-0.9999166586547379,-0.012910296075008843,6.0
274,10,2022,6.0,17.0,9.0,10.5,10.571428571428571,9.233333333333333,-0.9999907397361901,0.004303538296243821,6.0
275,10,2022,6.0,11.0,7.0,13.0,9.0,9.133333333333333,-0.9997685019798909,0.021516097436222233,9.0
276,10,2022,9.0,10.0,10.0,14.25,8.714285714285714,9.2,-0.9992500112396835,0.03872228089217399,9.0
277,10,2022,9.0,7.0,10.0,14.5,8.571428571428571,9.166666666666666,-0.9984354211555643,0.05591699010060302,18.0
278,10,2022,18.0,9.0,13.0,16.25,10.142857142857142,9.433333333333334,-0.9973249731081555,0.07309512989807776,29.0
279,10,2022,29.0,14.0,12.0,16.25,13.0,9.966666666666667,-0.9959189961471792,0.0902516100310407,27.0
280,10,2022,27.0,6.0,10.0,19.25,14.857142857142858,10.466666666666667,-0.994217906893952,0.10738134666416306,31.0
281,10,2022,31.0,6.0,8.0,18.75,18.428571428571427,11.166666666666666,-0.9922222094179324,0.12447926388678869,29.0
282,10,2022,29.0,9.0,8.0,16.5,21.714285714285715,11.866666666666667,-0.989932495087353,0.141540295217043,11.0
283,10,2022,11.0,9.0,8.0,16.75,22.0,11.966666666666667,-0.9873494423939864,0.15855938510313475,11.0
284,10,2022,11.0,18.0,8.0,17.25,22.285714285714285,12.066666666666666,-0.9844738167520923,0.17553149042142777,15.0
285,10,2022,15.0,29.0,8.0,20.5,21.857142857142858,12.3,-0.9813064702716093,0.19245158197082995,21.0
286,10,2022,21.0,27.0,11.0,20.75,20.714285714285715,12.733333333333333,-0.9778483415056567,0.20931464596304888,30.0
287,10,2022,30.0,31.0,12.0,22.75,21.142857142857142,13.366666666666667,-0.9741004551724206,0.22611568550828803,34.0
288,10,2022,34.0,29.0,10.0,24.0,21.571428571428573,14.1,-0.970063921851507,0.2428497220959358,43.0
289,10,2022,43.0,11.0,8.0,18.75,23.571428571428573,15.2,-0.965739937654855,0.25951179706979943,37.0
290,10,2022,37.0,11.0,5.0,17.25,27.285714285714285,16.166666666666668,-0.9611297838723007,0.27609697309746883,39.0
291,10,2022,39.0,15.0,5.0,17.25,31.285714285714285,17.3,-0.9562348265919058,0.2926003356333479,34.0
292,10,2022,34.0,21.0,6.0,20.0,34.0,18.266666666666666,-0.9510565162951536,0.30901699437494723,35.0
293,10,2022,35.0,30.0,9.0,18.25,36.0,19.233333333333334,-0.9455963874271428,0.3253420847119795,38.0
294,10,2022,38.0,34.0,8.0,21.25,37.142857142857146,20.2,-0.9398560579418953,0.341570769167856,52.0
295,10,2022,52.0,43.0,8.0,13.5,39.714285714285715,21.666666666666668,-0.9338372288229252,0.35769823883312546,19.0
296,10,2022,19.0,37.0,10.0,12.75,36.285714285714285,22.033333333333335,-0.9275416835791965,0.3737197147904692,17.0
297,10,2022,17.0,39.0,17.0,13.75,33.42857142857143,22.266666666666666,-0.9209712877166347,0.38963044953078774,28.0
298,10,2022,28.0,34.0,11.0,12.5,31.857142857142858,22.633333333333333,-0.9141279881853337,0.4054257283599973,25.0
299,10,2022,25.0,35.0,10.0,16.25,30.571428571428573,23.1,-0.9070138128026362,0.42110087079608916,32.0
300,10,2022,32.0,38.0,7.0,11.75,30.142857142857142,23.833333333333332,-0.8996308696522434,0.4366512319560638,30.0
301,10,2022,30.0,52.0,9.0,12.25,29.0,24.6,-0.8919813464595487,0.45207220393230374,28.0
302,10,2022,28.0,19.0,14.0,15.75,25.571428571428573,25.233333333333334,-0.8840675099433637,0.46735921715800205,25.0
303,10,2022,25.0,17.0,6.0,16.5,26.428571428571427,25.6,-0.8758917051442433,0.48250774176121763,24.0
304,10,2022,24.0,28.0,6.0,14.75,27.428571428571427,26.2,-0.8674563547295971,0.4975132889071803,23.0
305,11,2022,23.0,25.0,9.0,15.5,26.714285714285715,26.766666666666666,-0.858763958275803,0.5123714121284235,20.0
306,11,2022,20.0,32.0,9.0,17.0,26.0,27.133333333333333,-0.8498170915275277,0.5270777086423724,21.0
307,11,2022,21.0,30.0,18.0,13.75,24.428571428571427,27.533333333333335,-0.8406184056344783,0.5416278206559811,24.0
308,11,2022,24.0,28.0,29.0,11.25,23.571428571428573,27.733333333333334,-0.8311706263658079,0.5560174366570446,5.0
309,11,2022,5.0,25.0,27.0,12.0,20.285714285714285,26.933333333333334,-0.8214765533024145,0.5702422926917867,6.0
310,11,2022,6.0,24.0,31.0,14.75,17.571428571428573,26.233333333333334,-0.8115390590073611,0.5842981736283683,17.0
311,11,2022,17.0,23.0,29.0,21.75,16.571428571428573,25.766666666666666,-0.801361088174677,0.5981809144059158,24.0
312,11,2022,24.0,20.0,11.0,22.25,16.714285714285715,25.6,-0.7909456567567774,0.6118864012687242,16.0
313,11,2022,16.0,21.0,11.0,27.75,16.142857142857142,25.766666666666666,-0.780295851070776,0.6254105729852457,36.0
314,11,2022,36.0,24.0,15.0,28.25,18.285714285714285,26.6,-0.7694148268839381,0.6387494220515268,24.0
315,11,2022,24.0,5.0,21.0,23.5,18.285714285714285,26.9,-0.7583058084785625,0.6518989958787125,30.0
316,11,2022,30.0,6.0,30.0,21.25,21.857142857142858,27.2,-0.7469720876965551,0.6648553979642866,33.0
317,11,2022,33.0,17.0,34.0,23.0,25.714285714285715,27.3,-0.7354170229639858,0.6776147890466887,21.0
318,11,2022,21.0,24.0,43.0,25.0,26.285714285714285,26.866666666666667,-0.7236440382959124,0.690173388242972,24.0
319,11,2022,24.0,16.0,37.0,23.25,26.285714285714285,26.233333333333334,-0.711656622281775,0.7025274741691566,30.0
320,11,2022,30.0,36.0,39.0,24.0,28.285714285714285,26.0,-0.6994583270516471,0.7146733860429608,28.0
321,11,2022,28.0,24.0,34.0,22.25,27.142857142857142,25.633333333333333,-0.6870527672236675,0.7266075247685652,31.0
322,11,2022,31.0,30.0,35.0,22.0,28.142857142857142,25.533333333333335,-0.6744436188329457,0.7383263540031063,21.0
323,11,2022,21.0,33.0,38.0,22.0,26.857142857142858,25.066666666666666,-0.661634618242279,0.749826401204568,20.0
324,11,2022,20.0,21.0,52.0,26.25,25.0,24.466666666666665,-0.6486295610349818,0.7611042586607742,25.0
325,11,2022,25.0,24.0,19.0,27.5,25.571428571428573,23.566666666666666,-0.6354323008901775,0.7721565844991641,26.0
326,11,2022,26.0,30.0,17.0,11.0,25.857142857142858,23.8,-0.622046748440868,0.7829801036770624,5.0
327,11,2022,5.0,28.0,28.0,15.0,22.285714285714285,23.4,-0.6084768701151264,0.7935716089521472,23.0
328,11,2022,23.0,31.0,25.0,16.75,21.571428571428573,23.233333333333334,-0.594726686960764,0.8039279618328208,26.0
329,11,2022,26.0,21.0,32.0,15.0,20.857142857142858,23.266666666666666,-0.5808002734538013,0.8140460935082175,37.0
330,11,2022,37.0,20.0,30.0,19.25,23.142857142857142,23.433333333333334,-0.5667017562911184,0.8239230057575536,41.0
331,11,2022,41.0,25.0,28.0,19.25,26.142857142857142,23.8,-0.5524353131676203,0.8335557718385695,32.0
332,11,2022,32.0,26.0,25.0,29.25,27.142857142857142,23.933333333333334,-0.5380051715382992,0.8429415373547832,51.0
333,11,2022,51.0,5.0,24.0,32.75,30.714285714285715,24.8,-0.5234156073655503,0.8520775211013093,41.0
334,11,2022,41.0,23.0,23.0,31.5,35.857142857142854,25.366666666666667,-0.5086709438521042,0.8609610158889945,26.0
335,12,2022,26.0,26.0,20.0,26.25,36.285714285714285,25.466666666666665,-0.49377555015997737,0.8695893893466109,25.0
336,12,2022,25.0,37.0,21.0,24.75,36.142857142857146,25.633333333333333,-0.4787338401157883,0.8779600847008883,30.0
337,12,2022,30.0,41.0,24.0,20.25,35.142857142857146,25.933333333333334,-0.4635502709028512,0.8860706215341378,13.0
338,12,2022,13.0,32.0,5.0,20.25,31.142857142857142,25.566666666666666,-0.4482293417404106,0.893918596519257,11.0
339,12,2022,11.0,51.0,6.0,22.25,28.142857142857142,25.766666666666666,-0.4327755925504317,0.9015016841318838,7.0
340,12,2022,7.0,41.0,17.0,25.25,21.857142857142858,25.8,-0.41719360261231697,0.9088176373395028,23.0
341,12,2022,23.0,26.0,24.0,35.75,19.285714285714285,26.0,-0.4014879892059737,0.9158642882672868,37.0
342,12,2022,37.0,25.0,16.0,34.5,20.857142857142858,26.433333333333334,-0.38566340624360745,0.9226395488404875,34.0
343,12,2022,34.0,30.0,36.0,36.0,22.142857142857142,27.033333333333335,-0.3697245428906732,0.9291414114031743,25.0
344,12,2022,25.0,13.0,24.0,26.25,21.428571428571427,26.666666666666668,-0.3536761221763721,0.935367949313148,15.0
345,12,2022,15.0,11.0,30.0,27.5,21.714285714285715,26.366666666666667,-0.33752289959411347,0.941317317512847,17.0
346,12,2022,17.0,7.0,33.0,25.5,22.571428571428573,25.933333333333334,-0.32126966169236515,0.9469877530760751,26.0
347,12,2022,26.0,23.0,21.0,28.75,25.285714285714285,25.7,-0.3049212246562894,0.9523775757303973,21.0
348,12,2022,21.0,37.0,24.0,33.0,25.0,25.7,-0.2884824328806098,0.9574851883550389,30.0
349,12,2022,30.0,34.0,30.0,34.25,24.0,25.9,-0.27195815753410524,0.9623090774541487,33.0
350,12,2022,33.0,25.0,28.0,27.25,23.857142857142858,26.0,-0.2553532951161881,0.9668478136052773,31.0
351,12,2022,31.0,15.0,31.0,33.75,24.714285714285715,26.1,-0.23867276600594997,0.9711000518829505,43.0
352,12,2022,43.0,17.0,21.0,39.75,28.714285714285715,26.5,-0.22192151300416674,0.9750645322571945,50.0
353,12,2022,50.0,26.0,20.0,41.0,33.42857142857143,27.466666666666665,-0.20510449986861926,0.9787400799669153,39.0
354,12,2022,39.0,21.0,25.0,37.75,35.285714285714285,28.1,-0.1882267098432439,0.9821256058680006,37.0
355,12,2022,37.0,30.0,26.0,27.0,37.57142857142857,28.5,-0.1712931441814778,0.9852201067560606,70.0
356,12,2022,70.0,33.0,5.0,18.75,43.285714285714285,29.966666666666665,-0.154308820664281,0.9880226656636976,67.0
357,12,2022,67.0,31.0,23.0,17.75,48.142857142857146,32.03333333333333,-0.13727877211326517,0.9905324521322227,22.0
358,12,2022,22.0,43.0,26.0,14.0,46.857142857142854,32.0,-0.12020804489935275,0.9927487224577402,34.0
359,12,2022,34.0,50.0,37.0,16.0,45.57142857142857,32.266666666666666,-0.10310169744743544,0.9946708199115211,37.0
360,12,2022,37.0,39.0,41.0,22.75,43.714285714285715,32.266666666666666,-0.0859647987374467,0.9962981749346077,25.0
361,12,2022,25.0,37.0,32.0,26.25,41.714285714285715,31.733333333333334,-0.06880242680232064,0.9976303053065857,28.0
362,12,2022,28.0,70.0,51.0,31.75,40.42857142857143,31.6,-0.05161966722325418,0.9986668162884759,34.0
363,12,2022,34.0,67.0,41.0,31.25,35.285714285714285,31.033333333333335,-0.034421611622745804,0.9994074007397048,31.0
364,12,2022,31.0,22.0,26.0,33.5,30.142857142857142,30.7,-0.01721335615583528,0.9998518392091162,27.0
365,12,2022,27.0,34.0,25.0,38.75,30.857142857142858,30.733333333333334,6.432490598706546e-16,1.0,47.0
1,1,2023,47.0,37.0,30.0,62.0,32.714285714285715,31.466666666666665,0.017213356155834685,0.9998518392091162,64.0
2,1,2023,64.0,25.0,13.0,62.0,36.57142857142857,32.6,0.03442161162274574,0.9994074007397048,36.0
3,1,2023,36.0,28.0,11.0,62.0,38.142857142857146,33.36666666666667,0.051619667223253764,0.998666816288476,28.0
4,1,2023,28.0,34.0,7.0,62.0,38.142857142857146,33.93333333333333,0.06880242680231986,0.9976303053065857,25.0
5,1,2023,25.0,31.0,23.0,62.0,36.857142857142854,34.53333333333333,0.08596479873744647,0.9962981749346078,27.0
6,1,2023,27.0,27.0,37.0,62.0,36.285714285714285,34.666666666666664,0.10310169744743485,0.9946708199115211,22.0
7,1,2023,22.0,47.0,34.0,62.0,35.57142857142857,34.166666666666664,0.1202080448993527,0.9927487224577402,21.0
8,1,2023,21.0,64.0,25.0,62.0,31.857142857142858,33.733333333333334,0.13727877211326478,0.9905324521322229,5.0
9,1,2023,5.0,36.0,15.0,62.0,23.428571428571427,33.06666666666667,0.15430882066428117,0.9880226656636976,11.0
10,1,2023,11.0,28.0,17.0,62.0,19.857142857142858,32.93333333333333,0.1712931441814776,0.9852201067560606,6.0
11,1,2023,6.0,25.0,26.0,62.0,16.714285714285715,32.56666666666667,0.1882267098432442,0.9821256058680006,28.0
12,1,2023,28.0,27.0,21.0,62.0,17.142857142857142,32.63333333333333,0.2051044998686192,0.9787400799669153,40.0
13,1,2023,40.0,22.0,30.0,43.0,19.0,33.266666666666666,0.2219215130041655,0.9750645322571948,42.0
14,1,2023,42.0,21.0,33.0,44.0,21.857142857142858,33.666666666666664,0.2386727660059501,0.9711000518829505,38.0
15,1,2023,38.0,5.0,31.0,45.0,24.285714285714285,33.833333333333336,0.255353295116187,0.9668478136052775,43.0
16,1,2023,43.0,11.0,43.0,41.0,29.714285714285715,34.233333333333334,0.2719581575341055,0.9623090774541486,34.0
17,1,2023,34.0,6.0,50.0,42.0,33.0,33.93333333333333,0.288482432880609,0.9574851883550393,26.0
18,1,2023,26.0,28.0,39.0,34.0,35.857142857142854,33.13333333333333,0.30492122465628907,0.9523775757303974,30.0
19,1,2023,30.0,40.0,37.0,57.0,36.142857142857146,32.833333333333336,0.3212696616923644,0.9469877530760753,18.0
20,1,2023,18.0,42.0,70.0,58.0,33.0,32.2,0.3375228995941133,0.9413173175128471,19.0
21,1,2023,19.0,38.0,67.0,42.0,29.714285714285715,30.5,0.3536761221763716,0.9353679493131483,20.0
22,1,2023,20.0,43.0,22.0,44.0,27.142857142857142,28.933333333333334,0.3697245428906731,0.9291414114031743,14.0
23,1,2023,14.0,34.0,34.0,56.0,23.0,28.666666666666668,0.38566340624360707,0.9226395488404876,27.0
24,1,2023,27.0,26.0,37.0,72.0,22.0,28.433333333333334,0.401487989205973,0.9158642882672872,10.0
25,1,2023,10.0,30.0,25.0,48.0,19.714285714285715,27.533333333333335,0.4171936026123168,0.9088176373395029,21.0
26,1,2023,21.0,18.0,28.0,38.0,18.428571428571427,27.4,0.4327755925504312,0.901501684131884,27.0
27,1,2023,27.0,19.0,34.0,43.0,19.714285714285715,27.366666666666667,0.4482293417404106,0.893918596519257,33.0
28,1,2023,33.0,20.0,31.0,38.0,21.714285714285715,27.333333333333332,0.4635502709028509,0.886070621534138,36.0
29,1,2023,36.0,14.0,27.0,34.0,24.0,27.5,0.47873384011578846,0.8779600847008882,34.0
30,1,2023,34.0,27.0,47.0,33.0,26.857142857142858,27.733333333333334,0.49377555015997715,0.869589389346611,39.0
31,1,2023,39.0,10.0,64.0,27.0,28.571428571428573,27.466666666666665,0.5086709438521044,0.8609610158889943,38.0
32,2,2023,38.0,21.0,36.0,11.0,32.57142857142857,26.6,0.5234156073655503,0.8520775211013093,36.0
33,2,2023,36.0,27.0,28.0,18.0,34.714285714285715,26.6,0.5380051715382996,0.8429415373547828,35.0
34,2,2023,35.0,33.0,25.0,31.0,35.857142857142854,26.833333333333332,0.5524353131676196,0.8335557718385699,32.0
35,2,2023,32.0,36.0,27.0,44.0,35.714285714285715,27.066666666666666,0.5667017562911176,0.8239230057575542,23.0
36,2,2023,23.0,34.0,22.0,56.0,33.857142857142854,26.933333333333334,0.5808002734538009,0.8140460935082178,32.0
37,2,2023,32.0,39.0,21.0,55.0,33.57142857142857,27.266666666666666,0.5947266869607634,0.8039279618328213,32.0
38,2,2023,32.0,38.0,5.0,12.0,32.57142857142857,27.633333333333333,0.6084768701151261,0.7935716089521474,32.0
39,2,2023,32.0,36.0,11.0,20.0,31.714285714285715,28.533333333333335,0.6220467484408675,0.7829801036770629,19.0
40,2,2023,19.0,35.0,6.0,30.0,29.285714285714285,28.8,0.6354323008901774,0.7721565844991642,19.0
41,2,2023,19.0,32.0,28.0,32.0,27.0,29.233333333333334,0.6486295610349814,0.7611042586607747,28.0
42,2,2023,28.0,23.0,40.0,36.0,26.428571428571427,29.233333333333334,0.6616346182422783,0.7498264012045686,33.0
43,2,2023,33.0,32.0,42.0,23.0,27.857142857142858,29.0,0.6744436188329455,0.7383263540031065,35.0
44,2,2023,35.0,32.0,38.0,22.0,28.285714285714285,28.766666666666666,0.6870527672236669,0.7266075247685656,37.0
45,2,2023,37.0,32.0,43.0,22.0,29.0,28.733333333333334,0.699458327051647,0.7146733860429609,48.0
46,2,2023,48.0,19.0,34.0,35.0,31.285714285714285,28.9,0.7116566222817746,0.7025274741691571,46.0
47,2,2023,46.0,19.0,26.0,38.0,35.142857142857146,29.3,0.7236440382959124,0.6901733882429719,34.0
48,2,2023,34.0,28.0,30.0,42.0,37.285714285714285,29.566666666666666,0.7354170229639855,0.6776147890466889,34.0
49,2,2023,34.0,33.0,18.0,54.0,38.142857142857146,29.7,0.7469720876965552,0.6648553979642865,27.0
50,2,2023,27.0,35.0,19.0,54.0,37.285714285714285,30.0,0.7583058084785624,0.6518989958787126,26.0
51,2,2023,26.0,37.0,20.0,54.0,36.0,30.233333333333334,0.7694148268839378,0.6387494220515272,43.0
52,2,2023,43.0,48.0,14.0,54.0,36.857142857142854,31.0,0.7802958510707755,0.6254105729852463,41.0
53,2,2023,41.0,46.0,27.0,5.0,35.857142857142854,31.9,0.7909456567567772,0.6118864012687243,28.0
54,2,2023,28.0,34.0,10.0,14.0,33.285714285714285,31.933333333333334,0.8013610881746766,0.5981809144059165,28.0
55,2,2023,28.0,34.0,21.0,14.0,32.42857142857143,32.53333333333333,0.8115390590073611,0.5842981736283684,27.0
56,2,2023,27.0,27.0,27.0,14.0,31.428571428571427,32.733333333333334,0.8214765533024142,0.5702422926917871,31.0
57,2,2023,31.0,26.0,33.0,14.0,32.0,32.86666666666667,0.8311706263658079,0.5560174366570446,17.0
58,2,2023,17.0,43.0,36.0,14.0,30.714285714285715,32.333333333333336,0.8406184056344782,0.5416278206559814,5.0
59,2,2023,5.0,41.0,34.0,14.0,25.285714285714285,31.3,0.8498170915275278,0.5270777086423722,14.0
60,3,2023,14.0,28.0,39.0,14.0,21.428571428571427,30.633333333333333,0.8587639582758029,0.5123714121284237,21.0
61,3,2023,21.0,28.0,38.0,14.0,20.428571428571427,30.033333333333335,0.8674563547295969,0.49751328890718066,8.0
62,3,2023,8.0,27.0,36.0,14.0,17.571428571428573,29.033333333333335,0.8758917051442429,0.48250774176121847,14.0
63,3,2023,14.0,31.0,35.0,14.0,15.714285714285714,28.3,0.8840675099433636,0.4673592171580022,18.0
64,3,2023,18.0,17.0,32.0,14.0,13.857142857142858,27.733333333333334,0.8919813464595485,0.45207220393230435,19.0
65,3,2023,19.0,5.0,23.0,14.0,14.142857142857142,27.3,0.8996308696522433,0.43665123195606403,21.0
66,3,2023,21.0,14.0,32.0,14.0,16.428571428571427,27.233333333333334,0.9070138128026359,0.4211008707960896,22.0
67,3,2023,22.0,21.0,32.0,14.0,17.571428571428573,26.9,0.9141279881853337,0.40542572835999735,21.0
68,3,2023,21.0,8.0,32.0,14.0,17.571428571428573,26.533333333333335,0.9209712877166346,0.38963044953078796,23.0
69,3,2023,23.0,14.0,19.0,48.0,19.714285714285715,26.233333333333334,0.9275416835791966,0.37371971479046906,11.0
70,3,2023,11.0,18.0,19.0,33.0,19.285714285714285,25.966666666666665,0.9338372288229252,0.35769823883312546,5.0
71,3,2023,5.0,19.0,28.0,33.0,17.428571428571427,25.5,0.9398560579418954,0.3415707691678556,10.0
72,3,2023,10.0,21.0,33.0,33.0,16.142857142857142,24.9,0.9455963874271426,0.3253420847119801,20.0
73,3,2023,20.0,22.0,35.0,33.0,16.0,24.466666666666665,0.9510565162951535,0.30901699437494745,6.0
74,3,2023,6.0,21.0,37.0,33.0,13.714285714285714,23.5,0.9562348265919056,0.29260033563334836,5.0
75,3,2023,5.0,23.0,48.0,33.0,11.428571428571429,22.433333333333334,0.9611297838723007,0.27609697309746883,11.0
76,3,2023,11.0,11.0,46.0,33.0,9.714285714285714,21.2,0.9657399376548549,0.2595117970697999,18.0
77,3,2023,18.0,5.0,34.0,33.0,10.714285714285714,20.266666666666666,0.9700639218515071,0.2428497220959356,24.0
78,3,2023,24.0,10.0,34.0,33.0,13.428571428571429,19.933333333333334,0.9741004551724205,0.22611568550828828,15.0
79,3,2023,15.0,20.0,27.0,33.0,14.142857142857142,19.3,0.9778483415056568,0.20931464596304847,22.0
80,3,2023,22.0,6.0,26.0,33.0,14.428571428571429,19.133333333333333,0.9813064702716093,0.19245158197082998,29.0
81,3,2023,29.0,5.0,43.0,33.0,17.714285714285715,19.233333333333334,0.9844738167520922,0.1755314904214282,32.0
82,3,2023,32.0,11.0,41.0,33.0,21.571428571428573,18.866666666666667,0.9873494423939864,0.15855938510313475,21.0
83,3,2023,21.0,18.0,28.0,33.0,23.0,18.2,0.989932495087353,0.141540295217043,11.0
84,3,2023,11.0,24.0,28.0,23.0,22.0,17.633333333333333,0.9922222094179323,0.12447926388678915,6.0
85,3,2023,6.0,15.0,27.0,23.0,19.428571428571427,16.9,0.994217906893952,0.10738134666416309,6.0
86,3,2023,6.0,22.0,31.0,37.0,18.142857142857142,16.2,0.995918996147179,0.09025161003104117,5.0
87,3,2023,5.0,29.0,17.0,35.0,15.714285714285714,15.333333333333334,0.9973249731081555,0.07309512989807777,5.0
88,3,2023,5.0,32.0,5.0,35.0,12.285714285714286,14.933333333333334,0.9984354211555643,0.055916990100603484,8.0
89,3,2023,8.0,21.0,14.0,24.0,8.857142857142858,15.033333333333333,0.9992500112396835,0.03872228089217446,9.0
90,3,2023,9.0,11.0,21.0,20.0,7.142857142857143,14.866666666666667,0.9997685019798909,0.021516097436222254,7.0
91,4,2023,7.0,6.0,8.0,6.0,6.571428571428571,14.4,0.9999907397361901,0.004303538296244289,5.0
92,4,2023,5.0,6.0,14.0,5.0,6.428571428571429,14.3,0.9999166586547379,-0.01291029607500882,5.0
93,4,2023,5.0,5.0,18.0,9.0,6.285714285714286,14.0,0.9995462806873573,-0.030120304846908114,5.0
94,4,2023,5.0,5.0,19.0,21.0,6.285714285714286,13.566666666666666,0.9988797155850336,-0.04732138832243185,5.0
95,4,2023,5.0,8.0,21.0,25.0,6.285714285714286,13.1,0.9979171608653922,-0.06450844944931623,10.0
96,4,2023,10.0,9.0,22.0,23.0,6.571428571428571,12.733333333333333,0.9966589017541702,-0.08167639533042241,14.0
97,4,2023,14.0,7.0,21.0,11.0,7.285714285714286,12.466666666666667,0.9951053111006976,-0.09882013873287143,16.0
98,4,2023,16.0,5.0,23.0,8.0,8.571428571428571,12.3,0.9932568492674143,-0.11593459959550041,5.0
99,4,2023,5.0,5.0,11.0,5.0,8.571428571428571,11.7,0.9911140639934547,-0.1330147065341959,9.0
100,4,2023,9.0,5.0,5.0,6.0,9.142857142857142,11.633333333333333,0.9886775902323405,-0.1500553983446526,9.0
101,4,2023,9.0,5.0,10.0,16.0,9.714285714285714,11.766666666666667,0.9859481499638304,-0.16705162550211924,9.0
102,4,2023,9.0,10.0,20.0,19.0,10.285714285714286,11.733333333333333,0.9829265519799822,-0.18399835165768005,14.0
103,4,2023,14.0,14.0,6.0,24.0,10.857142857142858,11.533333333333333,0.9796136916454901,-0.20089055513063506,8.0
104,4,2023,8.0,16.0,5.0,22.0,10.0,11.6,0.9760105506323683,-0.21772323039653177,5.0
105,4,2023,5.0,5.0,11.0,22.0,8.428571428571429,11.6,0.9721181966290613,-0.23449138957040985,6.0
106,4,2023,6.0,9.0,18.0,18.0,8.571428571428571,11.433333333333334,0.9679377830240642,-0.25119006388481935,8.0
107,4,2023,8.0,9.0,24.0,9.0,8.428571428571429,11.1,0.9634705485641488,-0.2678143051621742,5.0
108,4,2023,5.0,9.0,15.0,11.0,7.857142857142857,10.466666666666667,0.9587178169872964,-0.2843591872810034,7.0
109,4,2023,7.0,14.0,22.0,15.0,7.571428571428571,10.2,0.9536809966304457,-0.30081980763566735,7.0
110,4,2023,7.0,8.0,29.0,20.0,6.571428571428571,9.7,0.9483615800121715,-0.3171912885891061,7.0
111,4,2023,7.0,5.0,32.0,19.0,6.428571428571429,8.966666666666667,0.9427611433904207,-0.3334687789181868,5.0
112,4,2023,5.0,6.0,21.0,13.0,6.428571428571429,8.066666666666666,0.9368813462954315,-0.3496474552512284,9.0
113,4,2023,9.0,8.0,11.0,11.0,6.857142857142857,7.666666666666667,0.9307239310379795,-0.36572252349726897,9.0
114,4,2023,9.0,5.0,6.0,6.0,7.0,7.6,0.9242907221930933,-0.3816892202666588,5.0
115,4,2023,5.0,7.0,6.0,9.0,7.0,7.566666666666666,0.9175836260593937,-0.39754281428255595,5.0
116,4,2023,5.0,7.0,5.0,10.0,6.714285714285714,7.533333333333333,0.9106046300942162,-0.4132786077829042,5.0
117,4,2023,5.0,7.0,5.0,11.0,6.428571428571429,7.533333333333333,0.9033558023246845,-0.4288919379124835,8.0
118,4,2023,8.0,5.0,8.0,9.0,6.571428571428571,7.633333333333334,0.895839290734909,-0.4443781781046132,11.0
119,4,2023,11.0,9.0,9.0,13.0,7.428571428571429,7.733333333333333,0.8880573226294932,-0.45973273945210397,9.0
120,4,2023,9.0,9.0,7.0,16.0,7.428571428571429,7.733333333333333,0.8800122039735357,-0.47495107206704995,13.0
121,5,2023,13.0,5.0,5.0,16.0,8.0,7.933333333333334,0.8717063187093218,-0.4900286664290592,6.0
122,5,2023,6.0,5.0,5.0,16.0,8.142857142857142,7.966666666666667,0.8631421280499114,-0.5049610547215204,6.0
123,5,2023,6.0,5.0,5.0,9.0,8.285714285714286,8.0,0.854322169749827,-0.5197438121555155,8.0
124,5,2023,8.0,8.0,5.0,10.0,8.714285714285714,8.1,0.8452490573530633,-0.5343725582809786,9.0
125,5,2023,9.0,11.0,10.0,7.0,8.857142857142858,8.233333333333333,0.8359254794186372,-0.548842958284719,13.0
126,5,2023,13.0,9.0,14.0,5.0,9.142857142857142,8.333333333333334,0.8263541987239096,-0.5631507242749186,15.0
127,5,2023,15.0,13.0,16.0,5.0,10.0,8.366666666666667,0.8165380514459161,-0.5772916165517272,8.0
128,5,2023,8.0,6.0,5.0,6.0,9.285714285714286,8.1,0.8064799463209448,-0.5912614448635781,10.0
129,5,2023,10.0,6.0,9.0,9.0,9.857142857142858,8.266666666666667,0.7961828637826158,-0.6050560696488488,13.0
130,5,2023,13.0,8.0,9.0,12.0,10.857142857142858,8.4,0.7856498550787147,-0.6186714032625031,7.0
131,5,2023,7.0,9.0,9.0,14.0,10.714285714285714,8.333333333333334,0.7748840413670407,-0.6321034111873487,8.0
132,5,2023,8.0,13.0,14.0,14.0,10.571428571428571,8.3,0.7638886127905428,-0.6453481132295501,6.0
133,5,2023,6.0,15.0,8.0,13.0,9.571428571428571,8.033333333333333,0.7526668275320085,-0.6584015846980488,5.0
134,5,2023,5.0,8.0,5.0,12.0,8.142857142857142,7.933333333333334,0.7412220108485958,-0.6712599575675313,5.0
135,5,2023,5.0,10.0,6.0,13.0,7.714285714285714,7.933333333333334,0.7295575540864875,-0.6839194216246106,8.0
136,5,2023,8.0,13.0,8.0,12.0,7.428571428571429,8.0,0.717676913675962,-0.6963762255968722,8.0
137,5,2023,8.0,7.0,5.0,13.0,6.714285714285714,8.0,0.705583610107178,-0.7086266782644596,6.0
138,5,2023,6.0,8.0,7.0,14.0,6.571428571428571,8.033333333333333,0.6932812268869777,-0.7206671495538609,7.0
139,5,2023,7.0,6.0,7.0,10.0,6.428571428571429,8.033333333333333,0.6807734094770161,-0.7324940716135789,7.0
140,5,2023,7.0,5.0,7.0,14.0,6.571428571428571,8.033333333333333,0.6680638642135335,-0.7441039398713607,5.0
141,5,2023,5.0,5.0,5.0,14.0,6.571428571428571,7.966666666666667,0.6551563572090853,-0.7554933140726803,8.0
142,5,2023,8.0,8.0,9.0,15.0,7.0,8.066666666666666,0.6420547132365637,-0.766658819300159,14.0
143,5,2023,14.0,8.0,9.0,12.0,7.857142857142857,8.233333333333333,0.6287628145958344,-0.7775971469736269,13.0
144,5,2023,13.0,6.0,5.0,12.0,8.571428571428571,8.366666666666667,0.6152845999633276,-0.7883050558305255,12.0
145,5,2023,12.0,7.0,5.0,11.0,9.428571428571429,8.6,0.6016240632249226,-0.7987793728863649,8.0
146,5,2023,8.0,7.0,5.0,13.0,9.571428571428571,8.7,0.5877852522924732,-0.8090169943749473,11.0
147,5,2023,11.0,5.0,8.0,14.0,10.142857142857142,8.9,0.5737722679043246,-0.8190148866680801,15.0
148,5,2023,15.0,8.0,11.0,14.0,11.571428571428571,9.133333333333333,0.5595892624101765,-0.8287700871745038,12.0
149,5,2023,12.0,14.0,9.0,8.0,12.142857142857142,9.166666666666666,0.545240438540651,-0.8382797052177744,10.0
150,5,2023,10.0,13.0,13.0,8.0,11.571428571428571,9.2,0.5307300481619334,-0.8475409228928311,12.0
151,5,2023,12.0,12.0,6.0,12.0,11.428571428571429,9.166666666666666,0.5160623910158528,-0.8565509959010036,9.0
152,6,2023,9.0,8.0,6.0,13.0,11.0,9.266666666666667,0.5012418134457758,-0.865307254363206,15.0
153,6,2023,15.0,11.0,8.0,12.0,12.0,9.566666666666666,0.48627270710868997,-0.8738071036110808,14.0
154,6,2023,14.0,15.0,9.0,16.0,12.428571428571429,9.766666666666667,0.4711595076738638,-0.8820480249558537,14.0
155,6,2023,14.0,12.0,13.0,13.0,12.285714285714286,9.933333333333334,0.4559066935084588,-0.8900275764346767,14.0
156,6,2023,14.0,10.0,15.0,13.0,12.571428571428571,9.966666666666667,0.440518784350495,-0.8977433935342337,14.0
157,6,2023,14.0,12.0,8.0,10.0,13.142857142857142,9.933333333333334,0.42500033996955416,-0.9051931898913974,12.0
158,6,2023,12.0,9.0,10.0,9.0,13.142857142857142,10.066666666666666,0.4093559588156213,-0.9123747579707273,8.0
159,6,2023,8.0,15.0,13.0,8.0,13.0,10.0,0.39359027665646673,-0.9192859697186104,13.0
160,6,2023,13.0,14.0,7.0,5.0,12.714285714285714,10.0,0.3777079652039649,-0.9259247771938498,16.0
161,6,2023,16.0,14.0,8.0,5.0,13.0,10.3,0.36171373072976765,-0.9322892131745133,14.0
162,6,2023,14.0,14.0,6.0,7.0,13.0,10.5,0.3456123126707335,-0.9383773917408641,13.0
163,6,2023,13.0,14.0,5.0,10.0,12.857142857142858,10.733333333333333,0.3294084822245304,-0.9441875088341993,10.0
164,6,2023,10.0,12.0,5.0,11.0,12.285714285714286,10.9,0.3131070409358269,-0.9497178427914316,7.0
165,6,2023,7.0,8.0,8.0,14.0,11.571428571428571,10.966666666666667,0.29671281927349075,-0.9549667548552551,9.0
166,6,2023,9.0,13.0,8.0,16.0,11.714285714285714,11.0,0.28023067519921585,-0.9599326896597447,11.0
167,6,2023,11.0,16.0,6.0,20.0,11.428571428571429,11.1,0.26366549272800704,-0.9646141756912435,14.0
168,6,2023,14.0,14.0,7.0,19.0,11.142857142857142,11.366666666666667,0.24702218048093552,-0.9690098257244062,16.0
169,6,2023,16.0,13.0,7.0,16.0,11.428571428571429,11.666666666666666,0.23030567023061221,-0.9731183372332619,16.0
170,6,2023,16.0,10.0,5.0,16.0,11.857142857142858,11.966666666666667,0.21352091543979612,-0.9769384927771817,14.0
171,6,2023,14.0,7.0,8.0,15.0,12.428571428571429,12.266666666666667,0.19667288979357647,-0.980469160361632,12.0
172,6,2023,12.0,9.0,14.0,15.0,13.142857142857142,12.4,0.1797665857255624,-0.9837092937736097,14.0
173,6,2023,14.0,11.0,13.0,13.0,13.857142857142858,12.4,0.16280701293851715,-0.986657932891657,14.0
174,6,2023,14.0,14.0,12.0,16.0,14.285714285714286,12.433333333333334,0.1457991969198751,-0.9893142039703663,9.0
175,6,2023,9.0,16.0,8.0,9.0,13.571428571428571,12.333333333333334,0.12874817745258132,-0.99167731989929,10.0
176,6,2023,10.0,16.0,11.0,9.0,12.714285714285714,12.4,0.11165900712169512,-0.993746580436178,12.0
177,6,2023,12.0,14.0,15.0,9.0,12.142857142857142,12.433333333333334,0.09453674981719912,-0.9955213724144752,15.0
178,6,2023,15.0,12.0,12.0,15.0,12.285714285714286,12.433333333333334,0.07738647923346301,-0.9970011699250151,18.0
179,6,2023,18.0,14.0,10.0,14.0,13.142857142857142,12.633333333333333,0.06021327736579302,-0.9981855344718586,16.0
180,6,2023,16.0,14.0,12.0,9.0,13.428571428571429,12.833333333333334,0.04302223300453059,-0.99907411510223,13.0
181,6,2023,13.0,9.0,9.0,11.0,13.285714285714286,12.866666666666667,0.02581844022713308,-0.9996666485105112,14.0
182,7,2023,14.0,10.0,15.0,10.0,14.0,13.033333333333333,0.008606996888688698,-0.9999629591162655,7.0
183,7,2023,7.0,12.0,14.0,14.0,13.571428571428571,12.766666666666667,-0.008606996888688009,-0.9999629591162655,9.0
184,7,2023,9.0,15.0,14.0,15.0,13.142857142857142,12.6,-0.02581844022713239,-0.9996666485105112,9.0
185,7,2023,9.0,18.0,14.0,11.0,12.285714285714286,12.433333333333334,-0.04302223300453034,-0.99907411510223,10.0
186,7,2023,10.0,16.0,14.0,10.0,11.142857142857142,12.3,-0.060213277365792774,-0.9981855344718586,11.0
187,7,2023,11.0,13.0,12.0,9.0,10.428571428571429,12.2,-0.07738647923346322,-0.9970011699250151,9.0
188,7,2023,9.0,14.0,8.0,7.0,9.857142857142858,12.1,-0.09453674981719933,-0.9955213724144752,9.0
189,7,2023,9.0,7.0,13.0,7.0,9.142857142857142,12.133333333333333,-0.11165900712169444,-0.9937465804361781,10.0
190,7,2023,10.0,9.0,16.0,7.0,9.571428571428571,12.033333333333333,-0.12874817745258066,-0.99167731989929,14.0
191,7,2023,14.0,9.0,14.0,7.0,10.285714285714286,11.966666666666667,-0.14579919691987442,-0.9893142039703664,16.0
192,7,2023,16.0,10.0,13.0,7.0,11.285714285714286,12.033333333333333,-0.16280701293851646,-0.9866579328916572,11.0
193,7,2023,11.0,11.0,10.0,7.0,11.428571428571429,11.966666666666667,-0.17976658572556214,-0.9837092937736098,6.0
194,7,2023,6.0,9.0,7.0,7.0,10.714285714285714,11.833333333333334,-0.19667288979357622,-0.9804691603616321,8.0
195,7,2023,8.0,9.0,9.0,17.0,10.571428571428571,11.866666666666667,-0.2135209154397959,-0.9769384927771817,10.0
196,7,2023,10.0,10.0,11.0,14.0,10.714285714285714,11.9,-0.23030567023061196,-0.973118337233262,12.0
197,7,2023,12.0,14.0,14.0,12.0,11.0,11.933333333333334,-0.24702218048093527,-0.9690098257244063,13.0
198,7,2023,13.0,16.0,16.0,15.0,10.857142857142858,11.9,-0.2636654927280072,-0.9646141756912435,14.0
199,7,2023,14.0,11.0,16.0,17.0,10.571428571428571,11.833333333333334,-0.2802306751992161,-0.9599326896597445,16.0
200,7,2023,16.0,6.0,14.0,17.0,11.285714285714286,11.833333333333334,-0.2967128192734901,-0.9549667548552553,18.0
201,7,2023,18.0,8.0,12.0,17.0,13.0,11.966666666666667,-0.3131070409358267,-0.9497178427914317,14.0
202,7,2023,14.0,10.0,14.0,18.0,13.857142857142858,12.033333333333333,-0.3294084822245302,-0.9441875088341994,12.0
203,7,2023,12.0,12.0,14.0,18.0,14.142857142857142,11.966666666666667,-0.3456123126707333,-0.9383773917408642,10.0
204,7,2023,10.0,13.0,9.0,18.0,13.857142857142858,11.833333333333334,-0.3617137307297674,-0.9322892131745134,13.0
205,7,2023,13.0,14.0,10.0,18.0,13.857142857142858,11.966666666666667,-0.37770796520396466,-0.9259247771938499,10.0
206,7,2023,10.0,16.0,12.0,19.0,13.285714285714286,11.966666666666667,-0.39359027665646645,-0.9192859697186105,8.0
207,7,2023,8.0,18.0,15.0,19.0,12.142857142857142,11.833333333333334,-0.4093559588156211,-0.9123747579707274,5.0
208,7,2023,5.0,14.0,18.0,19.0,10.285714285714286,11.5,-0.42500033996955394,-0.9051931898913975,6.0
209,7,2023,6.0,12.0,16.0,19.0,9.142857142857142,11.1,-0.4405187843504952,-0.8977433935342336,8.0
210,7,2023,8.0,10.0,13.0,19.0,8.571428571428571,10.833333333333334,-0.455906693508459,-0.8900275764346766,9.0
211,7,2023,9.0,13.0,14.0,19.0,8.428571428571429,10.7,-0.47115950767386394,-0.8820480249558535,8.0
212,7,2023,8.0,10.0,7.0,19.0,7.714285714285714,10.5,-0.4862727071086902,-0.8738071036110807,10.0
213,8,2023,10.0,8.0,9.0,19.0,7.714285714285714,10.6,-0.5012418134457756,-0.8653072543632061,12.0
214,8,2023,12.0,5.0,9.0,19.0,8.285714285714286,10.7,-0.5160623910158526,-0.8565509959010037,12.0
215,8,2023,12.0,6.0,10.0,19.0,9.285714285714286,10.8,-0.5307300481619331,-0.8475409228928312,11.0
216,8,2023,11.0,8.0,11.0,19.0,10.0,10.833333333333334,-0.5452404385406507,-0.8382797052177745,7.0
217,8,2023,7.0,9.0,9.0,19.0,9.857142857142858,10.7,-0.5595892624101763,-0.828770087174504,5.0
218,8,2023,5.0,8.0,9.0,19.0,9.285714285714286,10.566666666666666,-0.5737722679043243,-0.8190148866680802,5.0
219,8,2023,5.0,10.0,10.0,19.0,8.857142857142858,10.433333333333334,-0.5877852522924734,-0.8090169943749472,5.0
220,8,2023,5.0,12.0,14.0,19.0,8.142857142857142,10.266666666666667,-0.6016240632249227,-0.7987793728863648,6.0
221,8,2023,6.0,12.0,16.0,19.0,7.285714285714286,10.0,-0.6152845999633277,-0.7883050558305253,8.0
222,8,2023,8.0,11.0,11.0,19.0,6.714285714285714,9.733333333333333,-0.6287628145958345,-0.7775971469736268,10.0
223,8,2023,10.0,7.0,6.0,19.0,6.571428571428571,9.7,-0.6420547132365636,-0.7666588193001592,14.0
224,8,2023,14.0,5.0,8.0,19.0,7.571428571428571,9.966666666666667,-0.655156357209085,-0.7554933140726804,14.0
225,8,2023,14.0,5.0,10.0,19.0,8.857142857142858,10.166666666666666,-0.6680638642135333,-0.7441039398713608,13.0
226,8,2023,13.0,5.0,12.0,19.0,10.0,10.266666666666667,-0.6807734094770159,-0.7324940716135792,11.0
227,8,2023,11.0,6.0,13.0,19.0,10.857142857142858,10.233333333333333,-0.6932812268869771,-0.7206671495538615,13.0
228,8,2023,13.0,8.0,14.0,19.0,11.857142857142858,10.233333333333333,-0.7055836101071774,-0.70862667826446,13.0
229,8,2023,13.0,10.0,16.0,19.0,12.571428571428571,10.2,-0.7176769136759615,-0.6963762255968726,12.0
230,8,2023,12.0,14.0,18.0,19.0,12.857142857142858,10.066666666666666,-0.7295575540864876,-0.6839194216246105,13.0
231,8,2023,13.0,14.0,14.0,19.0,12.714285714285714,9.9,-0.7412220108485957,-0.6712599575675315,16.0
232,8,2023,16.0,13.0,12.0,19.0,13.0,9.966666666666667,-0.7526668275320083,-0.6584015846980489,23.0
233,8,2023,23.0,11.0,10.0,19.0,14.428571428571429,10.333333333333334,-0.7638886127905429,-0.64534811322955,17.0
234,8,2023,17.0,13.0,13.0,19.0,15.285714285714286,10.566666666666666,-0.7748840413670406,-0.6321034111873488,15.0
235,8,2023,15.0,13.0,10.0,9.0,15.571428571428571,10.633333333333333,-0.7856498550787144,-0.6186714032625032,17.0
236,8,2023,17.0,12.0,8.0,10.0,16.142857142857142,10.866666666666667,-0.7961828637826154,-0.6050560696488494,18.0
237,8,2023,18.0,13.0,5.0,12.0,17.0,11.2,-0.8064799463209447,-0.5912614448635782,16.0
238,8,2023,16.0,16.0,6.0,12.0,17.428571428571427,11.566666666666666,-0.8165380514459157,-0.5772916165517278,10.0
239,8,2023,10.0,23.0,8.0,11.0,16.571428571428573,11.7,-0.8263541987239094,-0.5631507242749187,5.0
240,8,2023,5.0,17.0,9.0,10.0,14.0,11.6,-0.8359254794186365,-0.5488429582847199,5.0
241,8,2023,5.0,15.0,8.0,11.0,12.285714285714286,11.466666666666667,-0.8452490573530634,-0.5343725582809785,5.0
242,8,2023,5.0,17.0,10.0,11.0,10.857142857142858,11.366666666666667,-0.8543221697498269,-0.5197438121555157,5.0
243,8,2023,5.0,18.0,12.0,11.0,9.142857142857142,11.2,-0.8631421280499115,-0.5049610547215202,7.0
244,9,2023,7.0,16.0,12.0,9.0,7.571428571428571,11.033333333333333,-0.8717063187093217,-0.4900286664290594,7.0
245,9,2023,7.0,10.0,11.0,7.0,6.285714285714286,10.866666666666667,-0.8800122039735356,-0.4749510720670502,9.0
246,9,2023,9.0,5.0,7.0,10.0,6.142857142857143,10.8,-0.888057322629493,-0.4597327394521046,10.0
247,9,2023,10.0,5.0,5.0,10.0,6.857142857142857,10.9,-0.8958392907349089,-0.4443781781046134,13.0
248,9,2023,13.0,5.0,5.0,13.0,8.0,11.166666666666666,-0.9033558023246842,-0.4288919379124841,10.0
249,9,2023,10.0,5.0,5.0,12.0,8.714285714285714,11.333333333333334,-0.9106046300942162,-0.41327860778290443,11.0
250,9,2023,11.0,7.0,6.0,10.0,9.571428571428571,11.533333333333333,-0.9175836260593934,-0.3975428142825566,12.0
251,9,2023,12.0,7.0,8.0,8.0,10.285714285714286,11.733333333333333,-0.9242907221930934,-0.3816892202666586,15.0
252,9,2023,15.0,9.0,10.0,8.0,11.428571428571429,11.966666666666667,-0.9307239310379793,-0.3657225234972692,16.0
253,9,2023,16.0,10.0,14.0,8.0,12.428571428571429,12.166666666666666,-0.9368813462954315,-0.34964745525122826,16.0
254,9,2023,16.0,13.0,14.0,8.0,13.285714285714286,12.233333333333333,-0.9427611433904206,-0.33346877891818705,17.0
255,9,2023,17.0,10.0,13.0,8.0,13.857142857142858,12.333333333333334,-0.9483615800121716,-0.31719128858910595,17.0
256,9,2023,17.0,11.0,11.0,11.0,14.857142857142858,12.466666666666667,-0.9536809966304455,-0.300819807635668,9.0
257,9,2023,9.0,12.0,13.0,12.0,14.571428571428571,12.4,-0.9587178169872964,-0.2843591872810036,8.0
258,9,2023,8.0,15.0,13.0,10.0,14.0,12.233333333333333,-0.9634705485641486,-0.26781430516217486,6.0
259,9,2023,6.0,16.0,12.0,8.0,12.714285714285714,12.0,-0.9679377830240642,-0.25119006388481957,12.0
260,9,2023,12.0,16.0,13.0,5.0,12.142857142857142,12.0,-0.9721181966290612,-0.23449138957041052,9.0
261,9,2023,9.0,17.0,16.0,5.0,11.142857142857142,11.866666666666667,-0.9760105506323682,-0.21772323039653224,13.0
262,9,2023,13.0,17.0,23.0,6.0,10.571428571428571,11.766666666666667,-0.9796136916454901,-0.20089055513063528,10.0
263,9,2023,10.0,9.0,17.0,9.0,9.571428571428571,11.333333333333334,-0.9829265519799822,-0.18399835165767986,7.0
264,9,2023,7.0,8.0,15.0,8.0,9.285714285714286,11.0,-0.9859481499638303,-0.1670516255021195,6.0
265,9,2023,6.0,6.0,17.0,8.0,9.0,10.7,-0.9886775902323404,-0.15005539834465262,7.0
266,9,2023,7.0,12.0,18.0,10.0,9.142857142857142,10.366666666666667,-0.9911140639934546,-0.13301470653419636,5.0
267,9,2023,5.0,9.0,16.0,17.0,8.142857142857142,9.933333333333334,-0.9932568492674143,-0.11593459959550066,5.0
268,9,2023,5.0,13.0,10.0,11.0,7.571428571428571,9.566666666666666,-0.9951053111006974,-0.09882013873287211,7.0
269,9,2023,7.0,10.0,5.0,10.0,6.714285714285714,9.466666666666667,-0.99665890175417,-0.08167639533042288,10.0
270,9,2023,10.0,7.0,5.0,7.0,6.714285714285714,9.633333333333333,-0.9979171608653922,-0.06450844944931625,13.0
271,9,2023,13.0,6.0,5.0,9.0,7.571428571428571,9.9,-0.9988797155850335,-0.04732138832243232,14.0
272,9,2023,14.0,7.0,5.0,14.0,8.714285714285714,10.2,-0.9995462806873573,-0.03012030484690836,16.0
273,9,2023,16.0,5.0,7.0,6.0,10.0,10.566666666666666,-0.9999166586547379,-0.012910296075008843,20.0
274,10,2023,20.0,5.0,7.0,6.0,12.142857142857142,11.0,-0.9999907397361901,0.004303538296243821,21.0
275,10,2023,21.0,7.0,9.0,9.0,14.428571428571429,11.466666666666667,-0.9997685019798909,0.021516097436222233,27.0
276,10,2023,27.0,10.0,10.0,9.0,17.285714285714285,12.066666666666666,-0.9992500112396835,0.03872228089217399,21.0
277,10,2023,21.0,13.0,13.0,18.0,18.857142857142858,12.433333333333334,-0.9984354211555643,0.05591699010060302,20.0
278,10,2023,20.0,14.0,10.0,29.0,19.857142857142858,12.666666666666666,-0.9973249731081555,0.07309512989807776,26.0
279,10,2023,26.0,16.0,11.0,27.0,21.571428571428573,13.2,-0.9959189961471792,0.0902516100310407,23.0
280,10,2023,23.0,20.0,12.0,31.0,22.571428571428573,13.6,-0.994217906893952,0.10738134666416306,28.0
281,10,2023,28.0,21.0,15.0,29.0,23.714285714285715,14.133333333333333,-0.9922222094179324,0.12447926388678869,16.0
282,10,2023,16.0,27.0,16.0,11.0,23.0,14.166666666666666,-0.989932495087353,0.141540295217043,15.0
283,10,2023,15.0,21.0,16.0,11.0,21.285714285714285,14.133333333333333,-0.9873494423939864,0.15855938510313475,13.0
284,10,2023,13.0,20.0,17.0,15.0,20.142857142857142,14.033333333333333,-0.9844738167520923,0.17553149042142777,14.0
285,10,2023,14.0,26.0,17.0,21.0,19.285714285714285,13.933333333333334,-0.9813064702716093,0.19245158197082995,20.0
286,10,2023,20.0,23.0,9.0,30.0,18.428571428571427,14.033333333333333,-0.9778483415056567,0.20931464596304888,16.0
287,10,2023,16.0,28.0,8.0,34.0,17.428571428571427,14.266666666666667,-0.9741004551724206,0.22611568550828803,16.0
288,10,2023,16.0,16.0,6.0,43.0,15.714285714285714,14.533333333333333,-0.970063921851507,0.2428497220959358,14.0
289,10,2023,14.0,15.0,12.0,37.0,15.428571428571429,14.8,-0.965739937654855,0.25951179706979943,5.0
290,10,2023,5.0,13.0,9.0,39.0,14.0,14.566666666666666,-0.9611297838723007,0.27609697309746883,9.0
291,10,2023,9.0,14.0,13.0,34.0,13.428571428571429,14.566666666666666,-0.9562348265919058,0.2926003356333479,17.0
292,10,2023,17.0,20.0,10.0,35.0,13.857142857142858,14.7,-0.9510565162951536,0.30901699437494723,24.0
293,10,2023,24.0,16.0,7.0,38.0,14.428571428571429,15.166666666666666,-0.9455963874271428,0.3253420847119795,10.0
294,10,2023,10.0,16.0,6.0,52.0,13.571428571428571,15.266666666666667,-0.9398560579418953,0.341570769167856,11.0
295,10,2023,11.0,14.0,7.0,19.0,12.857142857142858,15.433333333333334,-0.9338372288229252,0.35769823883312546,11.0
296,10,2023,11.0,5.0,5.0,17.0,12.428571428571429,15.566666666666666,-0.9275416835791965,0.3737197147904692,11.0
297,10,2023,11.0,9.0,5.0,28.0,13.285714285714286,15.766666666666667,-0.9209712877166347,0.38963044953078774,11.0
298,10,2023,11.0,17.0,7.0,25.0,13.571428571428571,15.966666666666667,-0.9141279881853337,0.4054257283599973,11.0
299,10,2023,11.0,24.0,10.0,32.0,12.714285714285714,16.1,-0.9070138128026362,0.42110087079608916,18.0
300,10,2023,18.0,10.0,13.0,30.0,11.857142857142858,16.366666666666667,-0.8996308696522434,0.4366512319560638,6.0
301,10,2023,6.0,11.0,14.0,28.0,11.285714285714286,16.133333333333333,-0.8919813464595487,0.45207220393230374,7.0
302,10,2023,7.0,11.0,16.0,25.0,10.714285714285714,15.9,-0.8840675099433637,0.46735921715800205,15.0
303,10,2023,15.0,11.0,20.0,24.0,11.285714285714286,15.866666666666667,-0.8758917051442433,0.48250774176121763,14.0
304,10,2023,14.0,11.0,21.0,23.0,11.714285714285714,15.666666666666666,-0.8674563547295971,0.4975132889071803,10.0
305,11,2023,10.0,11.0,27.0,20.0,11.571428571428571,15.3,-0.858763958275803,0.5123714121284235,13.0
306,11,2023,13.0,18.0,21.0,21.0,11.857142857142858,14.833333333333334,-0.8498170915275277,0.5270777086423724,13.0
307,11,2023,13.0,6.0,20.0,24.0,11.142857142857142,14.566666666666666,-0.8406184056344783,0.5416278206559811,7.0
308,11,2023,7.0,7.0,26.0,5.0,11.285714285714286,14.133333333333333,-0.8311706263658079,0.5560174366570446,9.0
309,11,2023,9.0,15.0,23.0,6.0,11.571428571428571,13.566666666666666,-0.8214765533024145,0.5702422926917867,11.0
310,11,2023,11.0,14.0,28.0,17.0,11.0,13.166666666666666,-0.8115390590073611,0.5842981736283683,12.0
311,11,2023,12.0,10.0,16.0,24.0,10.714285714285714,12.633333333333333,-0.801361088174677,0.5981809144059158,17.0
312,11,2023,17.0,13.0,15.0,16.0,11.714285714285714,12.666666666666666,-0.7909456567567774,0.6118864012687242,23.0
313,11,2023,23.0,13.0,13.0,36.0,13.142857142857142,12.933333333333334,-0.780295851070776,0.6254105729852457,15.0
314,11,2023,15.0,7.0,14.0,24.0,13.428571428571429,13.0,-0.7694148268839381,0.6387494220515268,19.0
315,11,2023,19.0,9.0,20.0,30.0,15.142857142857142,13.166666666666666,-0.7583058084785625,0.6518989958787125,15.0
316,11,2023,15.0,11.0,16.0,33.0,16.0,13.0,-0.7469720876965551,0.6648553979642866,9.0
317,11,2023,9.0,12.0,16.0,21.0,15.714285714285714,12.766666666666667,-0.7354170229639858,0.6776147890466887,24.0
318,11,2023,24.0,17.0,14.0,24.0,17.428571428571427,13.033333333333333,-0.7236440382959124,0.690173388242972,30.0
319,11,2023,30.0,23.0,5.0,30.0,19.285714285714285,13.566666666666666,-0.711656622281775,0.7025274741691566,5.0
320,11,2023,5.0,15.0,9.0,28.0,16.714285714285715,13.566666666666666,-0.6994583270516471,0.7146733860429608,19.0
321,11,2023,19.0,19.0,17.0,31.0,17.285714285714285,13.9,-0.6870527672236675,0.7266075247685652,9.0
322,11,2023,9.0,15.0,24.0,21.0,15.857142857142858,13.633333333333333,-0.6744436188329457,0.7383263540031063,18.0
323,11,2023,18.0,9.0,10.0,20.0,16.285714285714285,13.433333333333334,-0.661634618242279,0.749826401204568,22.0
324,11,2023,22.0,24.0,11.0,25.0,18.142857142857142,13.833333333333334,-0.6486295610349818,0.7611042586607742,34.0
325,11,2023,34.0,30.0,11.0,26.0,19.571428571428573,14.6,-0.6354323008901775,0.7721565844991641,38.0
326,11,2023,38.0,5.0,11.0,5.0,20.714285714285715,15.5,-0.622046748440868,0.7829801036770624,21.0
327,11,2023,21.0,19.0,11.0,23.0,23.0,15.833333333333334,-0.6084768701151264,0.7935716089521472,19.0
328,11,2023,19.0,9.0,11.0,26.0,23.0,16.1,-0.594726686960764,0.8039279618328208,23.0
329,11,2023,23.0,18.0,18.0,37.0,25.0,16.5,-0.5808002734538013,0.8140460935082175,5.0
330,11,2023,5.0,22.0,6.0,41.0,23.142857142857142,16.066666666666666,-0.5667017562911184,0.8239230057575536,18.0
331,11,2023,18.0,34.0,7.0,32.0,22.571428571428573,16.466666666666665,-0.5524353131676203,0.8335557718385695,26.0
332,11,2023,26.0,38.0,15.0,51.0,21.428571428571427,17.1,-0.5380051715382992,0.8429415373547832,17.0
333,11,2023,17.0,21.0,14.0,41.0,18.428571428571427,17.166666666666668,-0.5234156073655503,0.8520775211013093,17.0
334,11,2023,17.0,19.0,10.0,26.0,17.857142857142858,17.266666666666666,-0.5086709438521042,0.8609610158889945,19.0
335,12,2023,19.0,23.0,13.0,25.0,17.857142857142858,17.566666666666666,-0.49377555015997737,0.8695893893466109,27.0
336,12,2023,27.0,5.0,13.0,30.0,18.428571428571427,18.033333333333335,-0.4787338401157883,0.8779600847008883,8.0
337,12,2023,8.0,18.0,7.0,13.0,18.857142857142858,17.866666666666667,-0.4635502709028512,0.8860706215341378,12.0
338,12,2023,12.0,26.0,9.0,11.0,18.0,18.033333333333335,-0.4482293417404106,0.893918596519257,22.0
339,12,2023,22.0,17.0,11.0,7.0,17.428571428571427,18.466666666666665,-0.4327755925504317,0.9015016841318838,25.0
340,12,2023,25.0,17.0,12.0,23.0,18.571428571428573,18.933333333333334,-0.41719360261231697,0.9088176373395028,29.0
341,12,2023,29.0,19.0,17.0,37.0,20.285714285714285,19.5,-0.4014879892059737,0.9158642882672868,31.0
342,12,2023,31.0,27.0,23.0,34.0,22.0,19.966666666666665,-0.38566340624360745,0.9226395488404875,27.0
343,12,2023,27.0,8.0,15.0,25.0,22.0,20.1,-0.3697245428906732,0.9291414114031743,31.0
344,12,2023,31.0,12.0,19.0,15.0,25.285714285714285,20.633333333333333,-0.3536761221763721,0.935367949313148,27.0
345,12,2023,27.0,22.0,15.0,17.0,27.428571428571427,20.9,-0.33752289959411347,0.941317317512847,31.0
346,12,2023,31.0,25.0,9.0,26.0,28.714285714285715,21.433333333333334,-0.32126966169236515,0.9469877530760751,34.0
347,12,2023,34.0,29.0,24.0,21.0,30.0,22.266666666666666,-0.3049212246562894,0.9523775757303973,35.0
348,12,2023,35.0,31.0,30.0,30.0,30.857142857142858,22.633333333333333,-0.2884824328806098,0.9574851883550389,28.0
349,12,2023,28.0,27.0,5.0,33.0,30.428571428571427,22.566666666666666,-0.27195815753410524,0.9623090774541487,26.0
350,12,2023,26.0,31.0,19.0,31.0,30.285714285714285,23.266666666666666,-0.2553532951161881,0.9668478136052773,34.0
351,12,2023,34.0,27.0,9.0,43.0,30.714285714285715,23.766666666666666,-0.23867276600594997,0.9711000518829505,47.0
352,12,2023,47.0,31.0,18.0,50.0,33.57142857142857,25.033333333333335,-0.22192151300416674,0.9750645322571945,52.0
353,12,2023,52.0,34.0,22.0,39.0,36.57142857142857,26.166666666666668,-0.20510449986861926,0.9787400799669153,50.0
354,12,2023,50.0,35.0,34.0,37.0,38.857142857142854,27.1,-0.1882267098432439,0.9821256058680006,46.0
355,12,2023,46.0,28.0,38.0,70.0,40.42857142857143,27.5,-0.1712931441814778,0.9852201067560606,34.0
356,12,2023,34.0,26.0,21.0,67.0,41.285714285714285,27.366666666666667,-0.154308820664281,0.9880226656636976,5.0
357,12,2023,5.0,34.0,19.0,22.0,38.285714285714285,26.833333333333332,-0.13727877211326517,0.9905324521322227,15.0
358,12,2023,15.0,47.0,23.0,34.0,35.57142857142857,26.7,-0.12020804489935275,0.9927487224577402,12.0
359,12,2023,12.0,52.0,5.0,37.0,30.571428571428573,26.333333333333332,-0.10310169744743544,0.9946708199115211,17.0
360,12,2023,17.0,50.0,18.0,25.0,25.571428571428573,26.733333333333334,-0.0859647987374467,0.9962981749346077,28.0
361,12,2023,28.0,46.0,26.0,28.0,22.428571428571427,27.066666666666666,-0.06880242680232064,0.9976303053065857,33.0
362,12,2023,33.0,34.0,17.0,34.0,20.571428571428573,27.3,-0.05161966722325418,0.9986668162884759,36.0
363,12,2023,36.0,5.0,17.0,31.0,20.857142857142858,27.933333333333334,-0.034421611622745804,0.9994074007397048,36.0
364,12,2023,36.0,15.0,19.0,27.0,25.285714285714285,28.566666666666666,-0.01721335615583528,0.9998518392091162,26.0
365,12,2023,26.0,12.0,27.0,47.0,26.857142857142858,28.8,6.432490598706546e-16,1.0,31.0
1,1,2024,31.0,17.0,8.0,64.0,29.571428571428573,28.933333333333334,0.017213356155834685,0.9998518392091162,47.0
2,1,2024,47.0,28.0,12.0,36.0,33.857142857142854,30.233333333333334,0.03442161162274574,0.9994074007397048,29.0
3,1,2024,29.0,33.0,22.0,28.0,34.0,30.8,0.051619667223253764,0.998666816288476,31.0
4,1,2024,31.0,36.0,25.0,25.0,33.714285714285715,31.1,0.06880242680231986,0.9976303053065857,20.0
5,1,2024,20.0,36.0,29.0,27.0,31.428571428571427,30.933333333333334,0.08596479873744647,0.9962981749346078,13.0
6,1,2024,13.0,26.0,31.0,22.0,28.142857142857142,30.4,0.10310169744743485,0.9946708199115211,14.0
7,1,2024,14.0,31.0,27.0,21.0,26.428571428571427,29.833333333333332,0.1202080448993527,0.9927487224577402,16.0
8,1,2024,16.0,47.0,31.0,5.0,24.285714285714285,29.466666666666665,0.13727877211326478,0.9905324521322229,9.0
9,1,2024,9.0,29.0,27.0,11.0,18.857142857142858,28.733333333333334,0.15430882066428117,0.9880226656636976,11.0
10,1,2024,11.0,31.0,31.0,6.0,16.285714285714285,28.2,0.1712931441814776,0.9852201067560606,15.0
11,1,2024,15.0,20.0,34.0,28.0,14.0,27.666666666666668,0.1882267098432442,0.9821256058680006,27.0
12,1,2024,27.0,13.0,35.0,40.0,15.0,27.433333333333334,0.2051044998686192,0.9787400799669153,40.0
13,1,2024,40.0,14.0,28.0,42.0,18.857142857142858,27.6,0.2219215130041655,0.9750645322571948,40.0
14,1,2024,40.0,16.0,26.0,38.0,22.571428571428573,28.0,0.2386727660059501,0.9711000518829505,40.0
15,1,2024,40.0,9.0,34.0,43.0,26.0,28.466666666666665,0.255353295116187,0.9668478136052775,35.0
16,1,2024,35.0,11.0,47.0,34.0,29.714285714285715,28.5,0.2719581575341055,0.9623090774541486,42.0
17,1,2024,42.0,15.0,52.0,26.0,34.142857142857146,28.333333333333332,0.288482432880609,0.9574851883550393,43.0
18,1,2024,43.0,27.0,50.0,30.0,38.142857142857146,28.033333333333335,0.30492122465628907,0.9523775757303974,33.0
19,1,2024,33.0,40.0,46.0,18.0,39.0,27.466666666666665,0.3212696616923644,0.9469877530760753,16.0
20,1,2024,16.0,40.0,34.0,19.0,35.57142857142857,26.466666666666665,0.3375228995941133,0.9413173175128471,13.0
21,1,2024,13.0,40.0,5.0,20.0,31.714285714285715,25.766666666666666,0.3536761221763716,0.9353679493131483,26.0
22,1,2024,26.0,35.0,15.0,14.0,29.714285714285715,26.466666666666665,0.3697245428906731,0.9291414114031743,37.0
23,1,2024,37.0,42.0,12.0,27.0,30.0,27.2,0.38566340624360707,0.9226395488404876,30.0
24,1,2024,30.0,43.0,17.0,10.0,28.285714285714285,27.8,0.401487989205973,0.9158642882672872,44.0
25,1,2024,44.0,33.0,28.0,21.0,28.428571428571427,28.7,0.4171936026123168,0.9088176373395029,53.0
26,1,2024,53.0,16.0,33.0,27.0,31.285714285714285,29.533333333333335,0.4327755925504312,0.901501684131884,58.0
27,1,2024,58.0,13.0,36.0,33.0,37.285714285714285,30.366666666666667,0.4482293417404106,0.893918596519257,47.0
28,1,2024,47.0,26.0,36.0,36.0,42.142857142857146,30.733333333333334,0.4635502709028509,0.886070621534138,38.0
29,1,2024,38.0,37.0,26.0,34.0,43.857142857142854,30.8,0.47873384011578846,0.8779600847008882,42.0
30,1,2024,42.0,30.0,31.0,39.0,44.57142857142857,31.333333333333332,0.49377555015997715,0.869589389346611,58.0
31,1,2024,58.0,44.0,47.0,38.0,48.57142857142857,32.233333333333334,0.5086709438521044,0.8609610158889943,57.0
32,2,2024,57.0,53.0,29.0,36.0,50.42857142857143,32.56666666666667,0.5234156073655503,0.8520775211013093,48.0
33,2,2024,48.0,58.0,31.0,35.0,49.714285714285715,33.2,0.5380051715382996,0.8429415373547828,36.0
34,2,2024,36.0,47.0,20.0,32.0,46.57142857142857,33.36666666666667,0.5524353131676196,0.8335557718385699,29.0
35,2,2024,29.0,38.0,13.0,23.0,44.0,33.666666666666664,0.5667017562911176,0.8239230057575542,16.0
36,2,2024,16.0,42.0,14.0,32.0,40.857142857142854,33.766666666666666,0.5808002734538009,0.8140460935082178,11.0
37,2,2024,11.0,58.0,16.0,32.0,36.42857142857143,33.666666666666664,0.5947266869607634,0.8039279618328213,33.0
38,2,2024,33.0,57.0,9.0,32.0,32.857142857142854,34.233333333333334,0.6084768701151261,0.7935716089521474,29.0
39,2,2024,29.0,48.0,11.0,19.0,28.857142857142858,34.9,0.6220467484408675,0.7829801036770629,32.0
40,2,2024,32.0,36.0,15.0,19.0,26.571428571428573,35.6,0.6354323008901774,0.7721565844991642,17.0
41,2,2024,17.0,29.0,27.0,28.0,23.857142857142858,35.666666666666664,0.6486295610349814,0.7611042586607747,5.0
42,2,2024,5.0,16.0,40.0,33.0,20.428571428571427,34.93333333333333,0.6616346182422783,0.7498264012045686,7.0
43,2,2024,7.0,11.0,40.0,35.0,19.142857142857142,33.833333333333336,0.6744436188329455,0.7383263540031065,17.0
44,2,2024,17.0,33.0,40.0,37.0,20.0,33.06666666666667,0.6870527672236669,0.7266075247685656,17.0
45,2,2024,17.0,29.0,35.0,48.0,17.714285714285715,32.3,0.699458327051647,0.7146733860429609,23.0
46,2,2024,23.0,32.0,42.0,46.0,16.857142857142858,31.9,0.7116566222817746,0.7025274741691571,31.0
47,2,2024,31.0,17.0,43.0,34.0,16.714285714285715,31.533333333333335,0.7236440382959124,0.6901733882429719,41.0
48,2,2024,41.0,5.0,33.0,34.0,20.142857142857142,31.466666666666665,0.7354170229639855,0.6776147890466889,46.0
49,2,2024,46.0,7.0,16.0,27.0,26.0,31.9,0.7469720876965552,0.6648553979642865,49.0
50,2,2024,49.0,17.0,13.0,26.0,32.0,33.0,0.7583058084785624,0.6518989958787126,53.0
51,2,2024,53.0,17.0,26.0,43.0,37.142857142857146,34.333333333333336,0.7694148268839378,0.6387494220515272,36.0
52,2,2024,36.0,23.0,37.0,41.0,39.857142857142854,34.666666666666664,0.7802958510707755,0.6254105729852463,36.0
53,2,2024,36.0,31.0,30.0,28.0,41.714285714285715,34.63333333333333,0.7909456567567772,0.6118864012687243,43.0
54,2,2024,43.0,41.0,44.0,28.0,43.42857142857143,35.06666666666667,0.8013610881746766,0.5981809144059165,11.0
55,2,2024,11.0,46.0,53.0,27.0,39.142857142857146,33.96666666666667,0.8115390590073611,0.5842981736283684,18.0
56,2,2024,18.0,49.0,58.0,31.0,35.142857142857146,32.8,0.8214765533024142,0.5702422926917871,11.0
57,2,2024,11.0,53.0,47.0,17.0,29.714285714285715,31.233333333333334,0.8311706263658079,0.5560174366570446,5.0
58,2,2024,5.0,36.0,38.0,5.0,22.857142857142858,29.833333333333332,0.8406184056344782,0.5416278206559814,5.0
59,2,2024,5.0,36.0,42.0,14.0,18.428571428571427,28.733333333333334,0.8498170915275278,0.5270777086423722,6.0
60,2,2024,6.0,43.0,58.0,21.0,14.142857142857142,27.533333333333335,0.8587639582758029,0.5123714121284237,5.0
61,3,2024,5.0,11.0,57.0,8.0,8.714285714285714,25.766666666666666,0.8674563547295969,0.49751328890718066,5.0
62,3,2024,5.0,18.0,48.0,14.0,7.857142857142857,24.033333333333335,0.8758917051442429,0.48250774176121847,7.0
63,3,2024,7.0,11.0,36.0,18.0,6.285714285714286,22.666666666666668,0.8840675099433636,0.4673592171580022,5.0
64,3,2024,5.0,5.0,29.0,19.0,5.428571428571429,21.633333333333333,0.8919813464595485,0.45207220393230435,5.0
65,3,2024,5.0,5.0,16.0,21.0,5.428571428571429,20.833333333333332,0.8996308696522433,0.43665123195606403,8.0
66,3,2024,8.0,6.0,11.0,22.0,5.857142857142857,20.566666666666666,0.9070138128026359,0.4211008707960896,5.0
67,3,2024,5.0,5.0,33.0,21.0,5.714285714285714,20.366666666666667,0.9141279881853337,0.40542572835999735,7.0
68,3,2024,7.0,5.0,29.0,23.0,6.0,19.5,0.9209712877166346,0.38963044953078796,14.0
69,3,2024,14.0,7.0,32.0,11.0,7.285714285714286,19.0,0.9275416835791966,0.37371971479046906,5.0
70,3,2024,5.0,5.0,17.0,5.0,7.0,18.1,0.9338372288229252,0.35769823883312546,5.0
71,3,2024,5.0,5.0,5.0,10.0,7.0,17.7,0.9398560579418954,0.3415707691678556,6.0
72,3,2024,6.0,8.0,7.0,20.0,7.142857142857143,17.733333333333334,0.9455963874271426,0.3253420847119801,7.0
73,3,2024,7.0,5.0,17.0,6.0,7.0,17.733333333333334,0.9510565162951535,0.30901699437494745,6.0
74,3,2024,6.0,7.0,17.0,5.0,7.142857142857143,17.366666666666667,0.9562348265919056,0.29260033563334836,5.0
75,3,2024,5.0,14.0,23.0,11.0,6.857142857142857,16.966666666666665,0.9611297838723007,0.27609697309746883,13.0
76,3,2024,13.0,5.0,31.0,18.0,6.714285714285714,16.633333333333333,0.9657399376548549,0.2595117970697999,10.0
77,3,2024,10.0,5.0,41.0,24.0,7.428571428571429,15.933333333333334,0.9700639218515071,0.2428497220959356,12.0
78,3,2024,12.0,6.0,46.0,15.0,8.428571428571429,14.966666666666667,0.9741004551724205,0.22611568550828828,17.0
79,3,2024,17.0,7.0,49.0,22.0,10.0,14.0,0.9778483415056568,0.20931464596304847,14.0
80,3,2024,14.0,6.0,53.0,29.0,11.0,12.833333333333334,0.9813064702716093,0.19245158197082998,19.0
81,3,2024,19.0,5.0,36.0,32.0,12.857142857142858,11.7,0.9844738167520922,0.1755314904214282,26.0
82,3,2024,26.0,13.0,36.0,21.0,15.857142857142858,11.366666666666667,0.9873494423939864,0.15855938510313475,32.0
83,3,2024,32.0,10.0,43.0,11.0,18.571428571428573,11.233333333333333,0.989932495087353,0.141540295217043,19.0
84,3,2024,19.0,12.0,11.0,6.0,19.857142857142858,10.433333333333334,0.9922222094179323,0.12447926388678915,5.0
85,3,2024,5.0,17.0,18.0,6.0,18.857142857142858,10.233333333333333,0.994217906893952,0.10738134666416309,5.0
86,3,2024,5.0,14.0,11.0,5.0,17.142857142857142,9.8,0.995918996147179,0.09025161003104117,6.0
87,3,2024,6.0,19.0,5.0,5.0,16.0,9.633333333333333,0.9973249731081555,0.07309512989807777,5.0
88,3,2024,5.0,26.0,5.0,8.0,14.0,9.633333333333333,0.9984354211555643,0.055916990100603484,9.0
89,3,2024,9.0,32.0,6.0,9.0,11.571428571428571,9.766666666666667,0.9992500112396835,0.03872228089217446,9.0
90,3,2024,9.0,19.0,5.0,7.0,8.285714285714286,9.866666666666667,0.9997685019798909,0.021516097436222254,14.0
91,3,2024,14.0,5.0,5.0,5.0,7.571428571428571,10.166666666666666,0.9999907397361901,0.004303538296244289,6.0
92,4,2024,6.0,5.0,7.0,5.0,7.714285714285714,10.2,0.9999166586547379,-0.01291029607500882,5.0
93,4,2024,5.0,6.0,5.0,5.0,7.714285714285714,10.133333333333333,0.9995462806873573,-0.030120304846908114,5.0
94,4,2024,5.0,5.0,5.0,5.0,7.571428571428571,10.133333333333333,0.9988797155850336,-0.04732138832243185,6.0
95,4,2024,6.0,9.0,8.0,10.0,7.714285714285714,10.166666666666666,0.9979171608653922,-0.06450844944931623,7.0
96,4,2024,7.0,9.0,5.0,14.0,7.428571428571429,10.133333333333333,0.9966589017541702,-0.08167639533042241,5.0
97,4,2024,5.0,14.0,7.0,16.0,6.857142857142857,10.133333333333333,0.9951053111006976,-0.09882013873287143,9.0
98,4,2024,9.0,6.0,14.0,5.0,6.142857142857143,10.2,0.9932568492674143,-0.11593459959550041,11.0
99,4,2024,11.0,5.0,5.0,9.0,6.857142857142857,10.1,0.9911140639934547,-0.1330147065341959,13.0
100,4,2024,13.0,5.0,5.0,9.0,8.0,10.366666666666667,0.9886775902323405,-0.1500553983446526,9.0
101,4,2024,9.0,6.0,6.0,9.0,8.571428571428571,10.5,0.9859481499638304,-0.16705162550211924,5.0
102,4,2024,5.0,7.0,7.0,14.0,8.428571428571429,10.466666666666667,0.9829265519799822,-0.18399835165768005,6.0
103,4,2024,6.0,5.0,6.0,8.0,8.285714285714286,10.433333333333334,0.9796136916454901,-0.20089055513063506,10.0
104,4,2024,10.0,9.0,5.0,5.0,9.0,10.566666666666666,0.9760105506323683,-0.21772323039653177,13.0
105,4,2024,13.0,11.0,13.0,6.0,9.571428571428571,10.833333333333334,0.9721181966290613,-0.23449138957040985,12.0
106,4,2024,12.0,13.0,10.0,8.0,9.714285714285714,10.8,0.9679377830240642,-0.25119006388481935,12.0
107,4,2024,12.0,9.0,12.0,5.0,9.571428571428571,10.866666666666667,0.9634705485641488,-0.2678143051621742,12.0
108,4,2024,12.0,5.0,17.0,7.0,10.0,10.866666666666667,0.9587178169872964,-0.2843591872810034,5.0
109,4,2024,5.0,6.0,14.0,7.0,10.0,10.466666666666667,0.9536809966304457,-0.30081980763566735,5.0
110,4,2024,5.0,10.0,19.0,7.0,9.857142857142858,10.166666666666666,0.9483615800121715,-0.3171912885891061,5.0
111,4,2024,5.0,13.0,26.0,5.0,9.142857142857142,9.7,0.9427611433904207,-0.3334687789181868,5.0
112,4,2024,5.0,12.0,32.0,9.0,8.0,9.0,0.9368813462954315,-0.3496474552512284,5.0
113,4,2024,5.0,12.0,19.0,9.0,7.0,8.1,0.9307239310379795,-0.36572252349726897,5.0
114,4,2024,5.0,12.0,5.0,5.0,6.0,7.633333333333334,0.9242907221930933,-0.3816892202666588,5.0
115,4,2024,5.0,5.0,5.0,5.0,5.0,7.633333333333334,0.9175836260593937,-0.39754281428255595,5.0
116,4,2024,5.0,5.0,6.0,5.0,5.0,7.633333333333334,0.9106046300942162,-0.4132786077829042,5.0
117,4,2024,5.0,5.0,5.0,8.0,5.0,7.6,0.9033558023246845,-0.4288919379124835,7.0
118,4,2024,7.0,5.0,9.0,11.0,5.285714285714286,7.666666666666667,0.895839290734909,-0.4443781781046132,8.0
119,4,2024,8.0,5.0,9.0,9.0,5.714285714285714,7.633333333333334,0.8880573226294932,-0.45973273945210397,5.0
120,4,2024,5.0,5.0,14.0,13.0,5.714285714285714,7.5,0.8800122039735357,-0.47495107206704995,7.0
121,4,2024,7.0,5.0,6.0,6.0,6.0,7.266666666666667,0.8717063187093218,-0.4900286664290592,8.0
122,5,2024,8.0,5.0,5.0,6.0,6.428571428571429,7.333333333333333,0.8631421280499114,-0.5049610547215204,5.0
123,5,2024,5.0,5.0,5.0,8.0,6.428571428571429,7.333333333333333,0.854322169749827,-0.5197438121555155,5.0
124,5,2024,5.0,7.0,6.0,9.0,6.428571428571429,7.333333333333333,0.8452490573530633,-0.5343725582809786,5.0
125,5,2024,5.0,8.0,7.0,13.0,6.142857142857143,7.3,0.8359254794186372,-0.548842958284719,5.0
126,5,2024,5.0,5.0,5.0,15.0,5.714285714285714,7.233333333333333,0.8263541987239096,-0.5631507242749186,5.0
127,5,2024,5.0,7.0,9.0,8.0,5.714285714285714,7.233333333333333,0.8165380514459161,-0.5772916165517272,5.0
128,5,2024,5.0,8.0,11.0,10.0,5.428571428571429,7.1,0.8064799463209448,-0.5912614448635781,5.0
129,5,2024,5.0,5.0,13.0,13.0,5.0,6.9,0.7961828637826158,-0.6050560696488488,5.0
130,5,2024,5.0,5.0,9.0,7.0,5.0,6.633333333333334,0.7856498550787147,-0.6186714032625031,5.0
131,5,2024,5.0,5.0,5.0,8.0,5.0,6.5,0.7748840413670407,-0.6321034111873487,6.0
132,5,2024,6.0,5.0,6.0,6.0,5.142857142857143,6.533333333333333,0.7638886127905428,-0.6453481132295501,8.0
133,5,2024,8.0,5.0,10.0,5.0,5.571428571428571,6.6,0.7526668275320085,-0.6584015846980488,8.0
134,5,2024,8.0,5.0,13.0,5.0,6.0,6.533333333333333,0.7412220108485958,-0.6712599575675313,5.0
135,5,2024,5.0,5.0,12.0,8.0,6.0,6.266666666666667,0.7295575540864875,-0.6839194216246106,5.0
136,5,2024,5.0,5.0,12.0,8.0,6.0,6.033333333333333,0.717676913675962,-0.6963762255968722,5.0
137,5,2024,5.0,5.0,12.0,6.0,6.0,5.8,0.705583610107178,-0.7086266782644596,5.0
138,5,2024,5.0,6.0,5.0,7.0,6.0,5.566666666666666,0.6932812268869777,-0.7206671495538609,5.0
139,5,2024,5.0,8.0,5.0,7.0,5.857142857142857,5.566666666666666,0.6807734094770161,-0.7324940716135789,5.0
140,5,2024,5.0,8.0,5.0,5.0,5.428571428571429,5.566666666666666,0.6680638642135335,-0.7441039398713607,5.0
141,5,2024,5.0,5.0,5.0,8.0,5.0,5.566666666666666,0.6551563572090853,-0.7554933140726803,5.0
142,5,2024,5.0,5.0,5.0,14.0,5.0,5.566666666666666,0.6420547132365637,-0.766658819300159,5.0
143,5,2024,5.0,5.0,5.0,13.0,5.0,5.566666666666666,0.6287628145958344,-0.7775971469736269,5.0
144,5,2024,5.0,5.0,5.0,12.0,5.0,5.566666666666666,0.6152845999633276,-0.7883050558305255,5.0
145,5,2024,5.0,5.0,5.0,8.0,5.0,5.566666666666666,0.6016240632249226,-0.7987793728863649,5.0
146,5,2024,5.0,5.0,5.0,11.0,5.0,5.566666666666666,0.5877852522924732,-0.8090169943749473,5.0
147,5,2024,5.0,5.0,7.0,15.0,5.0,5.566666666666666,0.5737722679043246,-0.8190148866680801,6.0
148,5,2024,6.0,5.0,8.0,12.0,5.142857142857143,5.533333333333333,0.5595892624101765,-0.8287700871745038,6.0
149,5,2024,6.0,5.0,5.0,10.0,5.285714285714286,5.466666666666667,0.545240438540651,-0.8382797052177744,5.0
150,5,2024,5.0,5.0,7.0,12.0,5.285714285714286,5.466666666666667,0.5307300481619334,-0.8475409228928311,8.0
151,5,2024,8.0,5.0,8.0,9.0,5.714285714285714,5.5,0.5160623910158528,-0.8565509959010036,7.0
152,5,2024,7.0,5.0,5.0,15.0,6.0,5.466666666666667,0.5012418134457758,-0.865307254363206,5.0
153,6,2024,5.0,5.0,5.0,14.0,6.0,5.466666666666667,0.48627270710868997,-0.8738071036110808,5.0
154,6,2024,5.0,6.0,5.0,14.0,6.0,5.466666666666667,0.4711595076738638,-0.8820480249558537,5.0
155,6,2024,5.0,6.0,5.0,14.0,5.857142857142857,5.466666666666667,0.4559066935084588,-0.8900275764346767,5.0
156,6,2024,5.0,5.0,5.0,14.0,5.714285714285714,5.466666666666667,0.440518784350495,-0.8977433935342337,5.0
157,6,2024,5.0,8.0,5.0,12.0,5.714285714285714,5.466666666666667,0.42500033996955416,-0.9051931898913974,5.0
158,6,2024,5.0,7.0,5.0,8.0,5.285714285714286,5.466666666666667,0.4093559588156213,-0.9123747579707273,6.0
159,6,2024,6.0,5.0,5.0,13.0,5.142857142857143,5.5,0.39359027665646673,-0.9192859697186104,7.0
160,6,2024,7.0,5.0,5.0,16.0,5.428571428571429,5.566666666666666,0.3777079652039649,-0.9259247771938498,9.0
161,6,2024,9.0,5.0,6.0,14.0,6.0,5.7,0.36171373072976765,-0.9322892131745133,6.0
162,6,2024,6.0,5.0,8.0,13.0,6.142857142857143,5.7,0.3456123126707335,-0.9383773917408641,5.0
163,6,2024,5.0,5.0,8.0,10.0,6.142857142857143,5.6,0.3294084822245304,-0.9441875088341993,5.0
164,6,2024,5.0,5.0,5.0,7.0,6.142857142857143,5.5,0.3131070409358269,-0.9497178427914316,5.0
165,6,2024,5.0,6.0,5.0,9.0,6.142857142857143,5.5,0.29671281927349075,-0.9549667548552551,5.0
166,6,2024,5.0,7.0,5.0,11.0,6.0,5.5,0.28023067519921585,-0.9599326896597447,5.0
167,6,2024,5.0,9.0,5.0,14.0,5.714285714285714,5.5,0.26366549272800704,-0.9646141756912435,6.0
168,6,2024,6.0,6.0,5.0,16.0,5.285714285714286,5.533333333333333,0.24702218048093552,-0.9690098257244062,5.0
169,6,2024,5.0,5.0,5.0,16.0,5.142857142857143,5.533333333333333,0.23030567023061221,-0.9731183372332619,6.0
170,6,2024,6.0,5.0,5.0,14.0,5.285714285714286,5.566666666666666,0.21352091543979612,-0.9769384927771817,7.0
171,6,2024,7.0,5.0,5.0,12.0,5.571428571428571,5.633333333333334,0.19667288979357647,-0.980469160361632,9.0
172,6,2024,9.0,5.0,5.0,14.0,6.142857142857143,5.766666666666667,0.1797665857255624,-0.9837092937736097,8.0
173,6,2024,8.0,5.0,5.0,14.0,6.571428571428571,5.866666666666666,0.16280701293851715,-0.986657932891657,5.0
174,6,2024,5.0,6.0,5.0,9.0,6.571428571428571,5.866666666666666,0.1457991969198751,-0.9893142039703663,5.0
175,6,2024,5.0,5.0,5.0,10.0,6.428571428571429,5.866666666666666,0.12874817745258132,-0.99167731989929,5.0
176,6,2024,5.0,6.0,5.0,12.0,6.428571428571429,5.866666666666666,0.11165900712169512,-0.993746580436178,5.0
177,6,2024,5.0,7.0,6.0,15.0,6.285714285714286,5.866666666666666,0.09453674981719912,-0.9955213724144752,5.0
178,6,2024,5.0,9.0,6.0,18.0,6.0,5.833333333333333,0.07738647923346301,-0.9970011699250151,5.0
179,6,2024,5.0,8.0,5.0,16.0,5.428571428571429,5.8,0.06021327736579302,-0.9981855344718586,5.0
180,6,2024,5.0,5.0,8.0,13.0,5.0,5.8,0.04302223300453059,-0.99907411510223,5.0
181,6,2024,5.0,5.0,7.0,14.0,5.0,5.7,0.02581844022713308,-0.9996666485105112,5.0
182,6,2024,5.0,5.0,5.0,7.0,5.0,5.633333333333334,0.008606996888688698,-0.9999629591162655,12.0
183,7,2024,12.0,5.0,5.0,9.0,6.0,5.866666666666666,-0.008606996888688009,-0.9999629591162655,5.0
184,7,2024,5.0,5.0,5.0,9.0,6.0,5.866666666666666,-0.02581844022713239,-0.9996666485105112,5.0
185,7,2024,5.0,5.0,5.0,10.0,6.0,5.866666666666666,-0.04302223300453034,-0.99907411510223,5.0
186,7,2024,5.0,5.0,5.0,11.0,6.0,5.866666666666666,-0.060213277365792774,-0.9981855344718586,5.0
187,7,2024,5.0,5.0,5.0,9.0,6.0,5.866666666666666,-0.07738647923346322,-0.9970011699250151,5.0
188,7,2024,5.0,5.0,6.0,9.0,6.0,5.866666666666666,-0.09453674981719933,-0.9955213724144752,6.0
189,7,2024,6.0,12.0,7.0,10.0,6.142857142857143,5.866666666666666,-0.11165900712169444,-0.9937465804361781,7.0
190,7,2024,7.0,5.0,9.0,14.0,5.428571428571429,5.866666666666666,-0.12874817745258066,-0.99167731989929,5.0
191,7,2024,5.0,5.0,6.0,16.0,5.428571428571429,5.733333333333333,-0.14579919691987442,-0.9893142039703664,5.0
192,7,2024,5.0,5.0,5.0,11.0,5.428571428571429,5.7,-0.16280701293851646,-0.9866579328916572,14.0
193,7,2024,14.0,5.0,5.0,6.0,6.714285714285714,6.0,-0.17976658572556214,-0.9837092937736098,12.0
194,7,2024,12.0,5.0,5.0,8.0,7.714285714285714,6.233333333333333,-0.19667288979357622,-0.9804691603616321,5.0
195,7,2024,5.0,6.0,5.0,10.0,7.714285714285714,6.233333333333333,-0.2135209154397959,-0.9769384927771817,5.0
196,7,2024,5.0,7.0,5.0,12.0,7.571428571428571,6.233333333333333,-0.23030567023061196,-0.973118337233262,6.0
197,7,2024,6.0,5.0,6.0,13.0,7.428571428571429,6.266666666666667,-0.24702218048093527,-0.9690098257244063,7.0
198,7,2024,7.0,5.0,5.0,14.0,7.714285714285714,6.3,-0.2636654927280072,-0.9646141756912435,7.0
199,7,2024,7.0,14.0,6.0,16.0,8.0,6.366666666666666,-0.2802306751992161,-0.9599326896597445,8.0
200,7,2024,8.0,12.0,7.0,18.0,7.142857142857143,6.433333333333334,-0.2967128192734901,-0.9549667548552553,11.0
201,7,2024,11.0,5.0,9.0,14.0,7.0,6.566666666666666,-0.3131070409358267,-0.9497178427914317,13.0
202,7,2024,13.0,5.0,8.0,12.0,8.142857142857142,6.7,-0.3294084822245302,-0.9441875088341994,7.0
203,7,2024,7.0,6.0,5.0,10.0,8.428571428571429,6.666666666666667,-0.3456123126707333,-0.9383773917408642,7.0
204,7,2024,7.0,7.0,5.0,13.0,8.571428571428571,6.733333333333333,-0.3617137307297674,-0.9322892131745134,5.0
205,7,2024,5.0,7.0,5.0,10.0,8.285714285714286,6.733333333333333,-0.37770796520396466,-0.9259247771938499,9.0
206,7,2024,9.0,8.0,5.0,8.0,8.571428571428571,6.866666666666666,-0.39359027665646645,-0.9192859697186105,11.0
207,7,2024,11.0,11.0,5.0,5.0,9.0,7.066666666666666,-0.4093559588156211,-0.9123747579707274,9.0
208,7,2024,9.0,13.0,5.0,6.0,8.714285714285714,7.2,-0.42500033996955394,-0.9051931898913975,9.0
209,7,2024,9.0,7.0,5.0,8.0,8.142857142857142,7.333333333333333,-0.4405187843504952,-0.8977433935342336,10.0
210,7,2024,10.0,7.0,5.0,9.0,8.571428571428571,7.5,-0.455906693508459,-0.8900275764346766,12.0
211,7,2024,12.0,5.0,5.0,8.0,9.285714285714286,7.733333333333333,-0.47115950767386394,-0.8820480249558535,10.0
212,7,2024,10.0,9.0,12.0,10.0,10.0,7.9,-0.4862727071086902,-0.8738071036110807,11.0
213,7,2024,11.0,11.0,5.0,12.0,10.285714285714286,7.866666666666666,-0.5012418134457756,-0.8653072543632061,13.0
214,8,2024,13.0,9.0,5.0,12.0,10.571428571428571,8.133333333333333,-0.5160623910158526,-0.8565509959010037,16.0
215,8,2024,16.0,9.0,5.0,11.0,11.571428571428571,8.5,-0.5307300481619331,-0.8475409228928312,12.0
216,8,2024,12.0,10.0,5.0,7.0,12.0,8.733333333333333,-0.5452404385406507,-0.8382797052177745,9.0
217,8,2024,9.0,12.0,5.0,5.0,11.857142857142858,8.866666666666667,-0.5595892624101763,-0.828770087174504,11.0
218,8,2024,11.0,10.0,6.0,5.0,11.714285714285714,9.066666666666666,-0.5737722679043243,-0.8190148866680802,10.0
219,8,2024,10.0,11.0,7.0,5.0,11.714285714285714,9.2,-0.5877852522924734,-0.8090169943749472,11.0
220,8,2024,11.0,13.0,5.0,6.0,11.714285714285714,9.333333333333334,-0.6016240632249227,-0.7987793728863648,6.0
221,8,2024,6.0,16.0,5.0,8.0,10.714285714285714,9.366666666666667,-0.6152845999633277,-0.7883050558305253,6.0
222,8,2024,6.0,12.0,14.0,10.0,9.285714285714286,9.4,-0.6287628145958345,-0.7775971469736268,8.0
223,8,2024,8.0,9.0,12.0,14.0,8.714285714285714,9.2,-0.6420547132365636,-0.7666588193001592,10.0
224,8,2024,10.0,11.0,5.0,14.0,8.857142857142858,9.133333333333333,-0.655156357209085,-0.7554933140726804,11.0
225,8,2024,11.0,10.0,5.0,13.0,8.857142857142858,9.333333333333334,-0.6680638642135333,-0.7441039398713608,11.0
226,8,2024,11.0,11.0,6.0,11.0,9.0,9.533333333333333,-0.6807734094770159,-0.7324940716135792,7.0
227,8,2024,7.0,6.0,7.0,13.0,8.428571428571429,9.566666666666666,-0.6932812268869771,-0.7206671495538615,5.0
228,8,2024,5.0,6.0,7.0,13.0,8.285714285714286,9.5,-0.7055836101071774,-0.70862667826446,5.0
229,8,2024,5.0,8.0,8.0,12.0,8.142857142857142,9.433333333333334,-0.7176769136759615,-0.6963762255968726,5.0
230,8,2024,5.0,10.0,11.0,13.0,7.714285714285714,9.333333333333334,-0.7295575540864876,-0.6839194216246105,8.0
231,8,2024,8.0,11.0,13.0,16.0,7.428571428571429,9.233333333333333,-0.7412220108485957,-0.6712599575675315,5.0
232,8,2024,5.0,11.0,7.0,23.0,6.571428571428571,8.966666666666667,-0.7526668275320083,-0.6584015846980489,5.0
233,8,2024,5.0,7.0,7.0,17.0,5.714285714285714,8.9,-0.7638886127905429,-0.64534811322955,5.0
234,8,2024,5.0,5.0,5.0,15.0,5.428571428571429,8.833333333333334,-0.7748840413670406,-0.6321034111873488,11.0
235,8,2024,11.0,5.0,9.0,17.0,6.285714285714286,9.033333333333333,-0.7856498550787144,-0.6186714032625032,13.0
236,8,2024,13.0,5.0,11.0,18.0,7.428571428571429,9.166666666666666,-0.7961828637826154,-0.6050560696488494,15.0
237,8,2024,15.0,8.0,9.0,16.0,8.857142857142858,9.3,-0.8064799463209447,-0.5912614448635782,13.0
238,8,2024,13.0,5.0,9.0,10.0,9.571428571428571,9.433333333333334,-0.8165380514459157,-0.5772916165517278,12.0
239,8,2024,12.0,5.0,10.0,5.0,10.571428571428571,9.533333333333333,-0.8263541987239094,-0.5631507242749187,10.0
240,8,2024,10.0,5.0,12.0,5.0,11.285714285714286,9.533333333333333,-0.8359254794186365,-0.5488429582847199,9.0
241,8,2024,9.0,11.0,10.0,5.0,11.857142857142858,9.433333333333334,-0.8452490573530634,-0.5343725582809785,17.0
242,8,2024,17.0,13.0,11.0,5.0,12.714285714285714,9.666666666666666,-0.8543221697498269,-0.5197438121555157,16.0
243,8,2024,16.0,15.0,13.0,7.0,13.142857142857142,9.833333333333334,-0.8631421280499115,-0.5049610547215202,18.0
244,8,2024,18.0,13.0,16.0,7.0,13.571428571428571,10.0,-0.8717063187093217,-0.4900286664290594,19.0
245,9,2024,19.0,12.0,12.0,9.0,14.428571428571429,10.1,-0.8800122039735356,-0.4749510720670502,16.0
246,9,2024,16.0,10.0,9.0,10.0,15.0,10.233333333333333,-0.888057322629493,-0.4597327394521046,9.0
247,9,2024,9.0,9.0,11.0,13.0,14.857142857142858,10.233333333333333,-0.8958392907349089,-0.4443781781046134,9.0
248,9,2024,9.0,17.0,10.0,10.0,14.857142857142858,10.166666666666666,-0.9033558023246842,-0.4288919379124841,6.0
249,9,2024,6.0,16.0,11.0,11.0,13.285714285714286,10.033333333333333,-0.9106046300942162,-0.41327860778290443,5.0
250,9,2024,5.0,18.0,6.0,12.0,11.714285714285714,9.833333333333334,-0.9175836260593934,-0.3975428142825566,6.0
251,9,2024,6.0,19.0,6.0,15.0,10.0,9.833333333333334,-0.9242907221930934,-0.3816892202666586,8.0
252,9,2024,8.0,16.0,8.0,16.0,8.428571428571429,9.9,-0.9307239310379793,-0.3657225234972692,8.0
253,9,2024,8.0,9.0,10.0,16.0,7.285714285714286,9.9,-0.9368813462954315,-0.34964745525122826,5.0
254,9,2024,5.0,9.0,11.0,17.0,6.714285714285714,9.733333333333333,-0.9427611433904206,-0.33346877891818705,5.0
255,9,2024,5.0,6.0,11.0,17.0,6.142857142857143,9.533333333333333,-0.9483615800121716,-0.31719128858910595,10.0
256,9,2024,10.0,5.0,7.0,9.0,6.714285714285714,9.5,-0.9536809966304455,-0.300819807635668,8.0
257,9,2024,8.0,6.0,5.0,8.0,7.142857142857143,9.533333333333333,-0.9587178169872964,-0.2843591872810036,5.0
258,9,2024,5.0,8.0,5.0,6.0,7.0,9.533333333333333,-0.9634705485641486,-0.26781430516217486,5.0
259,9,2024,5.0,8.0,5.0,12.0,6.571428571428571,9.533333333333333,-0.9679377830240642,-0.25119006388481957,8.0
260,9,2024,8.0,5.0,8.0,9.0,6.571428571428571,9.633333333333333,-0.9721181966290612,-0.23449138957041052,8.0
261,9,2024,8.0,5.0,5.0,13.0,7.0,9.633333333333333,-0.9760105506323682,-0.21772323039653224,7.0
262,9,2024,7.0,10.0,5.0,10.0,7.285714285714286,9.7,-0.9796136916454901,-0.20089055513063528,5.0
263,9,2024,5.0,8.0,5.0,7.0,6.571428571428571,9.7,-0.9829265519799822,-0.18399835165767986,8.0
264,9,2024,8.0,5.0,11.0,6.0,6.571428571428571,9.8,-0.9859481499638303,-0.1670516255021195,11.0
265,9,2024,11.0,5.0,13.0,7.0,7.428571428571429,9.8,-0.9886775902323404,-0.15005539834465262,12.0
266,9,2024,12.0,8.0,15.0,5.0,8.428571428571429,9.766666666666667,-0.9911140639934546,-0.13301470653419636,15.0
267,9,2024,15.0,8.0,13.0,5.0,9.428571428571429,9.766666666666667,-0.9932568492674143,-0.11593459959550066,11.0
268,9,2024,11.0,7.0,12.0,7.0,9.857142857142858,9.7,-0.9951053111006974,-0.09882013873287211,10.0
269,9,2024,10.0,5.0,10.0,10.0,10.285714285714286,9.633333333333333,-0.99665890175417,-0.08167639533042288,9.0
270,9,2024,9.0,8.0,9.0,13.0,10.857142857142858,9.6,-0.9979171608653922,-0.06450844944931625,12.0
271,9,2024,12.0,11.0,17.0,14.0,11.428571428571429,9.7,-0.9988797155850335,-0.04732138832243232,8.0
272,9,2024,8.0,12.0,16.0,16.0,11.0,9.4,-0.9995462806873573,-0.03012030484690836,5.0
273,9,2024,5.0,15.0,18.0,20.0,10.0,9.033333333333333,-0.9999166586547379,-0.012910296075008843,5.0
274,9,2024,5.0,11.0,19.0,21.0,8.571428571428571,8.6,-0.9999907397361901,0.004303538296243821,6.0
275,10,2024,6.0,10.0,16.0,27.0,7.857142857142857,8.166666666666666,-0.9997685019798909,0.021516097436222233,9.0
276,10,2024,9.0,9.0,9.0,21.0,7.714285714285714,7.933333333333334,-0.9992500112396835,0.03872228089217399,17.0
277,10,2024,17.0,12.0,9.0,20.0,8.857142857142858,8.2,-0.9984354211555643,0.05591699010060302,6.0
278,10,2024,6.0,8.0,6.0,26.0,8.0,8.1,-0.9973249731081555,0.07309512989807776,6.0
279,10,2024,6.0,5.0,5.0,23.0,7.714285714285714,8.1,-0.9959189961471792,0.0902516100310407,8.0
280,10,2024,8.0,5.0,6.0,28.0,8.142857142857142,8.2,-0.994217906893952,0.10738134666416306,9.0
281,10,2024,9.0,6.0,8.0,16.0,8.714285714285714,8.3,-0.9922222094179324,0.12447926388678869,10.0
282,10,2024,10.0,9.0,8.0,15.0,9.285714285714286,8.366666666666667,-0.989932495087353,0.141540295217043,10.0
283,10,2024,10.0,17.0,5.0,13.0,9.428571428571429,8.433333333333334,-0.9873494423939864,0.15855938510313475,10.0
284,10,2024,10.0,6.0,5.0,14.0,8.428571428571429,8.6,-0.9844738167520923,0.17553149042142777,10.0
285,10,2024,10.0,6.0,10.0,20.0,9.0,8.766666666666667,-0.9813064702716093,0.19245158197082995,6.0
286,10,2024,6.0,8.0,8.0,16.0,9.0,8.633333333333333,-0.9778483415056567,0.20931464596304888,10.0
287,10,2024,10.0,9.0,5.0,16.0,9.285714285714286,8.7,-0.9741004551724206,0.22611568550828803,15.0
288,10,2024,15.0,10.0,5.0,14.0,10.142857142857142,9.033333333333333,-0.970063921851507,0.2428497220959358,15.0
289,10,2024,15.0,10.0,8.0,5.0,10.857142857142858,9.366666666666667,-0.965739937654855,0.25951179706979943,17.0
290,10,2024,17.0,10.0,8.0,9.0,11.857142857142858,9.666666666666666,-0.9611297838723007,0.27609697309746883,9.0
291,10,2024,9.0,10.0,7.0,17.0,11.714285714285714,9.7,-0.9562348265919058,0.2926003356333479,5.0
292,10,2024,5.0,6.0,5.0,24.0,11.0,9.633333333333333,-0.9510565162951536,0.30901699437494723,5.0
293,10,2024,5.0,10.0,8.0,10.0,10.857142857142858,9.633333333333333,-0.9455963874271428,0.3253420847119795,5.0
294,10,2024,5.0,15.0,11.0,11.0,10.142857142857142,9.533333333333333,-0.9398560579418953,0.341570769167856,5.0
295,10,2024,5.0,15.0,12.0,11.0,8.714285714285714,9.333333333333334,-0.9338372288229252,0.35769823883312546,10.0
296,10,2024,10.0,17.0,15.0,11.0,8.0,9.266666666666667,-0.9275416835791965,0.3737197147904692,13.0
297,10,2024,13.0,9.0,11.0,11.0,7.428571428571429,9.2,-0.9209712877166347,0.38963044953078774,16.0
298,10,2024,16.0,5.0,10.0,11.0,8.428571428571429,9.366666666666667,-0.9141279881853337,0.4054257283599973,8.0
299,10,2024,8.0,5.0,9.0,18.0,8.857142857142858,9.3,-0.9070138128026362,0.42110087079608916,9.0
300,10,2024,9.0,5.0,12.0,6.0,9.428571428571429,9.3,-0.8996308696522434,0.4366512319560638,5.0
301,10,2024,5.0,5.0,8.0,7.0,9.428571428571429,9.066666666666666,-0.8919813464595487,0.45207220393230374,5.0
302,10,2024,5.0,10.0,5.0,15.0,9.428571428571429,8.966666666666667,-0.8840675099433637,0.46735921715800205,8.0
303,10,2024,8.0,13.0,5.0,14.0,9.142857142857142,9.066666666666666,-0.8758917051442433,0.48250774176121763,13.0
304,10,2024,13.0,16.0,6.0,10.0,9.142857142857142,9.333333333333334,-0.8674563547295971,0.4975132889071803,14.0
305,10,2024,14.0,8.0,9.0,13.0,8.857142857142858,9.6,-0.858763958275803,0.5123714121284235,16.0
306,11,2024,16.0,9.0,17.0,13.0,10.0,9.833333333333334,-0.8498170915275277,0.5270777086423724,19.0
307,11,2024,19.0,5.0,6.0,7.0,11.428571428571429,9.9,-0.8406184056344783,0.5416278206559811,20.0
308,11,2024,20.0,5.0,6.0,9.0,13.571428571428571,10.366666666666667,-0.8311706263658079,0.5560174366570446,24.0
309,11,2024,24.0,8.0,8.0,11.0,16.285714285714285,10.966666666666667,-0.8214765533024145,0.5702422926917867,26.0
310,11,2024,26.0,13.0,9.0,12.0,18.857142857142858,11.566666666666666,-0.8115390590073611,0.5842981736283683,25.0
311,11,2024,25.0,14.0,10.0,17.0,20.571428571428573,12.1,-0.801361088174677,0.5981809144059158,30.0
312,11,2024,30.0,16.0,10.0,23.0,22.857142857142858,12.766666666666667,-0.7909456567567774,0.6118864012687242,31.0
313,11,2024,31.0,19.0,10.0,15.0,25.0,13.466666666666667,-0.780295851070776,0.6254105729852457,36.0
314,11,2024,36.0,20.0,10.0,19.0,27.428571428571427,14.333333333333334,-0.7694148268839381,0.6387494220515268,46.0
315,11,2024,46.0,24.0,6.0,15.0,31.142857142857142,15.533333333333333,-0.7583058084785625,0.6518989958787125,39.0
316,11,2024,39.0,26.0,10.0,9.0,33.285714285714285,16.633333333333333,-0.7469720876965551,0.6648553979642866,33.0
317,11,2024,33.0,25.0,15.0,24.0,34.285714285714285,17.4,-0.7354170229639858,0.6776147890466887,18.0
318,11,2024,18.0,30.0,15.0,30.0,33.285714285714285,17.5,-0.7236440382959124,0.690173388242972,21.0
319,11,2024,21.0,31.0,17.0,5.0,32.0,17.7,-0.711656622281775,0.7025274741691566,36.0
320,11,2024,36.0,36.0,9.0,19.0,32.714285714285715,18.333333333333332,-0.6994583270516471,0.7146733860429608,36.0
321,11,2024,36.0,46.0,5.0,9.0,32.714285714285715,19.233333333333334,-0.6870527672236675,0.7266075247685652,36.0
322,11,2024,36.0,39.0,5.0,18.0,31.285714285714285,20.266666666666666,-0.6744436188329457,0.7383263540031063,56.0
323,11,2024,56.0,33.0,5.0,22.0,33.714285714285715,21.966666666666665,-0.661634618242279,0.749826401204568,56.0
324,11,2024,56.0,18.0,5.0,34.0,37.0,23.666666666666668,-0.6486295610349818,0.7611042586607742,56.0
325,11,2024,56.0,21.0,10.0,38.0,42.42857142857143,25.366666666666667,-0.6354323008901775,0.7721565844991641,56.0
326,11,2024,56.0,36.0,13.0,21.0,47.42857142857143,26.9,-0.622046748440868,0.7829801036770624,8.0
327,11,2024,8.0,36.0,16.0,19.0,43.42857142857143,26.733333333333334,-0.6084768701151264,0.7935716089521472,8.0
328,11,2024,8.0,36.0,8.0,23.0,39.42857142857143,26.466666666666665,-0.594726686960764,0.8039279618328208,8.0
329,11,2024,8.0,56.0,9.0,5.0,35.42857142857143,26.466666666666665,-0.5808002734538013,0.8140460935082175,8.0
330,11,2024,8.0,56.0,5.0,18.0,28.571428571428573,26.433333333333334,-0.5667017562911184,0.8239230057575536,8.0
331,11,2024,8.0,56.0,5.0,26.0,21.714285714285715,26.533333333333335,-0.5524353131676203,0.8335557718385695,8.0
332,11,2024,8.0,56.0,8.0,17.0,14.857142857142858,26.633333333333333,-0.5380051715382992,0.8429415373547832,29.0
333,11,2024,29.0,8.0,13.0,17.0,11.0,27.333333333333332,-0.5234156073655503,0.8520775211013093,42.0
334,11,2024,42.0,8.0,14.0,19.0,15.857142857142858,28.3,-0.5086709438521042,0.8609610158889945,40.0
335,11,2024,40.0,8.0,16.0,27.0,20.428571428571427,29.166666666666668,-0.49377555015997737,0.8695893893466109,23.0
336,12,2024,23.0,8.0,19.0,8.0,22.571428571428573,29.4,-0.4787338401157883,0.8779600847008883,33.0
337,12,2024,33.0,8.0,20.0,12.0,26.142857142857142,29.866666666666667,-0.4635502709028512,0.8860706215341378,34.0
338,12,2024,34.0,8.0,24.0,22.0,29.857142857142858,30.333333333333332,-0.4482293417404106,0.893918596519257,43.0
339,12,2024,43.0,29.0,26.0,25.0,34.857142857142854,30.966666666666665,-0.4327755925504317,0.9015016841318838,41.0
340,12,2024,41.0,42.0,25.0,29.0,36.57142857142857,31.466666666666665,-0.41719360261231697,0.9088176373395028,29.0
341,12,2024,29.0,40.0,30.0,31.0,34.714285714285715,31.6,-0.4014879892059737,0.9158642882672868,43.0
342,12,2024,43.0,23.0,31.0,27.0,35.142857142857146,32.03333333333333,-0.38566340624360745,0.9226395488404875,53.0
343,12,2024,53.0,33.0,36.0,31.0,39.42857142857143,32.766666666666666,-0.3697245428906732,0.9291414114031743,41.0
344,12,2024,41.0,34.0,46.0,27.0,40.57142857142857,32.93333333333333,-0.3536761221763721,0.935367949313148,28.0
345,12,2024,28.0,43.0,39.0,31.0,39.714285714285715,32.333333333333336,-0.33752289959411347,0.941317317512847,27.0
346,12,2024,27.0,41.0,33.0,34.0,37.42857142857143,31.933333333333334,-0.32126966169236515,0.9469877530760751,13.0
347,12,2024,13.0,29.0,18.0,35.0,33.42857142857143,31.266666666666666,-0.3049212246562894,0.9523775757303973,34.0
348,12,2024,34.0,43.0,21.0,28.0,34.142857142857146,31.8,-0.2884824328806098,0.9574851883550389,43.0
349,12,2024,43.0,53.0,36.0,26.0,34.142857142857146,32.53333333333333,-0.27195815753410524,0.9623090774541487,43.0
350,12,2024,43.0,41.0,36.0,34.0,32.714285714285715,32.766666666666666,-0.2553532951161881,0.9668478136052773,30.0
351,12,2024,30.0,28.0,36.0,47.0,31.142857142857142,32.56666666666667,-0.23867276600594997,0.9711000518829505,36.0
352,12,2024,36.0,27.0,56.0,52.0,32.285714285714285,32.56666666666667,-0.22192151300416674,0.9750645322571945,60.0
353,12,2024,60.0,13.0,56.0,50.0,37.0,32.7,-0.20510449986861926,0.9787400799669153,46.0
354,12,2024,46.0,34.0,56.0,46.0,41.714285714285715,32.36666666666667,-0.1882267098432439,0.9821256058680006,44.0
355,12,2024,44.0,43.0,56.0,34.0,43.142857142857146,31.966666666666665,-0.1712931441814778,0.9852201067560606,16.0
356,12,2024,16.0,43.0,8.0,5.0,39.285714285714285,30.633333333333333,-0.154308820664281,0.9880226656636976,21.0
357,12,2024,21.0,30.0,8.0,15.0,36.142857142857146,31.066666666666666,-0.13727877211326517,0.9905324521322227,30.0
358,12,2024,30.0,36.0,8.0,12.0,36.142857142857146,31.8,-0.12020804489935275,0.9927487224577402,5.0
359,12,2024,5.0,60.0,8.0,17.0,31.714285714285715,31.7,-0.10310169744743544,0.9946708199115211,11.0
360,12,2024,11.0,46.0,8.0,28.0,24.714285714285715,31.8,-0.0859647987374467,0.9962981749346077,36.0
361,12,2024,36.0,44.0,8.0,33.0,23.285714285714285,32.733333333333334,-0.06880242680232064,0.9976303053065857,35.0
362,12,2024,35.0,16.0,29.0,36.0,22.0,33.63333333333333,-0.05161966722325418,0.9986668162884759,48.0
363,12,2024,48.0,21.0,42.0,36.0,26.571428571428573,34.266666666666666,-0.034421611622745804,0.9994074007397048,49.0
364,12,2024,49.0,30.0,40.0,26.0,30.571428571428573,34.5,-0.01721335615583528,0.9998518392091162,47.0
365,12,2024,47.0,5.0,23.0,31.0,33.0,34.733333333333334,6.432490598706546e-16,1.0,54.0
366,12,2024,54.0,11.0,33.0,47.0,40.0,35.766666666666666,0.017213356155833904,0.9998518392091162,65.0
1,1,2025,65.0,36.0,34.0,29.0,47.714285714285715,36.833333333333336,0.017213356155834685,0.9998518392091162,134.0
2,1,2025,134.0,35.0,43.0,31.0,61.714285714285715,40.166666666666664,0.03442161162274574,0.9994074007397048,52.0
3,1,2025,52.0,48.0,41.0,20.0,64.14285714285714,40.46666666666667,0.051619667223253764,0.998666816288476,43.0
4,1,2025,43.0,49.0,29.0,13.0,63.42857142857143,40.53333333333333,0.06880242680231986,0.9976303053065857,44.0
5,1,2025,44.0,47.0,43.0,14.0,62.714285714285715,41.03333333333333,0.08596479873744647,0.9962981749346078,43.0
6,1,2025,43.0,54.0,53.0,16.0,62.142857142857146,41.03333333333333,0.10310169744743485,0.9946708199115211,37.0
7,1,2025,37.0,65.0,41.0,9.0,59.714285714285715,40.5,0.1202080448993527,0.9927487224577402,34.0
8,1,2025,34.0,134.0,28.0,11.0,55.285714285714285,40.266666666666666,0.13727877211326478,0.9905324521322229,34.0
9,1,2025,34.0,52.0,27.0,15.0,41.0,40.46666666666667,0.15430882066428117,0.9880226656636976,30.0
10,1,2025,30.0,43.0,13.0,27.0,37.857142857142854,40.56666666666667,0.1712931441814776,0.9852201067560606,21.0
11,1,2025,21.0,44.0,34.0,40.0,34.714285714285715,40.833333333333336,0.1882267098432442,0.9821256058680006,21.0
12,1,2025,21.0,43.0,43.0,40.0,31.428571428571427,40.4,0.2051044998686192,0.9787400799669153,33.0
13,1,2025,33.0,37.0,43.0,40.0,30.0,40.06666666666667,0.2219215130041655,0.9750645322571948,30.0
14,1,2025,30.0,34.0,30.0,35.0,29.0,39.63333333333333,0.2386727660059501,0.9711000518829505,30.0
15,1,2025,30.0,34.0,36.0,42.0,28.428571428571427,39.63333333333333,0.255353295116187,0.9668478136052775,50.0
16,1,2025,50.0,30.0,60.0,43.0,30.714285714285715,40.1,0.2719581575341055,0.9623090774541486,34.0
17,1,2025,34.0,21.0,46.0,33.0,31.285714285714285,39.233333333333334,0.288482432880609,0.9574851883550393,23.0
18,1,2025,23.0,21.0,44.0,16.0,31.571428571428573,38.46666666666667,0.30492122465628907,0.9523775757303974,31.0
19,1,2025,31.0,33.0,16.0,13.0,33.0,38.03333333333333,0.3212696616923644,0.9469877530760753,15.0
20,1,2025,15.0,30.0,21.0,26.0,30.428571428571427,38.0,0.3375228995941133,0.9413173175128471,15.0
21,1,2025,15.0,30.0,30.0,37.0,28.285714285714285,37.8,0.3536761221763716,0.9353679493131483,11.0
22,1,2025,11.0,50.0,5.0,30.0,25.571428571428573,37.166666666666664,0.3697245428906731,0.9291414114031743,25.0
23,1,2025,25.0,34.0,11.0,44.0,22.0,37.833333333333336,0.38566340624360707,0.9226395488404876,24.0
24,1,2025,24.0,23.0,36.0,53.0,20.571428571428573,38.266666666666666,0.401487989205973,0.9158642882672872,32.0
25,1,2025,32.0,31.0,35.0,58.0,21.857142857142858,38.13333333333333,0.4171936026123168,0.9088176373395029,34.0
26,1,2025,34.0,15.0,48.0,47.0,22.285714285714285,38.1,0.4327755925504312,0.901501684131884,16.0
27,1,2025,16.0,15.0,49.0,38.0,22.428571428571427,37.03333333333333,0.4482293417404106,0.893918596519257,18.0
28,1,2025,18.0,11.0,47.0,42.0,22.857142857142858,36.0,0.4635502709028509,0.886070621534138,15.0
29,1,2025,15.0,25.0,54.0,58.0,23.428571428571427,34.93333333333333,0.47873384011578846,0.8779600847008882,21.0
30,1,2025,21.0,24.0,65.0,57.0,22.857142857142858,33.833333333333336,0.49377555015997715,0.869589389346611,23.0
31,1,2025,23.0,32.0,134.0,48.0,22.714285714285715,32.43333333333333,0.5086709438521044,0.8609610158889943,29.0
32,2,2025,29.0,34.0,52.0,36.0,22.285714285714285,28.933333333333334,0.5234156073655503,0.8520775211013093,3.0
33,2,2025,3.0,16.0,43.0,29.0,17.857142857142858,27.3,0.5380051715382996,0.8429415373547828,8.0
34,2,2025,8.0,18.0,44.0,16.0,16.714285714285715,26.133333333333333,0.5524353131676196,0.8335557718385699,17.0
35,2,2025,17.0,15.0,43.0,11.0,16.571428571428573,25.233333333333334,0.5667017562911176,0.8239230057575542,32.0
36,2,2025,32.0,21.0,37.0,33.0,19.0,24.866666666666667,0.5808002734538009,0.8140460935082178,29.0
37,2,2025,29.0,23.0,34.0,29.0,20.142857142857142,24.6,0.5947266869607634,0.8039279618328213,42.0
38,2,2025,42.0,29.0,34.0,32.0,22.857142857142858,24.866666666666667,0.6084768701151261,0.7935716089521474,28.0
39,2,2025,28.0,3.0,30.0,17.0,22.714285714285715,24.666666666666668,0.6220467484408675,0.7829801036770629,24.0
40,2,2025,24.0,8.0,21.0,5.0,25.714285714285715,24.466666666666665,0.6354323008901774,0.7721565844991642,14.0
41,2,2025,14.0,17.0,21.0,7.0,26.571428571428573,24.233333333333334,0.6486295610349814,0.7611042586607747,21.0
42,2,2025,21.0,32.0,33.0,17.0,27.142857142857142,24.233333333333334,0.6616346182422783,0.7498264012045686,32.0
43,2,2025,32.0,29.0,30.0,17.0,27.142857142857142,24.2,0.6744436188329455,0.7383263540031065,30.0
44,2,2025,30.0,42.0,30.0,23.0,27.285714285714285,24.2,0.6870527672236669,0.7266075247685656,33.0
45,2,2025,33.0,28.0,50.0,31.0,26.0,24.3,0.699458327051647,0.7146733860429609,20.0
46,2,2025,20.0,24.0,34.0,41.0,24.857142857142858,23.3,0.7116566222817746,0.7025274741691571,20.0
47,2,2025,20.0,14.0,23.0,46.0,24.285714285714285,22.833333333333332,0.7236440382959124,0.6901733882429719,20.0
48,2,2025,20.0,21.0,31.0,49.0,25.142857142857142,22.733333333333334,0.7354170229639855,0.6776147890466889,20.0
49,2,2025,20.0,32.0,15.0,53.0,25.0,22.366666666666667,0.7469720876965552,0.6648553979642865,20.0
50,2,2025,20.0,30.0,15.0,36.0,23.285714285714285,22.533333333333335,0.7583058084785624,0.6518989958787126,20.0
51,2,2025,20.0,33.0,11.0,36.0,21.857142857142858,22.7,0.7694148268839378,0.6387494220515272,20.0
52,2,2025,20.0,20.0,25.0,43.0,20.0,23.0,0.7802958510707755,0.6254105729852463,20.0
53,2,2025,20.0,20.0,24.0,11.0,20.0,22.833333333333332,0.7909456567567772,0.6118864012687243,20.0
54,2,2025,20.0,20.0,32.0,18.0,20.0,22.7,0.8013610881746766,0.5981809144059165,20.0
55,2,2025,20.0,20.0,34.0,11.0,20.0,22.3,0.8115390590073611,0.5842981736283684,20.0
56,2,2025,20.0,20.0,16.0,5.0,20.0,21.833333333333332,0.8214765533024142,0.5702422926917871,20.0
57,2,2025,20.0,20.0,18.0,5.0,20.0,21.966666666666665,0.8311706263658079,0.5560174366570446,19.0
58,2,2025,19.0,20.0,15.0,6.0,19.857142857142858,22.0,0.8406184056344782,0.5416278206559814,14.0
59,2,2025,14.0,20.0,21.0,5.0,19.0,21.966666666666665,0.8498170915275278,0.5270777086423722,19.0
60,3,2025,19.0,20.0,23.0,5.0,18.857142857142858,21.9,0.8587639582758029,0.5123714121284237,19.0
61,3,2025,19.0,20.0,29.0,7.0,18.714285714285715,21.766666666666666,0.8674563547295969,0.49751328890718066,28.0
62,3,2025,28.0,20.0,3.0,5.0,19.857142857142858,21.733333333333334,0.8758917051442429,0.48250774176121847,28.0
63,3,2025,28.0,20.0,8.0,5.0,21.0,22.566666666666666,0.8840675099433636,0.4673592171580022,25.0
64,3,2025,25.0,19.0,17.0,8.0,21.714285714285715,23.133333333333333,0.8919813464595485,0.45207220393230435,28.0
65,3,2025,28.0,14.0,32.0,5.0,23.0,23.5,0.8996308696522433,0.43665123195606403,26.0
66,3,2025,26.0,19.0,29.0,7.0,24.714285714285715,23.3,0.9070138128026359,0.4211008707960896,30.0
67,3,2025,30.0,19.0,42.0,14.0,26.285714285714285,23.333333333333332,0.9141279881853337,0.40542572835999735,32.0
68,3,2025,32.0,28.0,28.0,5.0,28.142857142857142,23.0,0.9209712877166346,0.38963044953078796,34.0
69,3,2025,34.0,28.0,24.0,5.0,29.0,23.2,0.9275416835791966,0.37371971479046906,34.0
70,3,2025,34.0,25.0,14.0,6.0,29.857142857142858,23.533333333333335,0.9338372288229252,0.35769823883312546,10.0
71,3,2025,10.0,28.0,21.0,7.0,27.714285714285715,23.4,0.9398560579418954,0.3415707691678556,7.0
72,3,2025,7.0,26.0,32.0,6.0,24.714285714285715,22.933333333333334,0.9455963874271426,0.3253420847119801,11.0
73,3,2025,11.0,30.0,30.0,5.0,22.571428571428573,22.233333333333334,0.9510565162951535,0.30901699437494745,6.0
74,3,2025,6.0,32.0,33.0,13.0,19.142857142857142,21.433333333333334,0.9562348265919056,0.29260033563334836,3.0
75,3,2025,3.0,34.0,20.0,10.0,15.0,20.433333333333334,0.9611297838723007,0.27609697309746883,4.0
76,3,2025,4.0,34.0,20.0,12.0,10.714285714285714,19.9,0.9657399376548549,0.2595117970697999,10.0
77,3,2025,10.0,10.0,20.0,17.0,7.285714285714286,19.566666666666666,0.9700639218515071,0.2428497220959356,9.0
78,3,2025,9.0,7.0,20.0,14.0,7.142857142857143,19.2,0.9741004551724205,0.22611568550828828,15.0
79,3,2025,15.0,11.0,20.0,19.0,8.285714285714286,19.033333333333335,0.9778483415056568,0.20931464596304847,21.0
80,3,2025,21.0,6.0,20.0,26.0,9.714285714285714,19.066666666666666,0.9813064702716093,0.19245158197082998,17.0
81,3,2025,17.0,3.0,20.0,32.0,11.285714285714286,18.966666666666665,0.9844738167520922,0.1755314904214282,5.0
82,3,2025,5.0,4.0,20.0,19.0,11.571428571428571,18.466666666666665,0.9873494423939864,0.15855938510313475,5.0
83,3,2025,5.0,10.0,20.0,5.0,11.714285714285714,17.966666666666665,0.989932495087353,0.141540295217043,5.0
84,3,2025,5.0,9.0,20.0,5.0,11.0,17.466666666666665,0.9922222094179323,0.12447926388678915,5.0
85,3,2025,5.0,15.0,20.0,6.0,10.428571428571429,16.966666666666665,0.994217906893952,0.10738134666416309,8.0
86,3,2025,8.0,21.0,20.0,5.0,9.428571428571429,16.566666666666666,0.995918996147179,0.09025161003104117,10.0
87,3,2025,10.0,17.0,19.0,9.0,7.857142857142857,16.233333333333334,0.9973249731081555,0.07309512989807777,11.0
88,3,2025,11.0,5.0,14.0,9.0,7.0,15.966666666666667,0.9984354211555643,0.055916990100603484,15.0
89,3,2025,15.0,5.0,19.0,14.0,8.428571428571429,16.0,0.9992500112396835,0.03872228089217446,13.0
90,3,2025,13.0,5.0,19.0,6.0,9.571428571428571,15.8,0.9997685019798909,0.021516097436222254,10.0
91,4,2025,10.0,5.0,28.0,5.0,10.285714285714286,15.5,0.9999907397361901,0.004303538296244289,6.0
92,4,2025,6.0,8.0,28.0,5.0,10.428571428571429,14.766666666666667,0.9999166586547379,-0.01291029607500882,8.0
93,4,2025,8.0,10.0,25.0,6.0,10.428571428571429,14.1,0.9995462806873573,-0.030120304846908114,12.0
94,4,2025,12.0,11.0,28.0,7.0,10.714285714285714,13.666666666666666,0.9988797155850336,-0.04732138832243185,14.0
95,4,2025,14.0,15.0,26.0,5.0,11.142857142857142,13.2,0.9979171608653922,-0.06450844944931623,18.0
96,4,2025,18.0,13.0,30.0,9.0,11.571428571428571,12.933333333333334,0.9966589017541702,-0.08167639533042241,14.0
97,4,2025,14.0,10.0,32.0,11.0,11.714285714285714,12.4,0.9951053111006976,-0.09882013873287143,8.0
98,4,2025,8.0,6.0,34.0,13.0,11.428571428571429,11.6,0.9932568492674143,-0.11593459959550041,10.0
99,4,2025,10.0,8.0,34.0,9.0,12.0,10.8,0.9911140639934547,-0.1330147065341959,21.0
100,4,2025,21.0,12.0,10.0,5.0,13.857142857142858,10.366666666666667,0.9886775902323405,-0.1500553983446526,21.0
101,4,2025,21.0,14.0,7.0,6.0,15.142857142857142,10.733333333333333,0.9859481499638304,-0.16705162550211924,16.0
102,4,2025,16.0,18.0,11.0,10.0,15.428571428571429,11.033333333333333,0.9829265519799822,-0.18399835165768005,14.0
103,4,2025,14.0,14.0,6.0,13.0,14.857142857142858,11.133333333333333,0.9796136916454901,-0.20089055513063506,9.0
104,4,2025,9.0,8.0,3.0,12.0,14.142857142857142,11.233333333333333,0.9760105506323683,-0.21772323039653177,9.0
105,4,2025,9.0,10.0,4.0,12.0,14.285714285714286,11.433333333333334,0.9721181966290613,-0.23449138957040985,2.0
106,4,2025,2.0,21.0,10.0,12.0,13.142857142857142,11.366666666666667,0.9679377830240642,-0.25119006388481935,4.0
107,4,2025,4.0,21.0,9.0,5.0,10.714285714285714,11.166666666666666,0.9634705485641488,-0.2678143051621742,2.0
108,4,2025,2.0,16.0,15.0,5.0,8.0,10.933333333333334,0.9587178169872964,-0.2843591872810034,5.0
109,4,2025,5.0,14.0,21.0,5.0,6.428571428571429,10.6,0.9536809966304457,-0.30081980763566735,6.0
110,4,2025,6.0,9.0,17.0,5.0,5.285714285714286,10.1,0.9483615800121715,-0.3171912885891061,6.0
111,4,2025,6.0,9.0,5.0,5.0,4.857142857142857,9.733333333333333,0.9427611433904207,-0.3334687789181868,6.0
112,4,2025,6.0,2.0,5.0,5.0,4.428571428571429,9.766666666666667,0.9368813462954315,-0.3496474552512284,9.0
113,4,2025,9.0,4.0,5.0,5.0,5.428571428571429,9.9,0.9307239310379795,-0.36572252349726897,11.0
114,4,2025,11.0,2.0,5.0,5.0,6.428571428571429,10.1,0.9242907221930933,-0.3816892202666588,6.0
115,4,2025,6.0,5.0,8.0,5.0,7.0,10.133333333333333,0.9175836260593937,-0.39754281428255595,8.0
116,4,2025,8.0,6.0,10.0,7.0,7.428571428571429,10.133333333333333,0.9106046300942162,-0.4132786077829042,8.0
117,4,2025,8.0,6.0,11.0,8.0,7.714285714285714,10.066666666666666,0.9033558023246845,-0.4288919379124835,8.0
118,4,2025,8.0,6.0,15.0,5.0,8.0,9.966666666666667,0.895839290734909,-0.4443781781046132,8.0
119,4,2025,8.0,9.0,13.0,7.0,8.285714285714286,9.733333333333333,0.8880573226294932,-0.45973273945210397,7.0
120,4,2025,7.0,11.0,10.0,8.0,8.0,9.533333333333333,0.8800122039735357,-0.47495107206704995,12.0
121,5,2025,12.0,6.0,6.0,5.0,8.142857142857142,9.6,0.8717063187093218,-0.4900286664290592,12.0
122,5,2025,12.0,8.0,8.0,5.0,9.0,9.8,0.8631421280499114,-0.5049610547215204,11.0
123,5,2025,11.0,8.0,12.0,5.0,9.428571428571429,9.9,0.854322169749827,-0.5197438121555155,13.0
124,5,2025,13.0,8.0,14.0,5.0,10.142857142857142,9.933333333333334,0.8452490573530633,-0.5343725582809786,11.0
125,5,2025,11.0,8.0,18.0,5.0,10.571428571428571,9.833333333333334,0.8359254794186372,-0.548842958284719,7.0
126,5,2025,7.0,7.0,14.0,5.0,10.428571428571429,9.466666666666667,0.8263541987239096,-0.5631507242749186,6.0
127,5,2025,6.0,12.0,8.0,5.0,10.285714285714286,9.2,0.8165380514459161,-0.5772916165517272,6.0
128,5,2025,6.0,12.0,10.0,5.0,9.428571428571429,9.133333333333333,0.8064799463209448,-0.5912614448635781,8.0
129,5,2025,8.0,11.0,21.0,5.0,8.857142857142858,9.066666666666666,0.7961828637826158,-0.6050560696488488,7.0
130,5,2025,7.0,13.0,21.0,6.0,8.285714285714286,8.6,0.7856498550787147,-0.6186714032625031,12.0
131,5,2025,12.0,11.0,16.0,8.0,8.142857142857142,8.3,0.7748840413670407,-0.6321034111873487,11.0
132,5,2025,11.0,7.0,14.0,8.0,8.142857142857142,8.133333333333333,0.7638886127905428,-0.6453481132295501,10.0
133,5,2025,10.0,6.0,9.0,5.0,8.571428571428571,8.0,0.7526668275320085,-0.6584015846980488,9.0
134,5,2025,9.0,6.0,9.0,5.0,9.0,8.0,0.7412220108485958,-0.6712599575675313,11.0
135,5,2025,11.0,8.0,2.0,5.0,9.714285714285714,8.066666666666666,0.7295575540864875,-0.6839194216246106,13.0
136,5,2025,13.0,7.0,4.0,5.0,10.428571428571429,8.433333333333334,0.717676913675962,-0.6963762255968722,9.0
137,5,2025,9.0,12.0,2.0,5.0,10.714285714285714,8.6,0.705583610107178,-0.7086266782644596,9.0
138,5,2025,9.0,11.0,5.0,5.0,10.285714285714286,8.833333333333334,0.6932812268869777,-0.7206671495538609,9.0
139,5,2025,9.0,10.0,6.0,5.0,10.0,8.966666666666667,0.6807734094770161,-0.7324940716135789,13.0
140,5,2025,13.0,9.0,6.0,5.0,10.428571428571429,9.2,0.6680638642135335,-0.7441039398713607,5.0
141,5,2025,5.0,11.0,6.0,5.0,9.857142857142858,9.166666666666666,0.6551563572090853,-0.7554933140726803,3.0
142,5,2025,3.0,13.0,9.0,5.0,8.714285714285714,9.066666666666666,0.6420547132365637,-0.766658819300159,5.0
143,5,2025,5.0,9.0,11.0,5.0,7.571428571428571,8.933333333333334,0.6287628145958344,-0.7775971469736269,9.0
144,5,2025,9.0,9.0,6.0,5.0,7.571428571428571,8.866666666666667,0.6152845999633276,-0.7883050558305255,9.0
145,5,2025,9.0,9.0,8.0,5.0,7.571428571428571,8.966666666666667,0.6016240632249226,-0.7987793728863649,14.0
146,5,2025,14.0,13.0,8.0,6.0,8.285714285714286,9.166666666666666,0.5877852522924732,-0.8090169943749473,12.0
147,5,2025,12.0,5.0,8.0,6.0,8.142857142857142,9.3,0.5737722679043246,-0.8190148866680801,12.0
148,5,2025,12.0,3.0,8.0,5.0,9.142857142857142,9.433333333333334,0.5595892624101765,-0.8287700871745038,14.0
149,5,2025,14.0,5.0,7.0,8.0,10.714285714285714,9.633333333333333,0.545240438540651,-0.8382797052177744,14.0
150,5,2025,14.0,9.0,12.0,7.0,12.0,9.866666666666667,0.5307300481619334,-0.8475409228928311,18.0
151,5,2025,18.0,9.0,12.0,5.0,13.285714285714286,10.066666666666666,0.5160623910158528,-0.8565509959010036,24.0
152,6,2025,24.0,14.0,11.0,5.0,15.428571428571429,10.466666666666667,0.5012418134457758,-0.865307254363206,23.0
153,6,2025,23.0,12.0,13.0,5.0,16.714285714285715,10.866666666666667,0.48627270710868997,-0.8738071036110808,11.0
154,6,2025,11.0,12.0,11.0,5.0,16.571428571428573,10.8,0.4711595076738638,-0.8820480249558537,11.0
155,6,2025,11.0,14.0,7.0,5.0,16.428571428571427,10.8,0.4559066935084588,-0.8900275764346767,9.0
156,6,2025,9.0,14.0,6.0,5.0,15.714285714285714,10.866666666666667,0.440518784350495,-0.8977433935342337,13.0
157,6,2025,13.0,18.0,6.0,6.0,15.571428571428571,11.1,0.42500033996955416,-0.9051931898913974,18.0
158,6,2025,18.0,24.0,8.0,7.0,15.571428571428571,11.5,0.4093559588156213,-0.9123747579707273,14.0
159,6,2025,14.0,23.0,7.0,9.0,14.142857142857142,11.7,0.39359027665646673,-0.9192859697186104,17.0
160,6,2025,17.0,11.0,12.0,6.0,13.285714285714286,12.033333333333333,0.3777079652039649,-0.9259247771938498,27.0
161,6,2025,27.0,11.0,11.0,5.0,15.571428571428571,12.533333333333333,0.36171373072976765,-0.9322892131745133,26.0
162,6,2025,26.0,9.0,10.0,5.0,17.714285714285715,13.033333333333333,0.3456123126707335,-0.9383773917408641,28.0
163,6,2025,28.0,13.0,9.0,5.0,20.428571428571427,13.633333333333333,0.3294084822245304,-0.9441875088341993,31.0
164,6,2025,31.0,18.0,11.0,5.0,23.0,14.366666666666667,0.3131070409358269,-0.9497178427914316,29.0
165,6,2025,29.0,14.0,13.0,5.0,24.571428571428573,14.966666666666667,0.29671281927349075,-0.9549667548552551,34.0
166,6,2025,34.0,17.0,9.0,6.0,27.428571428571427,15.666666666666666,0.28023067519921585,-0.9599326896597447,34.0
167,6,2025,34.0,27.0,9.0,5.0,29.857142857142858,16.5,0.26366549272800704,-0.9646141756912435,34.0
168,6,2025,34.0,26.0,9.0,6.0,30.857142857142858,17.333333333333332,0.24702218048093552,-0.9690098257244062,34.0
169,6,2025,34.0,28.0,13.0,7.0,32.0,18.166666666666668,0.23030567023061221,-0.9731183372332619,34.0
170,6,2025,34.0,31.0,5.0,9.0,32.857142857142854,18.866666666666667,0.21352091543979612,-0.9769384927771817,34.0
171,6,2025,34.0,29.0,3.0,8.0,33.285714285714285,19.833333333333332,0.19667288979357647,-0.980469160361632,34.0
172,6,2025,34.0,34.0,5.0,5.0,34.0,20.866666666666667,0.1797665857255624,-0.9837092937736097,34.0
173,6,2025,34.0,34.0,9.0,5.0,34.0,21.833333333333332,0.16280701293851715,-0.986657932891657,34.0
174,6,2025,34.0,34.0,9.0,5.0,34.0,22.666666666666668,0.1457991969198751,-0.9893142039703663,34.0
175,6,2025,34.0,34.0,14.0,5.0,34.0,23.5,0.12874817745258132,-0.99167731989929,34.0
176,6,2025,34.0,34.0,12.0,5.0,34.0,24.166666666666668,0.11165900712169512,-0.993746580436178,34.0
177,6,2025,34.0,34.0,12.0,5.0,34.0,24.9,0.09453674981719912,-0.9955213724144752,34.0
178,6,2025,34.0,34.0,14.0,5.0,34.0,25.633333333333333,0.07738647923346301,-0.9970011699250151,34.0
179,6,2025,34.0,34.0,14.0,5.0,34.0,26.3,0.06021327736579302,-0.9981855344718586,34.0
180,6,2025,34.0,34.0,18.0,5.0,34.0,26.966666666666665,0.04302223300453059,-0.99907411510223,34.0
181,6,2025,34.0,34.0,24.0,12.0,34.0,27.5,0.02581844022713308,-0.9996666485105112,34.0
182,7,2025,34.0,34.0,23.0,5.0,34.0,27.833333333333332,0.008606996888688698,-0.9999629591162655,34.0
183,7,2025,34.0,34.0,11.0,5.0,34.0,28.2,-0.008606996888688009,-0.9999629591162655,8.0
184,7,2025,8.0,34.0,11.0,5.0,30.285714285714285,28.1,-0.02581844022713239,-0.9996666485105112,8.0
185,7,2025,8.0,34.0,9.0,5.0,26.571428571428573,28.0,-0.04302223300453034,-0.99907411510223,8.0
186,7,2025,8.0,34.0,13.0,5.0,22.857142857142858,27.966666666666665,-0.060213277365792774,-0.9981855344718586,8.0
187,7,2025,8.0,34.0,18.0,6.0,19.142857142857142,27.8,-0.07738647923346322,-0.9970011699250151,8.0
188,7,2025,8.0,34.0,14.0,7.0,15.428571428571429,27.466666666666665,-0.09453674981719933,-0.9955213724144752,8.0
189,7,2025,8.0,34.0,17.0,5.0,11.714285714285714,27.266666666666666,-0.11165900712169444,-0.9937465804361781,8.0
190,7,2025,8.0,8.0,27.0,5.0,8.0,26.966666666666665,-0.12874817745258066,-0.99167731989929,8.0
191,7,2025,8.0,8.0,26.0,14.0,8.0,26.333333333333332,-0.14579919691987442,-0.9893142039703664,8.0
192,7,2025,8.0,8.0,28.0,12.0,8.0,25.733333333333334,-0.16280701293851646,-0.9866579328916572,8.0
193,7,2025,8.0,8.0,31.0,5.0,8.0,25.066666666666666,-0.17976658572556214,-0.9837092937736098,6.0
194,7,2025,6.0,8.0,29.0,5.0,7.714285714285714,24.233333333333334,-0.19667288979357622,-0.9804691603616321,8.0
195,7,2025,8.0,8.0,34.0,6.0,7.714285714285714,23.533333333333335,-0.2135209154397959,-0.9769384927771817,9.0
196,7,2025,9.0,8.0,34.0,7.0,7.857142857142857,22.7,-0.23030567023061196,-0.973118337233262,10.0
197,7,2025,10.0,8.0,34.0,7.0,8.142857142857142,21.9,-0.24702218048093527,-0.9690098257244063,7.0
198,7,2025,7.0,8.0,34.0,8.0,8.0,21.0,-0.2636654927280072,-0.9646141756912435,9.0
199,7,2025,9.0,8.0,34.0,11.0,8.142857142857142,20.166666666666668,-0.2802306751992161,-0.9599326896597445,6.0
200,7,2025,6.0,6.0,34.0,13.0,7.857142857142857,19.233333333333334,-0.2967128192734901,-0.9549667548552553,10.0
201,7,2025,10.0,8.0,34.0,7.0,8.428571428571429,18.433333333333334,-0.3131070409358267,-0.9497178427914317,7.0
202,7,2025,7.0,9.0,34.0,7.0,8.285714285714286,17.533333333333335,-0.3294084822245302,-0.9441875088341994,5.0
203,7,2025,5.0,10.0,34.0,5.0,7.714285714285714,16.566666666666666,-0.3456123126707333,-0.9383773917408642,4.0
204,7,2025,4.0,7.0,34.0,9.0,6.857142857142857,15.566666666666666,-0.3617137307297674,-0.9322892131745134,5.0
205,7,2025,5.0,9.0,34.0,11.0,6.571428571428571,14.6,-0.37770796520396466,-0.9259247771938499,6.0
206,7,2025,6.0,6.0,34.0,9.0,6.142857142857143,13.666666666666666,-0.39359027665646645,-0.9192859697186105,6.0
207,7,2025,6.0,10.0,34.0,9.0,6.142857142857143,12.733333333333333,-0.4093559588156211,-0.9123747579707274,6.0
208,7,2025,6.0,7.0,34.0,10.0,5.571428571428571,11.8,-0.42500033996955394,-0.9051931898913975,6.0
209,7,2025,6.0,5.0,34.0,12.0,5.428571428571429,10.866666666666667,-0.4405187843504952,-0.8977433935342336,6.0
210,7,2025,6.0,4.0,34.0,10.0,5.571428571428571,9.933333333333334,-0.455906693508459,-0.8900275764346766,6.0
211,7,2025,6.0,5.0,34.0,11.0,5.857142857142857,9.0,-0.47115950767386394,-0.8820480249558535,6.0
212,7,2025,6.0,6.0,34.0,13.0,6.0,8.066666666666666,-0.4862727071086902,-0.8738071036110807,6.0
213,8,2025,6.0,6.0,8.0,16.0,6.0,7.133333333333334,-0.5012418134457756,-0.8653072543632061,6.0
214,8,2025,6.0,6.0,8.0,12.0,6.0,7.066666666666666,-0.5160623910158526,-0.8565509959010037,4.0
215,8,2025,4.0,6.0,8.0,9.0,5.714285714285714,6.933333333333334,-0.5307300481619331,-0.8475409228928312,2.0
216,8,2025,2.0,6.0,8.0,11.0,5.142857142857143,6.733333333333333,-0.5452404385406507,-0.8382797052177745,5.0
217,8,2025,5.0,6.0,8.0,10.0,5.0,6.633333333333334,-0.5595892624101763,-0.828770087174504,7.0
218,8,2025,7.0,6.0,8.0,11.0,5.142857142857143,6.6,-0.5737722679043243,-0.8190148866680802,7.0
219,8,2025,7.0,6.0,8.0,6.0,5.285714285714286,6.566666666666666,-0.5877852522924734,-0.8090169943749472,6.0
220,8,2025,6.0,6.0,8.0,6.0,5.285714285714286,6.5,-0.6016240632249227,-0.7987793728863648,10.0
221,8,2025,10.0,4.0,8.0,8.0,5.857142857142857,6.566666666666666,-0.6152845999633277,-0.7883050558305253,11.0
222,8,2025,11.0,2.0,8.0,10.0,6.857142857142857,6.666666666666667,-0.6287628145958345,-0.7775971469736268,14.0
223,8,2025,14.0,5.0,6.0,11.0,8.571428571428571,6.866666666666666,-0.6420547132365636,-0.7666588193001592,12.0
224,8,2025,12.0,7.0,8.0,11.0,9.571428571428571,7.066666666666666,-0.655156357209085,-0.7554933140726804,15.0
225,8,2025,15.0,7.0,9.0,7.0,10.714285714285714,7.3,-0.6680638642135333,-0.7441039398713608,15.0
226,8,2025,15.0,6.0,10.0,5.0,11.857142857142858,7.5,-0.6807734094770159,-0.7324940716135792,15.0
227,8,2025,15.0,10.0,7.0,5.0,13.142857142857142,7.666666666666667,-0.6932812268869771,-0.7206671495538615,9.0
228,8,2025,9.0,11.0,9.0,5.0,13.0,7.733333333333333,-0.7055836101071774,-0.70862667826446,8.0
229,8,2025,8.0,14.0,6.0,8.0,12.571428571428571,7.7,-0.7176769136759615,-0.6963762255968726,7.0
230,8,2025,7.0,12.0,10.0,5.0,11.571428571428571,7.733333333333333,-0.7295575540864876,-0.6839194216246105,7.0
231,8,2025,7.0,15.0,7.0,5.0,10.857142857142858,7.633333333333334,-0.7412220108485957,-0.6712599575675315,12.0
232,8,2025,12.0,15.0,5.0,5.0,10.428571428571429,7.8,-0.7526668275320083,-0.6584015846980489,7.0
233,8,2025,7.0,15.0,4.0,11.0,9.285714285714286,7.866666666666666,-0.7638886127905429,-0.64534811322955,6.0
234,8,2025,6.0,9.0,5.0,13.0,8.0,7.933333333333334,-0.7748840413670406,-0.6321034111873488,5.0
235,8,2025,5.0,8.0,6.0,15.0,7.428571428571429,7.933333333333334,-0.7856498550787144,-0.6186714032625032,8.0
236,8,2025,8.0,7.0,6.0,13.0,7.428571428571429,8.0,-0.7961828637826154,-0.6050560696488494,8.0
237,8,2025,8.0,7.0,6.0,12.0,7.571428571428571,8.066666666666666,-0.8064799463209447,-0.5912614448635782,7.0
238,8,2025,7.0,12.0,6.0,10.0,7.571428571428571,8.1,-0.8165380514459157,-0.5772916165517278,7.0
239,8,2025,7.0,7.0,6.0,9.0,6.857142857142857,8.133333333333333,-0.8263541987239094,-0.5631507242749187,7.0
240,8,2025,7.0,6.0,6.0,17.0,6.857142857142857,8.166666666666666,-0.8359254794186365,-0.5488429582847199,6.0
241,8,2025,6.0,5.0,6.0,16.0,6.857142857142857,8.166666666666666,-0.8452490573530634,-0.5343725582809785,4.0
242,8,2025,4.0,8.0,6.0,18.0,6.714285714285714,8.1,-0.8543221697498269,-0.5197438121555157,6.0
243,8,2025,6.0,8.0,6.0,19.0,6.428571428571429,8.1,-0.8631421280499115,-0.5049610547215202,3.0
244,9,2025,3.0,7.0,4.0,16.0,5.714285714285714,8.0,-0.8717063187093217,-0.4900286664290594,5.0
245,9,2025,5.0,7.0,2.0,9.0,5.428571428571429,8.033333333333333,-0.8800122039735356,-0.4749510720670502,6.0
246,9,2025,6.0,7.0,5.0,9.0,5.285714285714286,8.166666666666666,-0.888057322629493,-0.4597327394521046,3.0
247,9,2025,3.0,6.0,7.0,6.0,4.714285714285714,8.1,-0.8958392907349089,-0.4443781781046134,7.0
248,9,2025,7.0,4.0,7.0,5.0,4.857142857142857,8.1,-0.9033558023246842,-0.4288919379124841,6.0
249,9,2025,6.0,6.0,6.0,6.0,5.142857142857143,8.066666666666666,-0.9106046300942162,-0.41327860778290443,4.0
250,9,2025,4.0,3.0,10.0,8.0,4.857142857142857,8.0,-0.9175836260593934,-0.3975428142825566,7.0
251,9,2025,7.0,5.0,11.0,8.0,5.428571428571429,7.9,-0.9242907221930934,-0.3816892202666586,10.0
252,9,2025,10.0,6.0,14.0,5.0,6.142857142857143,7.866666666666666,-0.9307239310379793,-0.3657225234972692,12.0
253,9,2025,12.0,3.0,12.0,5.0,7.0,7.8,-0.9368813462954315,-0.34964745525122826,6.0
254,9,2025,6.0,7.0,15.0,10.0,7.428571428571429,7.6,-0.9427611433904206,-0.33346877891818705,8.0
255,9,2025,8.0,6.0,15.0,8.0,7.571428571428571,7.366666666666666,-0.9483615800121716,-0.31719128858910595,8.0
256,9,2025,8.0,4.0,15.0,5.0,7.857142857142857,7.133333333333334,-0.9536809966304455,-0.300819807635668,7.0
257,9,2025,7.0,7.0,9.0,5.0,8.285714285714286,6.866666666666666,-0.9587178169872964,-0.2843591872810036,9.0
258,9,2025,9.0,10.0,8.0,8.0,8.571428571428571,6.866666666666666,-0.9634705485641486,-0.26781430516217486,7.0
259,9,2025,7.0,12.0,7.0,8.0,8.142857142857142,6.833333333333333,-0.9679377830240642,-0.25119006388481957,11.0
260,9,2025,11.0,6.0,7.0,7.0,8.0,6.966666666666667,-0.9721181966290612,-0.23449138957041052,10.0
261,9,2025,10.0,8.0,12.0,5.0,8.571428571428571,7.066666666666666,-0.9760105506323682,-0.21772323039653224,13.0
262,9,2025,13.0,8.0,7.0,8.0,9.285714285714286,7.1,-0.9796136916454901,-0.20089055513063528,15.0
263,9,2025,15.0,7.0,6.0,11.0,10.285714285714286,7.366666666666666,-0.9829265519799822,-0.18399835165767986,18.0
264,9,2025,18.0,9.0,5.0,12.0,11.857142857142858,7.766666666666667,-0.9859481499638303,-0.1670516255021195,17.0
265,9,2025,17.0,7.0,8.0,15.0,13.0,8.166666666666666,-0.9886775902323404,-0.15005539834465262,4.0
266,9,2025,4.0,11.0,8.0,11.0,12.571428571428571,8.033333333333333,-0.9911140639934546,-0.13301470653419636,5.0
267,9,2025,5.0,10.0,7.0,10.0,11.714285714285714,7.933333333333334,-0.9932568492674143,-0.11593459959550066,3.0
268,9,2025,3.0,13.0,7.0,9.0,10.714285714285714,7.8,-0.9951053111006974,-0.09882013873287211,6.0
269,9,2025,6.0,15.0,7.0,12.0,9.714285714285714,7.766666666666667,-0.99665890175417,-0.08167639533042288,3.0
270,9,2025,3.0,18.0,6.0,8.0,8.0,7.633333333333334,-0.9979171608653922,-0.06450844944931625,5.0
271,9,2025,5.0,17.0,4.0,5.0,6.142857142857143,7.6,-0.9988797155850335,-0.04732138832243232,5.0
272,9,2025,5.0,4.0,6.0,5.0,4.428571428571429,7.633333333333334,-0.9995462806873573,-0.03012030484690836,9.0
273,9,2025,9.0,5.0,3.0,6.0,5.142857142857143,7.733333333333333,-0.9999166586547379,-0.012910296075008843,10.0
274,10,2025,10.0,3.0,5.0,9.0,5.857142857142857,7.966666666666667,-0.9999907397361901,0.004303538296243821,9.0
275,10,2025,9.0,6.0,6.0,17.0,6.714285714285714,8.1,-0.9997685019798909,0.021516097436222233,7.0
276,10,2025,7.0,3.0,3.0,6.0,6.857142857142857,8.133333333333333,-0.9992500112396835,0.03872228089217399,10.0
277,10,2025,10.0,5.0,7.0,6.0,7.857142857142857,8.366666666666667,-0.9984354211555643,0.05591699010060302,14.0
278,10,2025,14.0,5.0,6.0,8.0,9.142857142857142,8.6,-0.9973249731081555,0.07309512989807776,4.0
279,10,2025,4.0,9.0,4.0,9.0,9.0,8.533333333333333,-0.9959189961471792,0.0902516100310407,7.0
280,10,2025,7.0,10.0,7.0,10.0,8.714285714285714,8.633333333333333,-0.994217906893952,0.10738134666416306,9.0
281,10,2025,9.0,9.0,10.0,10.0,8.571428571428571,8.7,-0.9922222094179324,0.12447926388678869,20.0
282,10,2025,20.0,7.0,12.0,10.0,10.142857142857142,9.033333333333333,-0.989932495087353,0.141540295217043,30.0
283,10,2025,30.0,10.0,6.0,10.0,13.428571428571429,9.633333333333333,-0.9873494423939864,0.15855938510313475,33.0
284,10,2025,33.0,14.0,8.0,6.0,16.714285714285715,10.533333333333333,-0.9844738167520923,0.17553149042142777,30.0
285,10,2025,30.0,4.0,8.0,10.0,19.0,11.266666666666667,-0.9813064702716093,0.19245158197082995,35.0
286,10,2025,35.0,7.0,7.0,15.0,23.428571428571427,12.166666666666666,-0.9778483415056567,0.20931464596304888,27.0
287,10,2025,27.0,9.0,9.0,15.0,26.285714285714285,12.833333333333334,-0.9741004551724206,0.22611568550828803,26.0
288,10,2025,26.0,20.0,7.0,17.0,28.714285714285715,13.4,-0.970063921851507,0.2428497220959358,24.0
289,10,2025,24.0,30.0,11.0,9.0,29.285714285714285,13.966666666666667,-0.965739937654855,0.25951179706979943,16.0
290,10,2025,16.0,33.0,10.0,5.0,27.285714285714285,14.133333333333333,-0.9611297838723007,0.27609697309746883,12.0
291,10,2025,12.0,30.0,13.0,5.0,24.285714285714285,14.2,-0.9562348265919058,0.2926003356333479,13.0
292,10,2025,13.0,35.0,15.0,5.0,21.857142857142858,14.2,-0.9510565162951536,0.30901699437494723,16.0
293,10,2025,16.0,27.0,18.0,5.0,19.142857142857142,14.233333333333333,-0.9455963874271428,0.3253420847119795,20.0
294,10,2025,20.0,26.0,17.0,10.0,18.142857142857142,14.3,-0.9398560579418953,0.341570769167856,17.0
295,10,2025,17.0,24.0,4.0,13.0,16.857142857142858,14.3,-0.9338372288229252,0.35769823883312546,14.0
296,10,2025,14.0,16.0,5.0,16.0,15.428571428571429,14.633333333333333,-0.9275416835791965,0.3737197147904692,10.0
297,10,2025,10.0,12.0,3.0,8.0,14.571428571428571,14.8,-0.9209712877166347,0.38963044953078774,0.0
298,10,2025,0.0,13.0,6.0,9.0,12.857142857142858,14.7,-0.9141279881853337,0.4054257283599973,6.0
299,10,2025,6.0,16.0,3.0,5.0,11.857142857142858,14.7,-0.9070138128026362,0.42110087079608916,6.0
300,10,2025,6.0,20.0,5.0,5.0,10.428571428571429,14.8,-0.8996308696522434,0.4366512319560638,6.0
301,10,2025,6.0,17.0,5.0,8.0,8.428571428571429,14.833333333333334,-0.8919813464595487,0.45207220393230374,9.0
302,10,2025,9.0,14.0,9.0,13.0,7.285714285714286,14.966666666666667,-0.8840675099433637,0.46735921715800205,15.0
303,10,2025,15.0,10.0,10.0,14.0,7.428571428571429,15.166666666666666,-0.8758917051442433,0.48250774176121763,15.0
304,10,2025,15.0,0.0,9.0,16.0,8.142857142857142,15.333333333333334,-0.8674563547295971,0.4975132889071803,12.0
305,11,2025,12.0,6.0,7.0,19.0,9.857142857142858,15.433333333333334,-0.858763958275803,0.5123714121284235,13.0
306,11,2025,13.0,6.0,10.0,20.0,10.857142857142858,15.633333333333333,-0.8498170915275277,0.5270777086423724,15.0
307,11,2025,15.0,6.0,14.0,24.0,12.142857142857142,15.8,-0.8406184056344783,0.5416278206559811,4.0
308,11,2025,4.0,9.0,4.0,26.0,11.857142857142858,15.466666666666667,-0.8311706263658079,0.5560174366570446,7.0
309,11,2025,7.0,15.0,7.0,25.0,11.571428571428571,15.566666666666666,-0.8214765533024145,0.5702422926917867,5.0
310,11,2025,5.0,15.0,9.0,30.0,10.142857142857142,15.5,-0.8115390590073611,0.5842981736283683,5.0
311,11,2025,5.0,12.0,20.0,31.0,8.714285714285714,15.366666666666667,-0.801361088174677,0.5981809144059158,16.0
312,11,2025,16.0,13.0,30.0,36.0,9.285714285714286,15.233333333333333,-0.7909456567567774,0.6118864012687242,19.0
313,11,2025,19.0,15.0,33.0,46.0,10.142857142857142,14.866666666666667,-0.780295851070776,0.6254105729852457,24.0
314,11,2025,24.0,4.0,30.0,39.0,11.428571428571429,14.566666666666666,-0.7694148268839381,0.6387494220515268,24.0
315,11,2025,24.0,7.0,35.0,33.0,14.285714285714286,14.366666666666667,-0.7583058084785625,0.6518989958787125,10.0
316,11,2025,10.0,5.0,27.0,18.0,14.714285714285714,13.533333333333333,-0.7469720876965551,0.6648553979642866,10.0
317,11,2025,10.0,5.0,26.0,21.0,15.428571428571429,12.966666666666667,-0.7354170229639858,0.6776147890466887,29.0
318,11,2025,29.0,16.0,24.0,36.0,18.857142857142858,13.066666666666666,-0.7236440382959124,0.690173388242972,25.0
319,11,2025,25.0,19.0,16.0,36.0,20.142857142857142,13.1,-0.711656622281775,0.7025274741691566,22.0
320,11,2025,22.0,24.0,12.0,36.0,20.571428571428573,13.3,-0.6994583270516471,0.7146733860429608,13.0
321,11,2025,13.0,24.0,13.0,56.0,19.0,13.333333333333334,-0.6870527672236675,0.7266075247685652,13.0
322,11,2025,13.0,10.0,16.0,56.0,17.428571428571427,13.333333333333334,-0.6744436188329457,0.7383263540031063,13.0
323,11,2025,13.0,10.0,20.0,56.0,17.857142857142858,13.233333333333333,-0.661634618242279,0.749826401204568,10.0
324,11,2025,10.0,29.0,17.0,56.0,17.857142857142858,12.9,-0.6486295610349818,0.7611042586607742,10.0
325,11,2025,10.0,25.0,14.0,8.0,15.142857142857142,12.666666666666666,-0.6354323008901775,0.7721565844991641,10.0
326,11,2025,10.0,22.0,10.0,8.0,13.0,12.533333333333333,-0.622046748440868,0.7829801036770624,10.0
327,11,2025,10.0,13.0,0.0,8.0,11.285714285714286,12.533333333333333,-0.6084768701151264,0.7935716089521472,10.0
328,11,2025,10.0,13.0,6.0,8.0,10.857142857142858,12.866666666666667,-0.594726686960764,0.8039279618328208,10.0
329,11,2025,10.0,13.0,6.0,8.0,10.428571428571429,13.0,-0.5808002734538013,0.8140460935082175,10.0
330,11,2025,10.0,10.0,6.0,8.0,10.0,13.133333333333333,-0.5667017562911184,0.8239230057575536,10.0
331,11,2025,10.0,10.0,9.0,29.0,10.0,13.266666666666667,-0.5524353131676203,0.8335557718385695,11.0
332,11,2025,11.0,10.0,15.0,42.0,10.142857142857142,13.333333333333334,-0.5380051715382992,0.8429415373547832,20.0
333,11,2025,20.0,10.0,15.0,40.0,11.571428571428571,13.5,-0.5234156073655503,0.8520775211013093,31.0
334,11,2025,31.0,10.0,12.0,23.0,14.571428571428571,14.033333333333333,-0.5086709438521042,0.8609610158889945,41.0
335,12,2025,41.0,10.0,13.0,33.0,19.0,15.0,-0.49377555015997737,0.8695893893466109,30.0
336,12,2025,30.0,10.0,15.0,34.0,21.857142857142858,15.566666666666666,-0.4787338401157883,0.8779600847008883,28.0
337,12,2025,28.0,10.0,4.0,43.0,24.428571428571427,16.0,-0.4635502709028512,0.8860706215341378,22.0
338,12,2025,22.0,11.0,7.0,41.0,26.142857142857142,16.6,-0.4482293417404106,0.893918596519257,5.0
339,12,2025,5.0,20.0,5.0,29.0,25.285714285714285,16.533333333333335,-0.4327755925504317,0.9015016841318838,16.0
340,12,2025,16.0,31.0,5.0,43.0,24.714285714285715,16.9,-0.41719360261231697,0.9088176373395028,20.0
341,12,2025,20.0,41.0,16.0,53.0,23.142857142857142,17.4,-0.4014879892059737,0.9158642882672868,32.0
342,12,2025,32.0,30.0,19.0,41.0,21.857142857142858,17.933333333333334,-0.38566340624360745,0.9226395488404875,24.0
343,12,2025,24.0,28.0,24.0,28.0,21.0,18.1,-0.3697245428906732,0.9291414114031743,47.0
344,12,2025,47.0,22.0,24.0,27.0,23.714285714285715,18.866666666666667,-0.3536761221763721,0.935367949313148,35.0
345,12,2025,35.0,5.0,10.0,13.0,25.571428571428573,19.233333333333334,-0.33752289959411347,0.941317317512847,35.0
346,12,2025,35.0,16.0,10.0,34.0,29.857142857142858,20.066666666666666,-0.32126966169236515,0.9469877530760751,29.0
347,12,2025,29.0,20.0,29.0,43.0,31.714285714285715,20.7,-0.3049212246562894,0.9523775757303973,25.0
348,12,2025,25.0,32.0,25.0,43.0,32.42857142857143,20.566666666666666,-0.2884824328806098,0.9574851883550389,31.0
349,12,2025,31.0,24.0,22.0,30.0,32.285714285714285,20.766666666666666,-0.27195815753410524,0.9623090774541487,35.0
350,12,2025,35.0,47.0,13.0,36.0,33.857142857142854,21.2,-0.2553532951161881,0.9668478136052773,14.0
351,12,2025,14.0,35.0,13.0,60.0,29.142857142857142,21.233333333333334,-0.23867276600594997,0.9711000518829505,9.0
352,12,2025,9.0,35.0,13.0,46.0,25.428571428571427,21.1,-0.22192151300416674,0.9750645322571945,21.0
353,12,2025,21.0,29.0,10.0,44.0,23.428571428571427,21.366666666666667,-0.20510449986861926,0.9787400799669153,29.0
354,12,2025,29.0,25.0,10.0,16.0,23.428571428571427,22.0,-0.1882267098432439,0.9821256058680006,24.0
355,12,2025,24.0,31.0,10.0,21.0,23.285714285714285,22.466666666666665,-0.1712931441814778,0.9852201067560606,21.0
356,12,2025,21.0,35.0,10.0,30.0,21.857142857142858,22.833333333333332,-0.154308820664281,0.9880226656636976,12.0
357,12,2025,12.0,14.0,10.0,5.0,18.571428571428573,22.9,-0.13727877211326517,0.9905324521322227,4.0
358,12,2025,4.0,9.0,10.0,11.0,17.142857142857142,22.7,-0.12020804489935275,0.9927487224577402,5.0
359,12,2025,5.0,21.0,10.0,36.0,16.571428571428573,22.533333333333335,-0.10310169744743544,0.9946708199115211,-1.0
360,12,2025,-1.0,29.0,10.0,35.0,13.428571428571429,22.166666666666668,-0.0859647987374467,0.9962981749346077,2.0
361,12,2025,2.0,24.0,11.0,48.0,9.571428571428571,21.9,-0.06880242680232064,0.9976303053065857,9.0
362,12,2025,9.0,21.0,20.0,49.0,7.428571428571429,21.833333333333332,-0.05161966722325418,0.9986668162884759,9.0
363,12,2025,9.0,12.0,31.0,47.0,5.714285714285714,21.466666666666665,-0.034421611622745804,0.9994074007397048,9.0
364,12,2025,9.0,4.0,41.0,54.0,5.285714285714286,20.733333333333334,-0.01721335615583528,0.9998518392091162,34.0
365,12,2025,34.0,5.0,30.0,65.0,9.571428571428571,20.5,6.432490598706546e-16,1.0,30.0
1,1,2026,30.0,-1.0,28.0,134.0,13.142857142857142,20.5,0.017213356155834685,0.9998518392091162,63.0
2,1,2026,63.0,2.0,22.0,52.0,22.285714285714285,21.666666666666668,0.03442161162274574,0.9994074007397048,32.0
3,1,2026,32.0,9.0,5.0,43.0,26.571428571428573,22.0,0.051619667223253764,0.998666816288476,35.0
4,1,2026,35.0,9.0,16.0,44.0,30.285714285714285,23.0,0.06880242680231986,0.9976303053065857,30.0
5,1,2026,30.0,9.0,20.0,43.0,33.285714285714285,23.466666666666665,0.08596479873744647,0.9962981749346078,22.0
6,1,2026,22.0,34.0,32.0,37.0,35.142857142857146,23.533333333333335,0.10310169744743485,0.9946708199115211,36.0
7,1,2026,36.0,30.0,24.0,34.0,35.42857142857143,23.666666666666668,0.1202080448993527,0.9927487224577402,39.0
8,1,2026,39.0,63.0,47.0,34.0,36.714285714285715,24.166666666666668,0.13727877211326478,0.9905324521322229,46.0
9,1,2026,46.0,32.0,35.0,30.0,34.285714285714285,24.133333333333333,0.15430882066428117,0.9880226656636976,46.0
10,1,2026,46.0,35.0,35.0,21.0,36.285714285714285,24.5,0.1712931441814776,0.9852201067560606,6.0
11,1,2026,6.0,30.0,29.0,21.0,32.142857142857146,23.533333333333335,0.1882267098432442,0.9821256058680006,11.0
12,1,2026,11.0,22.0,25.0,33.0,29.428571428571427,22.933333333333334,0.2051044998686192,0.9787400799669153,26.0
13,1,2026,26.0,36.0,31.0,30.0,30.0,22.966666666666665,0.2219215130041655,0.9750645322571948,44.0
14,1,2026,44.0,39.0,35.0,30.0,31.142857142857142,23.4,0.2386727660059501,0.9711000518829505,43.0
15,1,2026,43.0,46.0,14.0,50.0,31.714285714285715,23.666666666666668,0.255353295116187,0.9668478136052775,53.0
16,1,2026,53.0,46.0,9.0,34.0,32.714285714285715,24.966666666666665,0.2719581575341055,0.9623090774541486,57.0
17,1,2026,57.0,6.0,21.0,23.0,34.285714285714285,26.566666666666666,0.288482432880609,0.9574851883550393,17.0
18,1,2026,17.0,11.0,29.0,31.0,35.857142857142854,26.433333333333334,0.30492122465628907,0.9523775757303974,18.0
19,1,2026,18.0,26.0,24.0,15.0,36.857142857142854,26.066666666666666,0.3212696616923644,0.9469877530760753,19.0
20,1,2026,19.0,44.0,21.0,15.0,35.857142857142854,25.9,0.3375228995941133,0.9413173175128471,33.0
21,1,2026,33.0,43.0,12.0,11.0,34.285714285714285,26.3,0.3536761221763716,0.9353679493131483,43.0
22,1,2026,43.0,53.0,4.0,25.0,34.285714285714285,27.333333333333332,0.3697245428906731,0.9291414114031743,54.0
23,1,2026,54.0,57.0,5.0,24.0,34.42857142857143,29.0,0.38566340624360707,0.9226395488404876,54.0
24,1,2026,54.0,17.0,-1.0,32.0,34.0,30.633333333333333,0.401487989205973,0.9158642882672872,34.0
25,1,2026,34.0,18.0,2.0,34.0,36.42857142857143,31.8,0.4171936026123168,0.9088176373395029,10.0
26,1,2026,10.0,19.0,9.0,16.0,35.285714285714285,32.06666666666667,0.4327755925504312,0.901501684131884,23.0
27,1,2026,23.0,33.0,9.0,18.0,35.857142857142854,32.53333333333333,0.4482293417404106,0.893918596519257,31.0
28,1,2026,31.0,43.0,9.0,15.0,35.57142857142857,33.266666666666666,0.4635502709028509,0.886070621534138,8.0
29,1,2026,8.0,54.0,34.0,21.0,30.571428571428573,33.233333333333334,0.47873384011578846,0.8779600847008882,25.0
30,1,2026,25.0,54.0,30.0,23.0,26.428571428571427,32.93333333333333,0.49377555015997715,0.869589389346611,22.0
31,1,2026,22.0,34.0,63.0,29.0,21.857142857142858,32.666666666666664,0.5086709438521044,0.8609610158889943,33.0
32,2,2026,33.0,10.0,32.0,3.0,21.714285714285715,31.666666666666668,0.5234156073655503,0.8520775211013093,34.0
33,2,2026,34.0,23.0,35.0,8.0,25.142857142857142,31.733333333333334,0.5380051715382996,0.8429415373547828,35.0
34,2,2026,35.0,31.0,30.0,17.0,26.857142857142858,31.733333333333334,0.5524353131676196,0.8335557718385699,11.0
35,2,2026,11.0,8.0,22.0,32.0,24.0,31.1,0.5667017562911176,0.8239230057575542,18.0
36,2,2026,18.0,25.0,36.0,29.0,25.428571428571427,30.966666666666665,0.5808002734538009,0.8140460935082178,14.0
37,2,2026,14.0,22.0,39.0,42.0,23.857142857142858,30.233333333333334,0.5947266869607634,0.8039279618328213,7.0
38,2,2026,7.0,33.0,46.0,28.0,21.714285714285715,29.166666666666668,0.6084768701151261,0.7935716089521474,25.0
39,2,2026,25.0,34.0,46.0,24.0,20.571428571428573,28.466666666666665,0.6220467484408675,0.7829801036770629,37.0
40,2,2026,37.0,35.0,6.0,14.0,21.0,28.166666666666668,0.6354323008901774,0.7721565844991642,21.0
41,2,2026,21.0,11.0,11.0,21.0,19.0,28.666666666666668,0.6486295610349814,0.7611042586607747,17.0
42,2,2026,17.0,18.0,26.0,32.0,19.857142857142858,28.866666666666667,0.6616346182422783,0.7498264012045686,22.0
43,2,2026,22.0,14.0,44.0,30.0,20.428571428571427,28.733333333333334,0.6744436188329455,0.7383263540031065,24.0
44,2,2026,24.0,7.0,43.0,33.0,21.857142857142858,28.066666666666666,0.6870527672236669,0.7266075247685656,7.0
45,2,2026,7.0,25.0,53.0,20.0,21.857142857142858,26.866666666666667,0.699458327051647,0.7146733860429609,6.0
46,2,2026,6.0,37.0,57.0,20.0,19.142857142857142,25.3,0.7116566222817746,0.7025274741691571,17.0
47,2,2026,17.0,21.0,17.0,20.0,16.285714285714285,23.966666666666665,0.7236440382959124,0.6901733882429719,15.0
48,2,2026,15.0,17.0,18.0,20.0,15.428571428571429,23.9,0.7354170229639855,0.6776147890466889,2.0
49,2,2026,2.0,22.0,19.0,20.0,13.285714285714286,23.366666666666667,0.7469720876965552,0.6648553979642865,12.0
50,2,2026,12.0,24.0,33.0,20.0,11.857142857142858,23.133333333333333,0.7583058084785624,0.6518989958787126,13.0
51,2,2026,13.0,7.0,43.0,20.0,10.285714285714286,22.466666666666665,0.7694148268839378,0.6387494220515272,15.0
52,2,2026,15.0,6.0,54.0,20.0,11.428571428571429,21.533333333333335,0.7802958510707755,0.6254105729852463,30.0
53,2,2026,30.0,17.0,54.0,20.0,14.857142857142858,20.733333333333334,0.7909456567567772,0.6118864012687243,46.0
54,2,2026,46.0,15.0,34.0,20.0,19.0,20.466666666666665,0.8013610881746766,0.5981809144059165,38.0
55,2,2026,38.0,2.0,10.0,20.0,22.285714285714285,20.6,0.8115390590073611,0.5842981736283684,37.0
56,2,2026,37.0,12.0,23.0,20.0,27.285714285714285,21.5,0.8214765533024142,0.5702422926917871,42.0
57,2,2026,42.0,13.0,31.0,19.0,31.571428571428573,22.133333333333333,0.8311706263658079,0.5560174366570446,39.0
58,2,2026,39.0,15.0,8.0,14.0,35.285714285714285,22.4,0.8406184056344782,0.5416278206559814,29.0
59,2,2026,29.0,30.0,25.0,19.0,37.285714285714285,23.1,0.8498170915275278,0.5270777086423722,31.0
60,3,2026,31.0,46.0,22.0,19.0,37.42857142857143,23.3,0.8587639582758029,0.5123714121284237,45.0
61,3,2026,45.0,38.0,33.0,28.0,37.285714285714285,24.066666666666666,0.8674563547295969,0.49751328890718066,34.0
62,3,2026,34.0,37.0,34.0,28.0,36.714285714285715,24.1,0.8758917051442429,0.48250774176121847,30.0
63,3,2026,30.0,42.0,35.0,25.0,35.714285714285715,23.966666666666665,0.8840675099433636,0.4673592171580022,32.0
64,3,2026,32.0,39.0,11.0,28.0,34.285714285714285,23.866666666666667,0.8919813464595485,0.45207220393230435,50.0
65,3,2026,50.0,29.0,18.0,26.0,35.857142857142854,25.166666666666668,0.8996308696522433,0.43665123195606403,55.0
66,3,2026,55.0,31.0,14.0,30.0,39.57142857142857,26.4,0.9070138128026359,0.4211008707960896,39.0
67,3,2026,39.0,45.0,7.0,32.0,40.714285714285715,27.233333333333334,0.9141279881853337,0.40542572835999735,35.0
68,3,2026,35.0,34.0,25.0,34.0,39.285714285714285,28.166666666666668,0.9209712877166346,0.38963044953078796,36.0
69,3,2026,36.0,30.0,37.0,34.0,39.57142857142857,28.533333333333335,0.9275416835791966,0.37371971479046906,33.0
70,3,2026,33.0,32.0,21.0,10.0,40.0,28.4,0.9338372288229252,0.35769823883312546,20.0
71,3,2026,20.0,50.0,17.0,7.0,38.285714285714285,28.366666666666667,0.9398560579418954,0.3415707691678556,33.0
72,3,2026,33.0,55.0,22.0,11.0,35.857142857142854,28.9,0.9455963874271426,0.3253420847119801,26.0
73,3,2026,26.0,39.0,24.0,6.0,31.714285714285715,29.033333333333335,0.9510565162951535,0.30901699437494745,12.0
74,3,2026,12.0,35.0,7.0,3.0,27.857142857142858,28.633333333333333,0.9562348265919056,0.29260033563334836,3.0
75,3,2026,3.0,36.0,6.0,4.0,23.285714285714285,28.5,0.9611297838723007,0.27609697309746883,11.0
76,3,2026,11.0,33.0,17.0,10.0,19.714285714285715,28.666666666666668,0.9657399376548549,0.2595117970697999,16.0
77,3,2026,16.0,20.0,15.0,9.0,17.285714285714285,28.633333333333333,0.9700639218515071,0.2428497220959356,8.0
78,3,2026,8.0,33.0,2.0,15.0,15.571428571428571,28.4,0.9741004551724205,0.22611568550828828,14.0
79,3,2026,14.0,26.0,12.0,21.0,12.857142857142858,28.8,0.9778483415056568,0.20931464596304847,18.0
80,3,2026,18.0,12.0,13.0,17.0,11.714285714285714,29.0,0.9813064702716093,0.19245158197082998,24.0
81,3,2026,24.0,3.0,15.0,5.0,13.428571428571429,29.366666666666667,0.9844738167520922,0.1755314904214282,16.0
82,3,2026,16.0,11.0,30.0,5.0,15.285714285714286,29.4,0.9873494423939864,0.15855938510313475,18.0
